sample,taper0,taper1,taper2
0,0.00037150087394830482,0.0022925885949837931,0.0086302378164135642
1,0.00037402524542521449,0.0023029503451388461,0.0086520394903851303
2,0.00037655751905146323,0.0023133303156750444,0.0086738457441071365
3,0.00037909770554720557,0.0023237284995762234,0.0086956564987346174
4,0.00038164581562460649,0.0023341448897476933,0.0087174716753462798
5,0.00038420185998773736,0.0023445794790158442,0.0087392911949435211
6,0.00038676584933254295,0.0023550322601281937,0.0087611149784510636
7,0.00038933779434681772,0.0023655032257534933,0.0087829429467178258
8,0.00039191770571013262,0.002375992368481523,0.0088047750205166326
9,0.00039450559409379089,0.0023864996808230735,0.0088266111205446123
10,0.0003971014701607973,0.002397025155210009,0.0088484511674239031
11,0.00039970534456579358,0.002407568783995115,0.0088702950817015555
12,0.00040231722795501241,0.0024181305594520733,0.0088921427838499056
13,0.00040493713096624297,0.0024287104737754956,0.0089139941942671681
14,0.00040756506422876952,0.0024393085190808055,0.0089358492332774625
15,0.00041020103836333574,0.0024499246874042663,0.0089577078211313752
16,0.00041284506398207637,0.0024605589707028135,0.008979569878005831
17,0.00041549715168849041,0.0024712113608541474,0.0090014353240048667
18,0.00041815731207739214,0.0024818818496566831,0.0090233040791599141
19,0.00042082555573484638,0.0024925704288294047,0.0090451760634297461
20,0.00042350189323814579,0.0025032770900119809,0.0090670511967013475
21,0.00042618633515573899,0.0025140018247645818,0.0090889293987896965
22,0.00042887889204719842,0.0025247446245679327,0.0091108105894384377
23,0.00043157957446316564,0.0025355054808232345,0.0091326946883200262
24,0.00043428839294530359,0.0025462843848521252,0.0091545816150360743
25,0.00043700535802625564,0.0025570813278966873,0.0091764712891178012
26,0.00043973048022959138,0.0025678963011193661,0.0091983636300262198
27,0.00044246377006976483,0.0025787292956029719,0.0092202585571525848
28,0.00044520523805205474,0.0025895803023505762,0.0092421559898184687
29,0.00044795489467252885,0.0026004493122855424,0.0092640558472763378
30,0.00045071275041799633,0.002611336316251493,0.0092859580487098681
31,0.00045347881576595386,0.0026222413050122364,0.009307862513234148
32,0.00045625310118453763,0.0026331642692517367,0.0093297691598960078
33,0.00045903561713247668,0.0026441051995740789,0.0093516779076743516
34,0.00046182637405904961,0.0026550640865034649,0.0093735886754805903
35,0.00046462538240403181,0.0026660409204841504,0.0093955013821588537
36,0.00046743265259765245,0.0026770356918804383,0.0094174159464864311
37,0.00047024819506053748,0.0026880483909765911,0.0094393322871738905
38,0.00047307202020367565,0.0026990790079768822,0.0094612503228657108
39,0.00047590413842835654,0.0027101275330054784,0.0094831699721403019
40,0.00047874456012613256,0.0027211939561064646,0.0095050911535105431
41,0.00048159329567876586,0.0027322782672437838,0.0095270137854240114
42,0.00048445035545818121,0.002743380456301207,0.009548937786263317
43,0.00048731574982642224,0.0027545005130823279,0.009570863074346514
44,0.00049018948913559892,0.0027656384273105033,0.0095927895679273484
45,0.00049307158372784458,0.0027767941886288504,0.0096147171851956731
46,0.00049596204393526327,0.0027879677866001935,0.0096366458442776956
47,0.00049886088007988208,0.0027991592107070281,0.0096585754632363078
48,0.00050176810247360337,0.0028103684503514993,0.0096805059600714328
49,0.00050468372141816123,0.0028215954948553907,0.0097024372527204205
50,0.00050760774720507254,0.0028328403334600956,0.009724369259058379
51,0.00051054019011558232,0.0028441029553265456,0.0097463018968983774
52,0.00051348106042062324,0.0028553833495352245,0.0097682350839919073
53,0.00051643036838076384,0.0028666815050861225,0.0097901687380291588
54,0.00051938812424616411,0.0028779974108987232,0.0098121027766394173
55,0.00052235433825652082,0.0028893310558119403,0.0098340371173912706
56,0.00052532902064102984,0.0029006824285841525,0.0098559716777931409
57,0.00052831218161832809,0.0029120515178931118,0.0098779063752934271
58,0.00053130383139645191,0.0029234383123359583,0.0098998411272809683
59,0.00053430398017278666,0.00293484280042918,0.009921775851085321
60,0.0005373126381340215,0.0029462649706085979,0.009943710463977155
61,0.00054032981545609803,0.0029577048112293274,0.0099656448831685323
62,0.00054335552230416295,0.0029691623105657524,0.0099875790258132473
63,0.00054638976883252248,0.0029806374568115174,0.010009512809007227
64,0.00054943256518458889,0.0029921302380794667,0.010031446149788747
65,0.00055248392149284155,0.0030036406424016793,0.010053378965138953
66,0.00055554384787876994,0.0030151686577293848,0.010075311171982029
67,0.00055861235445283167,0.0030267142719329803,0.010097242687185648
68,0.00056168945131440109,0.0030382774728019888,0.010119173427561258
69,0.00056477514855172561,0.0030498582480450501,0.01014110330986448
70,0.00056786945624187298,0.0030614565852898875,0.010163032250795394
71,0.00057097238445068482,0.0030730724720832818,0.01018496016699889
72,0.00057408394323273061,0.0030847058958910671,0.010206886975065048
73,0.0005772041426312575,0.0030963568440980928,0.010228812591529449
74,0.0005803329926781424,0.0031080253040082035,0.010250736932873501
75,0.00058347050339384548,0.0031197112628442332,0.010272659915524845
76,0.00058661668478736167,0.0031314147077479691,0.010294581455857647
77,0.00058977154685617081,0.0031431356257801317,0.010316501470192944
78,0.00059293509958619059,0.0031548740039203586,0.010338419874798986
79,0.00059610735295173123,0.0031666298290671945,0.010360336585891637
80,0.00059928831691544724,0.0031784030880380762,0.010382251519634721
81,0.00060247800142828418,0.0031901937675692833,0.010404164592140266
82,0.00060567641642943649,0.0032020018543159469,0.010426075719468953
83,0.00060888357184629878,0.0032138273348520353,0.010447984817630464
84,0.00061209947759441276,0.003225670195670305,0.010469891802583729
85,0.00061532414357742544,0.0032375304231823119,0.010491796590237374
86,0.00061855757968703995,0.0032494080037183968,0.010513699096450075
87,0.00062179979580296283,0.0032613029235276378,0.010535599237030799
88,0.00062505080179286164,0.0032732151687778614,0.01055749692773926
89,0.00062831060751231398,0.0032851447255556163,0.010579392084286222
90,0.00063157922280476211,0.0032970915798661684,0.010601284622333887
91,0.00063485665750146294,0.0033090557176334722,0.010623174457496208
92,0.00063814292142143976,0.0033210371247001571,0.010645061505339238
93,0.00064143802437143644,0.0033330357868275248,0.010666945681381528
94,0.00064474197614586748,0.0033450516896955233,0.010688826901094428
95,0.00064805478652677287,0.0033570848189027418,0.010710705079902495
96,0.00065137646528376373,0.003369135159966377,0.010732580133183744
97,0.00065470702217398176,0.0033812026983222406,0.010754451976270101
98,0.00065804646694204896,0.003393287419324749,0.010776320524447753
99,0.00066139480932001589,0.0034053893082468863,0.010798185692957415
100,0.00066475205902731885,0.0034175083502802129,0.010820047396994766
101,0.00066811822577073142,0.0034296445305348577,0.010841905551710811
102,0.0006714933192443122,0.0034417978340394806,0.010863760072212146
103,0.000674877349129361,0.0034539682457412836,0.010885610873561406
104,0.00067827032509437202,0.0034661557505060031,0.010907457870777607
105,0.00068167225679498255,0.0034783603331178855,0.01092930097883647
106,0.00068508315387392593,0.0034905819782796756,0.010951140112670779
107,0.00068850302596098285,0.0035028206706126091,0.010972975187170737
108,0.00069193188267293627,0.0035150763946564158,0.010994806117184352
109,0.00069536973361352132,0.0035273491348692932,0.011016632817517779
110,0.00069881658837337725,0.003539638875627903,0.011038455202935657
111,0.00070227245653000183,0.0035519456012273716,0.011060273188161513
112,0.00070573734764770165,0.0035642692958812719,0.011082086687878086
113,0.00070921127127754357,0.0035766099437216131,0.01110389561672768
114,0.00071269423695731005,0.0035889675287988482,0.011125699889312569
115,0.00071618625421144785,0.0036013420350818511,0.011147499420195314
116,0.00071968733255102382,0.0036137334464579236,0.011169294123899156
117,0.00072319748147367145,0.003626141746732767,0.011191083914908318
118,0.00072671671046354853,0.0036385669196304956,0.011212868707668418
119,0.00073024502899128845,0.0036510089487936342,0.011234648416586853
120,0.00073378244651395059,0.0036634678177830974,0.011256422956033107
121,0.00073732897247497304,0.0036759435100781898,0.011278192240339118
122,0.00074088461630412343,0.0036884360090765965,0.011299956183799646
123,0.00074444938741745565,0.0037009452980943914,0.011321714700672669
124,0.00074802329521725733,0.0037134713603660225,0.011343467705179704
125,0.00075160634909200578,0.0037260141790443199,0.011365215111506212
126,0.00075519855841631623,0.0037385737372004671,0.011386956833801894
127,0.00075879993255089685,0.0037511500178240222,0.011408692786181117
128,0.00076241048084250279,0.0037637430038229172,0.011430422882723282
129,0.00076603021262388541,0.003776352678023441,0.011452147037473159
130,0.00076965913721374428,0.0037889790231702388,0.011473865164441243
131,0.00077329726391668066,0.0038016220219263108,0.011495577177604127
132,0.00077694460202315031,0.00381428165687302,0.0115172829909049
133,0.0007806011608094155,0.0038269579105100842,0.011538982518253475
134,0.00078426694953749815,0.0038396507652555816,0.011560675673526992
135,0.00078794197745513095,0.0038523602034459432,0.011582362370570158
136,0.00079162625379570908,0.0038650862073359511,0.0116040425231956
137,0.00079531978777824255,0.0038778287590987381,0.011625716045184246
138,0.00079902258860731115,0.0038905878408258014,0.01164738285028572
139,0.00080273466547301474,0.0039033634345269894,0.011669042852218668
140,0.00080645602755092768,0.0039161555221305204,0.011690695964671179
141,0.00081018668400204919,0.0039289640854829663,0.011712342101301102
142,0.00081392664397275487,0.0039417891063492586,0.011733981175736428
143,0.00081767591659475097,0.0039546305664126917,0.01175561310157565
144,0.00082143451098502774,0.0039674884472749314,0.011777237792388175
145,0.00082520243624580947,0.0039803627304560146,0.011798855161714649
146,0.00082897970146451048,0.0039932533973943583,0.011820465123067371
147,0.00083276631571368434,0.004006160429446755,0.011842067589930625
148,0.00083656228805097674,0.0040190838078883739,0.011863662475761051
149,0.00084036762751908017,0.0040320235139127787,0.01188524969398805
150,0.0008441823431456824,0.0040449795286319149,0.011906829158014099
151,0.00084800644394342521,0.0040579518330761382,0.011928400781215195
152,0.00085183993890985011,0.0040709404081941958,0.011949964476941159
153,0.00085568283702735647,0.0040839452348532491,0.011971520158516056
154,0.00085953514726315103,0.004096966293838873,0.011993067739238538
155,0.00086339687856920252,0.0041100035658550678,0.012014607132382251
156,0.00086726803988219317,0.0041230570315242627,0.012036138251196173
157,0.00087114864012347016,0.0041361266713873185,0.012057661008904997
158,0.00087503868819900079,0.004149212465903546,0.012079175318709527
159,0.00087893819299932193,0.0041623143954506942,0.012100681093786989
160,0.00088284716339949768,0.0041754324403249906,0.012122178247291504
161,0.00088676560825906635,0.0041885665807411153,0.012143666692354367
162,0.00089069353642199723,0.0042017167968322377,0.012165146342084482
163,0.00089463095671664242,0.0042148830686500076,0.012186617109568707
164,0.00089857787795568917,0.0042280653761645817,0.012208078907872264
165,0.00090253430893611332,0.0042412636992646188,0.012229531650039083
166,0.00090650025843913042,0.0042544780177572955,0.012250975249092173
167,0.00091047573523015085,0.0042677083113683203,0.012272409618034033
168,0.00091446074805873125,0.004280954559741942,0.012293834669846996
169,0.0009184553056585268,0.0042942167424409551,0.012315250317493608
170,0.00092245941674724667,0.0043074948389467266,0.012336656473917032
171,0.00092647309002660361,0.004320788828659195,0.012358053052041405
172,0.00093049633418226883,0.0043340986908968829,0.012379439964772197
173,0.00093452915788382474,0.0043474244048969258,0.012400817124996634
174,0.00093857156978471824,0.0043607659498150634,0.012422184445584046
175,0.00094262357852221176,0.0043741233047256706,0.012443541839386242
176,0.00094668519271733727,0.004387496448621752,0.012464889219237879
177,0.00095075642097485044,0.0044008853604149819,0.012486226497956889
178,0.00095483727188318485,0.004414290018935711,0.012507553588344841
179,0.00095892775401440066,0.0044277104029329644,0.012528870403187274
180,0.00096302787592414103,0.0044411464910744762,0.012550176855254129
181,0.00096713764615158544,0.0044545982619467045,0.01257147285730013
182,0.00097125707321939951,0.0044680656940548295,0.012592758322065106
183,0.00097538616563369129,0.004481548765822789,0.012614033162274428
184,0.00097952493188396481,0.0044950474555932943,0.012635297290639393
185,0.0009836733804430692,0.0045085617416278289,0.012656550619857546
186,0.00098783151976715553,0.0045220916021066863,0.012677793062613118
187,0.00099199935829563136,0.0045356370151289861,0.012699024531577402
188,0.00099617690445110785,0.004549197958712674,0.012720244939409084
189,0.0010003641666393591,0.0045627744107945619,0.012741454198754687
190,0.0010045611532492735,0.0045763663492303392,0.012762652222248937
191,0.0010087678726528051,0.0045899737517945856,0.012783838922515108
192,0.0010129843332049289,0.0046035965961807963,0.012805014212165441
193,0.0010172105432435957,0.0046172348600014099,0.01282617800380154
194,0.0010214465110896828,0.0046308885207878214,0.012847330210014721
195,0.0010256922450469479,0.0046445575559903966,0.012868470743386406
196,0.0010299477534019819,0.0046582419429784961,0.012889599516488486
197,0.0010342130444241644,0.0046719416590405077,0.012910716441883751
198,0.0010384881263656156,0.0046856566813838563,0.012931821432126239
199,0.0010427730074611496,0.0046993869871350281,0.012952914399761623
200,0.0010470676959282294,0.0047131325533396008,0.012973995257327607
201,0.0010513721999669198,0.0047268933569622569,0.012995063917354317
202,0.0010556865277598396,0.0047406693748868103,0.013016120292364649
203,0.0010600106874721173,0.0047544605839162377,0.013037164294874698
204,0.0010643446872513444,0.004768266960772689,0.013058195837394126
205,0.0010686885352275287,0.0047820884820975271,0.013079214832426548
206,0.0010730422395130452,0.0047959251244513324,0.013100221192469889
207,0.0010774058082025934,0.0048097768643139424,0.013121214830016811
208,0.0010817792493731514,0.0048236436780844834,0.013142195657555098
209,0.0010861625710839283,0.0048375255420813803,0.013163163587568017
210,0.001090555781376315,0.004851422432542391,0.013184118532534709
211,0.001094958888273843,0.0048653343256246226,0.013205060404930575
212,0.0010993718997821349,0.0048792611974045764,0.013225989117227679
213,0.0011037948238888601,0.004893203023878163,0.013246904581895124
214,0.0011082276685636867,0.0049071597809607279,0.013267806711399427
215,0.0011126704417582386,0.0049211314444870891,0.013288695418204927
216,0.0011171231514060464,0.0049351179902115587,0.013309570614774169
217,0.0011215858054225032,0.0049491193938079785,0.013330432213568296
218,0.0011260584117048166,0.0049631356308697319,0.013351280127047397
219,0.0011305409781319656,0.0049771666769097981,0.013372114267670961
220,0.0011350335125646521,0.0049912125073607603,0.01339293454789821
221,0.0011395360228452561,0.0050052730975748468,0.013413740880188511
222,0.001144048516797789,0.0050193484228239537,0.013434533177001757
223,0.0011485710022278483,0.0050334384582996824,0.013455311350798749
224,0.0011531034869225723,0.0050475431791133733,0.013476075314041613
225,0.0011576459786505936,0.0050616625602961287,0.013496824979194163
226,0.0011621984851619945,0.0050757965767988548,0.013517560258722311
227,0.0011667610141882598,0.0050899452034922858,0.013538281065094434
228,0.0011713335734422313,0.0051041084151670158,0.013558987310781777
229,0.0011759161706180604,0.0051182861865335296,0.013579678908258811
230,0.0011805088133911672,0.0051324784922222484,0.013600355770003686
231,0.0011851115094181897,0.0051466853067835541,0.013621017808498561
232,0.0011897242663369435,0.00516090660468783,0.013641664936230048
233,0.0011943470917663713,0.0051751423603254871,0.013662297065689553
234,0.0011989799933065,0.0051893925480069976,0.013682914109373686
235,0.0012036229785383924,0.005203657141962934,0.013703515979784649
236,0.0012082760550241058,0.0052179361163440094,0.013724102589430629
237,0.0012129392303066441,0.0052322294452211062,0.013744673850826198
238,0.0012176125119099143,0.0052465371025853212,0.013765229676492701
239,0.0012222959073386786,0.0052608590623479928,0.013785769978958636
240,0.0012269894240785097,0.0052751952983407348,0.013806294670760047
241,0.0012316930695957474,0.0052895457843154898,0.01382680366444093
242,0.0012364068513374491,0.0053039104939445426,0.013847296872553589
243,0.0012411307767313507,0.005318289400820588,0.013867774207659082
244,0.0012458648531858149,0.0053326824784567404,0.013888235582327562
245,0.0012506090880897913,0.0053470897002865937,0.013908680909138707
246,0.0012553634888127676,0.0053615110396642435,0.013929110100682084
247,0.0012601280627047285,0.0053759464698643475,0.01394952306955757
248,0.0012649028170961054,0.0053903959640821432,0.013969919728375715
249,0.0012696877592977354,0.0054048594954334995,0.013990299989758146
250,0.0012744828966008153,0.005419337036954958,0.014010663766337974
251,0.0012792882362768548,0.0054338285616037704,0.014031010970760167
252,0.001284103785577634,0.0054483340422579367,0.014051341515681942
253,0.0012889295517351557,0.005462853451716247,0.01407165531377315
254,0.001293765541961604,0.0054773867626983297,0.014091952277716712
255,0.0012986117634492991,0.0054919339478447004,0.014112232320208992
256,0.0013034682233706485,0.0055064949797167797,0.014132495353960162
257,0.0013083349288781063,0.0055210698307969607,0.01415274129169462
258,0.0013132118871041262,0.0055356584734886369,0.01417297004615138
259,0.0013180991051611191,0.0055502608801162598,0.014193181530084479
260,0.0013229965901414063,0.005564877022925371,0.014213375656263351
261,0.0013279043491171752,0.0055795068740826471,0.01423355233747322
262,0.0013328223891404365,0.0055941504056759538,0.014253711486515518
263,0.0013377507172429774,0.0056088075897143845,0.014273853016208255
264,0.0013426893404363176,0.0056234783981282998,0.014293976839386409
265,0.0013476382657116655,0.0056381628027693904,0.014314082868902353
266,0.0013525975000398748,0.0056528607754107044,0.014334171017626223
267,0.0013575670503713957,0.0056675722877467015,0.014354241198446303
268,0.0013625469236362344,0.005682297311393302,0.014374293324269432
269,0.0013675371267439095,0.0056970358178879341,0.014394327308021421
270,0.001372537666583407,0.0057117877786895862,0.014414343062647432
271,0.001377548550023132,0.005726553165178839,0.014434340501112352
272,0.0013825697839108704,0.0057413319486579288,0.014454319536401212
273,0.0013876013750737427,0.0057561241003507967,0.014474280081519592
274,0.0013926433303181568,0.0057709295914031219,0.014494222049493969
275,0.0013976956564297673,0.0057857483928823858,0.014514145353372159
276,0.0014027583601734326,0.0058005804757779236,0.014534049906223702
277,0.001407831448293165,0.0058154258110009573,0.014553935621140237
278,0.0014129149275120935,0.0058302843693846598,0.014573802411235914
279,0.0014180088045324165,0.0058451561216842128,0.014593650189647802
280,0.0014231130860353572,0.005860041038576836,0.014613478869536244
281,0.0014282277786811205,0.0058749390906618531,0.014633288364085291
282,0.0014333528891088527,0.0058898502484607505,0.014653078586503103
283,0.0014384884239365908,0.0059047744824172119,0.01467284945002229
284,0.0014436343897612247,0.0059197117628971797,0.014692600867900363
285,0.001448790793158452,0.0059346620601889175,0.014712332753420121
286,0.0014539576406827339,0.0059496253445030494,0.014732045019890035
287,0.0014591349388672502,0.0059646015859726167,0.014751737580644636
288,0.001464322694223856,0.005979590754653129,0.014771410349044917
289,0.0014695209132430417,0.0059945928205226325,0.014791063238478737
290,0.0014747296023938856,0.0060096077534817502,0.01481069616236122
291,0.0014799487681240108,0.0060246355233537392,0.014830309034135129
292,0.0014851784168595453,0.0060396760998845571,0.014849901767271292
293,0.0014904185550050745,0.0060547294527429065,0.01486947427526898
294,0.0014956691889436002,0.0060697955515202932,0.014889026471656292
295,0.0015009303250364976,0.0060848743657310857,0.014908558269990593
296,0.00150620196962347,0.0060999658648125746,0.014928069583858863
297,0.0015114841290225067,0.0061150700181250191,0.014947560326878119
298,0.0015167768095298423,0.0061301867949517209,0.014967030412695811
299,0.0015220800174199091,0.0061453161644990676,0.014986479754990213
300,0.0015273937589452991,0.0061604580958966038,0.015005908267470829
301,0.0015327180403367148,0.0061756125581970706,0.015025315863878759
302,0.0015380528678029339,0.0061907795203764915,0.015044702457987148
303,0.0015433982475307581,0.006205958951334206,0.015064067963601531
304,0.001548754185684977,0.0062211508198929486,0.015083412294560256
305,0.0015541206884083221,0.0062363550947988943,0.01510273536473487
306,0.0015594977618214232,0.0062515717447217262,0.015122037088030529
307,0.0015648854120227686,0.0062668007382546964,0.015141317378386381
308,0.0015702836450886602,0.006282042043914692,0.01516057614977597
309,0.0015756924670731732,0.0062972956301422921,0.015179813316207647
310,0.0015811118840081087,0.00631256146530182,0.01519902879172492
311,0.0015865419019029565,0.0063278395176814177,0.015218222490406897
312,0.0015919825267448511,0.0063431297554931154,0.01523739432636868
313,0.0015974337644985277,0.0063584321468728782,0.015256544213761747
314,0.0016028956211062817,0.0063737466598806731,0.015275672066774335
315,0.0016083681024879224,0.0063890732625005364,0.01529477779963186
316,0.0016138512145407364,0.0064044119226406414,0.01531386132659731
317,0.0016193449631394419,0.0064197626081333543,0.015332922561971631
318,0.0016248493541361486,0.006435125286735309,0.015351961420094149
319,0.0016303643933603129,0.0064504999261274657,0.015370977815342942
320,0.0016358900866186971,0.0064658864939151715,0.015389971662135233
321,0.001641426439695326,0.0064812849576282349,0.015408942874927792
322,0.0016469734583514477,0.0064966952847209875,0.01542789136821736
323,0.00165253114832549,0.0065121174425723542,0.015446817056541004
324,0.001658099515333019,0.00652755139848592,0.015465719854476557
325,0.0016636785650666972,0.0065429971196899967,0.015484599676642976
326,0.0016692683031962398,0.0065584545733376846,0.015503456437700756
327,0.0016748687353683742,0.0065739237265069438,0.015522290052352313
328,0.0016804798672068002,0.0065894045462006699,0.015541100435342405
329,0.0016861017043121455,0.0066048969993467493,0.015559887501458512
330,0.0016917342522619267,0.0066204010527981466,0.015578651165531251
331,0.0016973775166105062,0.0066359166733329592,0.015597391342434748
332,0.0017030315028890494,0.0066514438276544892,0.015616107947087036
333,0.0017086962166054849,0.0066669824823913076,0.015634800894450459
334,0.0017143716632444629,0.0066825326040973474,0.01565347009953208
335,0.0017200578482673159,0.0066980941592519536,0.015672115477384081
336,0.0017257547771120122,0.0067136671142599639,0.015690736943104116
337,0.0017314624551931204,0.0067292514354517661,0.015709334411835758
338,0.001737180887901763,0.0067448470890833934,0.015727907798768856
339,0.00174291008060558,0.0067604540413365765,0.015746457019139973
340,0.0017486500386486848,0.0067760722583188326,0.015764981988232746
341,0.0017544007673516234,0.0067917017060635191,0.015783482621378291
342,0.001760162272011333,0.0068073423505299159,0.01580195883395559
343,0.0017659345579011038,0.0068229941576033095,0.015820410541391928
344,0.0017717176302705373,0.0068386570930950583,0.015838837659163253
345,0.0017775114943455012,0.0068543311227426624,0.015857240102794573
346,0.0017833161553280942,0.0068700162122098405,0.015875617787860362
347,0.0017891316183966019,0.0068857123270866134,0.01589397062998495
348,0.0017949578887054584,0.00690141943288937,0.015912298544842936
349,0.0018007949713852037,0.00691713749506095,0.015930601448159554
350,0.0018066428715424437,0.0069328664789707088,0.01594887925571109
351,0.0018125015942598108,0.0069486063499146142,0.015967131883325276
352,0.0018183711445959221,0.0069643570731153012,0.015985359246881683
353,0.0018242515275853385,0.0069801186137221577,0.016003561262312099
354,0.0018301427482385272,0.00699589093681141,0.016021737845600952
355,0.0018360448115418155,0.0070116740073861818,0.016039888912785683
356,0.00184195772245736,0.0070274677903765983,0.016058014379957165
357,0.0018478814859230958,0.0070432722506398393,0.016076114163260078
358,0.0018538161068527047,0.0070590873529602378,0.016094188178893302
359,0.0018597615901355729,0.0070749130620493521,0.016112236343110358
360,0.0018657179406367469,0.0070907493425460388,0.016130258572219721
361,0.001871685163196899,0.007106596159016541,0.016148254782585286
362,0.0018776632626322858,0.0071224534759545708,0.016166224890626742
363,0.0018836522437347051,0.00713832125778138,0.016184168812819946
364,0.0018896521112714598,0.0071541994688458484,0.016202086465697332
365,0.0018956628699853166,0.0071700880734245579,0.016219977765848305
366,0.0019016845245944682,0.007185987035721892,0.01623784262991966
367,0.001907717079792492,0.0072018963198700976,0.016255680974615931
368,0.0019137605402483092,0.0072178158899293765,0.016273492716699815
369,0.0019198149106061492,0.0072337457098879737,0.016291277772992559
370,0.0019258801954855061,0.0072496857436622451,0.016309036060374361
371,0.0019319563994811008,0.0072656359550967555,0.016326767495784746
372,0.0019380435271628452,0.0072815963079643576,0.016344471996222975
373,0.0019441415830757961,0.0072975667659662749,0.016362149478748433
374,0.0019502505717401209,0.0073135472927321832,0.01637979986048102
375,0.0019563704976510578,0.0073295378518203076,0.016397423058601562
376,0.0019625013652788746,0.0073455384067174943,0.016415018990352182
377,0.0019686431790688344,0.0073615489208393075,0.016432587573036714
378,0.0019747959434411495,0.0073775693575300989,0.01645012872402106
379,0.0019809596627909476,0.007393599680063109,0.016467642360733621
380,0.0019871343414882346,0.0074096398516405567,0.016485128400665679
381,0.0019933199838778476,0.0074256898353937031,0.016502586761371788
382,0.0019995165942794241,0.0074417495943829657,0.016520017360470148
383,0.0020057241769873627,0.0074578190915979975,0.016537420115643041
384,0.0020119427362707827,0.0074738982899577693,0.016554794944637189
385,0.0020181722763734822,0.0074899871523106615,0.016572141765264156
386,0.0020244128015139032,0.0075060856414345461,0.016589460495400721
387,0.0020306643158850956,0.0075221937200368877,0.01660675105298931
388,0.0020369268236546728,0.0075383113507548278,0.016624013356038359
389,0.0020432003289647771,0.0075544384961552706,0.016641247322622701
390,0.0020494848359320439,0.0075705751187349797,0.016658452870883987
391,0.0020557803486475567,0.0075867211809206667,0.01667562991903105
392,0.0020620868711768154,0.0076028766450690743,0.0166927783853403
393,0.0020684044075596954,0.0076190414734670815,0.016709898188156141
394,0.0020747329618104092,0.0076352156283317815,0.016726989245891326
395,0.0020810725379174708,0.0076513990718105902,0.016744051477027379
396,0.0020874231398436537,0.0076675917659813136,0.016761084800114952
397,0.0020937847715259612,0.0076837936728522691,0.016778089133774262
398,0.0021001574368755757,0.0077000047543623537,0.016795064396695425
399,0.0021065411397778342,0.0077162249723811494,0.016812010507638895
400,0.0021129358840921821,0.0077324542887090139,0.016828927385435823
401,0.0021193416736521387,0.0077486926650771736,0.016845814948988454
402,0.0021257585122652603,0.0077649400631478217,0.016862673117270539
403,0.0021321864037131006,0.0077811964445142117,0.016879501809327686
404,0.0021386253517511784,0.0077974617707007535,0.016896300944277801
405,0.0021450753601089329,0.0078137360031630965,0.01691307044131141
406,0.0021515364324896924,0.0078300191032882483,0.016929810219692119
407,0.0021580085725706336,0.0078463110323946459,0.016946520198756934
408,0.002164491784002747,0.0078626117517322652,0.016963200297916713
409,0.002170986070410798,0.0078789212224827238,0.016979850436656514
410,0.0021774914353932897,0.007895239405759355,0.016996470534535985
411,0.002184007882522431,0.0079115662626073335,0.017013060511189778
412,0.0021905354153440911,0.0079279017540037529,0.017029620286327918
413,0.0021970740373777713,0.0079442458408577367,0.017046149779736203
414,0.0022036237521165631,0.0079605984840105254,0.017062648911276582
415,0.0022101845630271124,0.007976959644235582,0.017079117600887529
416,0.0022167564735495822,0.0079933292822386807,0.017095555768584448
417,0.0022233394870976204,0.0080097073586580247,0.017111963334460061
418,0.002229933607058318,0.0080260938340643295,0.017128340218684791
419,0.0022365388367921765,0.0080424886689609374,0.017144686341507166
420,0.0022431551796330712,0.0080588918237839043,0.017161001623254173
421,0.0022497826388882115,0.008075303258902107,0.017177285984331658
422,0.0022564212178381071,0.0080917229346173323,0.017193539345224704
423,0.0022630709197365337,0.008108150811164401,0.017209761626498048
424,0.0022697317478104968,0.0081245868487112606,0.017225952748796451
425,0.0022764037052601899,0.0081410310073590751,0.017242112632845055
426,0.0022830867952589656,0.0081574832471423397,0.017258241199449798
427,0.0022897810209532971,0.0081739435280289759,0.017274338369497801
428,0.0022964863854627437,0.0081904118099204483,0.017290404063957744
429,0.0023032028918799114,0.0082068880526518576,0.01730643820388025
430,0.0023099305432704217,0.0082233722159920346,0.017322440710398259
431,0.0023166693426728722,0.008239864259643662,0.017338411504727438
432,0.0023234192930988037,0.0082563641432433672,0.017354350508166538
433,0.002330180397532665,0.0082728718263618359,0.017370257642097802
434,0.0023369526589317778,0.0082893872685039175,0.01738613282798734
435,0.0023437360802262995,0.0083059104291087187,0.017401975987385507
436,0.0023505306643191873,0.0083224412675497201,0.017417787041927289
437,0.0023573364140861688,0.0083389797431348781,0.017433565913332689
438,0.0023641533323756994,0.0083555258151067329,0.017449312523407097
439,0.0023709814220089303,0.0083720794426425087,0.017465026794041699
440,0.0023778206857796766,0.0083886405848542251,0.017480708647213808
441,0.0023846711264543766,0.0084052092007888077,0.017496358004987316
442,0.0023915327467720652,0.0084217852494282031,0.017511974789513027
443,0.0023984055494443309,0.0084383686896894652,0.017527558923029051
444,0.0024052895371552857,0.0084549594804248767,0.017543110327861194
445,0.0024121847125615284,0.0084715575804220605,0.017558628926423313
446,0.0024190910782921145,0.0084881629484040884,0.01757411464121774
447,0.0024260086369485164,0.008504775543029584,0.017589567394835619
448,0.0024329373911045906,0.0085213953228928298,0.017604987109957313
449,0.0024398773433065455,0.0085380222465238943,0.017620373709352773
450,0.0024468284960729061,0.0085546562723887252,0.017635727115881919
451,0.0024537908518944772,0.0085712973588892606,0.017651047252495018
452,0.0024607644132343147,0.0085879454643635524,0.01766633404223308
453,0.002467749182527687,0.0086046005470858736,0.017681587408228217
454,0.0024747451621820438,0.0086212625652668136,0.017696807273704013
455,0.0024817523545769792,0.0086379314770534156,0.017711993561975933
456,0.0024887707620642016,0.00865460724052927,0.017727146196451674
457,0.0024958003869674987,0.0086712898137146395,0.017742265100631569
458,0.0025028412315827044,0.0086879791545665594,0.017757350198108948
459,0.0025098932981776627,0.0087046752209789646,0.017772401412570506
460,0.0025169565889921978,0.0087213779707827968,0.017787418667796703
461,0.0025240311062380782,0.0087380873617461143,0.017802401887662127
462,0.0025311168520989837,0.0087548033515742057,0.017817350996135871
463,0.002538213828730475,0.0087715258979097245,0.01783226591728192
464,0.002545322038259956,0.0087882549583327731,0.017847146575259508
465,0.0025524414827866439,0.0088049904903610369,0.017861992894323508
466,0.0025595721643815357,0.0088217324514499058,0.017876804798824808
467,0.0025667140850873745,0.0088384807989925727,0.017891582213210674
468,0.0025738672469186163,0.0088552354903201538,0.017906325062025143
469,0.0025810316518614001,0.0088719964827018178,0.017921033269909386
470,0.0025882073018735122,0.0088887637333448927,0.017935706761602083
471,0.0025953941988843547,0.0089055371993949847,0.017950345461939795
472,0.0026025923447949109,0.0089223168379360882,0.017964949295857346
473,0.0026098017414777179,0.0089391026059907168,0.017979518188388183
474,0.0026170223907768285,0.0089558944605200187,0.017994052064664763
475,0.0026242542945077835,0.0089726923584238852,0.018008550849918925
476,0.0026314974544575753,0.0089894962565410762,0.018023014469482245
477,0.0026387518723846193,0.0090063061116493464,0.018037442848786438
478,0.0026460175500187216,0.0090231218804655514,0.018051835913363689
479,0.0026532944890610421,0.0090399435196457725,0.01806619358884707
480,0.0026605826911840695,0.009056770985785445,0.018080515800970882
481,0.0026678821580315855,0.0090736042354194676,0.018094802475571038
482,0.0026751928912186339,0.0090904432250223308,0.018109053538585426
483,0.0026825148923314899,0.009107287911008231,0.018123268916054282
484,0.0026898481629276257,0.0091241382497311944,0.018137448534120571
485,0.0026971927045356808,0.0091409941974851996,0.018151592319030335
486,0.0027045485186554309,0.0091578557105043007,0.01816570019713307
487,0.0027119156067577561,0.0091747227449627509,0.018179772094882116
488,0.002719293970284612,0.0091915952569751151,0.018193807938835002
489,0.0027266836106489925,0.0092084732025964136,0.018207807655653822
490,0.0027340845292349041,0.0092253565378222161,0.018221771172105602
491,0.0027414967273973329,0.0092422452185887891,0.018235698415062663
492,0.0027489202064622151,0.0092591392007732188,0.018249589311503008
493,0.002756354967726402,0.0092760384401935122,0.018263443788510657
494,0.0027638010124576336,0.0092929428926087493,0.018277261773276043
495,0.0027712583418945075,0.0093098525137191926,0.018291043193096369
496,0.0027787269572464453,0.0093267672591664155,0.018304787975375963
497,0.0027862068596936646,0.0093436870845334339,0.018318496047626674
498,0.0027936980503871483,0.0093606119453448211,0.018332167337468196
499,0.0028012005304486123,0.0093775417970668393,0.018345801772628456
500,0.0028087143009704785,0.0093944765951075714,0.018359399280943992
501,0.0028162393630158399,0.0094114162948170325,0.018372959790360282
502,0.0028237757176184353,0.0094283608514873132,0.018386483228932139
503,0.0028313233657826162,0.0094453102203526963,0.018399969524824058
504,0.0028388823084833184,0.0094622643565897904,0.0184134186063106
505,0.0028464525466660316,0.009479223215317658,0.018426830401776725
506,0.0028540340812467676,0.0094961867515979351,0.018440204839718172
507,0.0028616269131120347,0.0095131549204349741,0.018453541848741824
508,0.0028692310431188053,0.0095301276767759627,0.018466841357566065
509,0.0028768464720944835,0.0095471049755110511,0.01848010329502113
510,0.0028844732008368838,0.0095640867714734852,0.018493327590049496
511,0.0028921112301141931,0.0095810730194397422,0.018506514171706213
512,0.0028997605606649458,0.0095980636741296484,0.018519662969159276
513,0.0029074211931979952,0.0096150586902065197,0.018532773911689986
514,0.0029150931283924821,0.0096320580222772918,0.018545846928693314
515,0.0029227763668978049,0.0096490616248926433,0.018558881949678249
516,0.0029304709093335951,0.0096660694525471311,0.018571878904268164
517,0.0029381767562896835,0.0096830814596793307,0.018584837722201174
518,0.002945893908326076,0.0097000976006719544,0.018597758333330501
519,0.0029536223659729173,0.0097171178298519935,0.018610640667624818
520,0.002961362129730472,0.0097341421014908378,0.018623484655168613
521,0.0029691132000690896,0.0097511703698044301,0.018636290226162547
522,0.0029768755774291786,0.0097682025889533741,0.018649057310923804
523,0.0029846492622211743,0.0097852387130430863,0.018661785839886463
524,0.0029924342548255174,0.0098022786961239287,0.018674475743601839
525,0.003000230555592621,0.0098193224921913329,0.018687126952738851
526,0.0030080381648428405,0.0098363700551859379,0.018699739398084364
527,0.0030158570828664509,0.0098534213389937335,0.01871231301054355
528,0.0030236873099236143,0.0098704762974461801,0.018724847721140241
529,0.0030315288462443562,0.0098875348843203512,0.018737343461017276
530,0.0030393816920285342,0.0099045970533390773,0.018749800161436875
531,0.003047245847445812,0.0099216627581710723,0.018762217753780969
532,0.003055121312635631,0.0099387319524310673,0.018774596169551582
533,0.0030630080877071838,0.0099558045896799546,0.018786935340371142
534,0.0030709061727393857,0.0099728806234249158,0.018799235197982867
535,0.0030788155677808461,0.0099899600071195714,0.018811495674251093
536,0.0030867362728498452,0.010007042694164102,0.018823716701161654
537,0.0030946682879343032,0.010024128637905402,0.018835898210822204
538,0.0031026116129917567,0.010041217791637214,0.018848040135462582
539,0.0031105662479493255,0.010058310108600253,0.018860142407435162
540,0.0031185321927036927,0.010075405541982359,0.018872204959215187
541,0.0031265094471210745,0.010092504044918635,0.018884227723401144
542,0.0031344980110371927,0.010109605570491577,0.018896210632715092
543,0.0031424978842572492,0.01012671007173122,0.018908153620003018
544,0.0031505090665559007,0.010143817501615282,0.018920056618235183
545,0.0031585315576772304,0.010160927813069298,0.018931919560506459
546,0.0031665653573347218,0.010178040958966759,0.018943742380036713
547,0.0031746104652112333,0.010195156892129261,0.018955525010171108
548,0.0031826668809589709,0.010212275565326631,0.018967267384380468
549,0.0031907346041994615,0.010229396931277078,0.018978969436261629
550,0.0031988136345235301,0.010246520942647342,0.018990631099537778
551,0.0032069039714912695,0.010263647552052816,0.019002252308058794
552,0.0032150056146320188,0.010280776712057708,0.019013832995801606
553,0.0032231185634443355,0.01029790837517517,0.019025373096870517
554,0.0032312428173959674,0.01031504249386744,0.019036872545497564
555,0.0032393783759238318,0.010332179020545999,0.019048331276042857
556,0.0032475252384339876,0.010349317907571699,0.019059749222994908
557,0.0032556834043016075,0.010366459107254913,0.019071126320970997
558,0.0032638528728709576,0.01038360257185568,0.019082462504717498
559,0.0032720336434553694,0.010400748253583846,0.019093757709110218
560,0.0032802257153372143,0.010417896104599212,0.019105011869154739
561,0.0032884290877678805,0.010435046077011673,0.019116224919986779
562,0.0032966437599677451,0.010452198122881361,0.019127396796872493
563,0.0033048697311261516,0.010469352194218802,0.019138527435208854
564,0.003313107000401386,0.010486508242985051,0.019149616770523962
565,0.0033213555669206478,0.010503666221091848,0.019160664738477381
566,0.0033296154297800316,0.010520826080401745,0.019171671274860514
567,0.0033378865880444968,0.010537987772728274,0.019182636315596895
568,0.0033461690407478486,0.010555151249836085,0.019193559796742553
569,0.0033544627868927084,0.010572316463441086,0.019204441654486343
570,0.003362767825450491,0.010589483365210596,0.019215281825150272
571,0.0033710841553613838,0.010606651906763498,0.019226080245189854
572,0.0033794117755343209,0.010623822039670371,0.019236836851194424
573,0.0033877506848469558,0.010640993715453661,0.019247551579887483
574,0.0033961008821456438,0.010658166885587808,0.01925822436812704
575,0.0034044623662454125,0.010675341501499402,0.019268855152905922
576,0.0034128351359299408,0.01069251751456734,0.019279443871352137
577,0.0034212191899515385,0.010709694876122959,0.019289990460729191
578,0.0034296145270311163,0.010726873537450202,0.019300494858436414
579,0.0034380211458581648,0.010744053449785752,0.019310957002009306
580,0.0034464390450907358,0.010761234564319195,0.019321376829119854
581,0.0034548682233554108,0.010778416832193162,0.019331754277576871
582,0.0034633086792472869,0.010795600204503477,0.019342089285326332
583,0.003471760411329947,0.010812784632299326,0.019352381790451696
584,0.0034802234181354401,0.010829970066583384,0.019362631731174227
585,0.0034886976981642567,0.010847156458311984,0.019372839045853348
586,0.0034971832498853074,0.010864343758395251,0.019383003672986933
587,0.0035056800717359021,0.010881531917697279,0.019393125551211671
588,0.0035141881621217233,0.010898720887036263,0.019403204619303376
589,0.0035227075194168059,0.010915910617184653,0.019413240816177305
590,0.0035312381419635142,0.010933101058869311,0.019423234080888502
591,0.0035397800280725215,0.010950292162771665,0.01943318435263211
592,0.0035483331760227874,0.010967483879527864,0.019443091570743712
593,0.003556897584061532,0.010984676159728927,0.019452955674699637
594,0.0035654732504042204,0.011001868953920888,0.019462776604117299
595,0.0035740601732345357,0.011019062212604977,0.019472554298755516
596,0.0035826583507043595,0.011036255886237743,0.019482288698514833
597,0.0035912677809337486,0.011053449925231227,0.019491979743437835
598,0.0035998884620109172,0.011070644279953117,0.019501627373709488
599,0.0036085203919922096,0.01108783890072689,0.019511231529657447
600,0.0036171635689020848,0.011105033737831982,0.019520792151752377
601,0.0036258179907330905,0.011122228741503934,0.019530309180608274
602,0.0036344836554458447,0.011139423861934551,0.019539782556982802
603,0.0036431605609690155,0.011156619049272058,0.0195492122217776
604,0.0036518487051992957,0.01117381425362126,0.019558598116038578
605,0.0036605480860013866,0.011191009425043688,0.019567940180956273
606,0.0036692587012079731,0.011208204513557769,0.01957723835786615
607,0.0036779805486197082,0.011225399469138975,0.019586492588248922
608,0.0036867136260051877,0.011242594241719984,0.019595702813730864
609,0.0036954579311009312,0.011259788781190832,0.019604868976084124
610,0.0037042134616113646,0.011276983037399081,0.019613991017227057
611,0.003712980215208792,0.011294176960149964,0.019623068879224527
612,0.0037217581895333867,0.011311370499206557,0.019632102504288214
613,0.0037305473821931615,0.011328563604289925,0.019641091834776945
614,0.0037393477907639544,0.011345756225079297,0.019650036813197005
615,0.0037481594127894034,0.011362948311212213,0.019658937382202445
616,0.0037569822457809345,0.01138013981228468,0.019667793484595391
617,0.0037658162872177344,0.011397330677851342,0.019676605063326354
618,0.0037746615345467323,0.011414520857425624,0.019685372061494549
619,0.0037835179851825862,0.011431710300479925,0.019694094422348214
620,0.0037923856365076566,0.011448898956445736,0.01970277208928491
621,0.003801264485871991,0.011466086774713839,0.019711405005851824
622,0.0038101545305933037,0.011483273704634442,0.019719993115746088
623,0.0038190557679569559,0.01150045969551735,0.019728536362815088
624,0.0038279681952159382,0.011517644696632131,0.019737034691056764
625,0.003836891809590853,0.011534828657208267,0.019745488044619931
626,0.0038458266082698855,0.011552011526435325,0.019753896367804565
627,0.0038547725884088046,0.011569193253463112,0.019762259605062137
628,0.0038637297471309237,0.011586373787401844,0.019770577700995887
629,0.0038726980815270979,0.011603553077322307,0.019778850600361164
630,0.0038816775886556937,0.011620731072256018,0.019787078248065706
631,0.0038906682655425778,0.011637907721195382,0.019795260589169947
632,0.0038996701091811004,0.011655082973093882,0.019803397568887337
633,0.0039086831165320701,0.011672256776866202,0.019811489132584612
634,0.0039177072845237408,0.011689429081388423,0.019819535225782132
635,0.0039267426100517925,0.011706599835498174,0.019827535794154156
636,0.0039357890899793142,0.011723768987994798,0.019835490783529173
637,0.0039448467211367832,0.011740936487639521,0.01984340013989017
638,0.003953915500322056,0.011758102283155611,0.019851263809374943
639,0.0039629954243003383,0.011775266323228546,0.019859081738276416
640,0.0039720864898041769,0.01179242855650618,0.019866853873042909
641,0.0039811886935334408,0.011809588931598914,0.019874580160278457
642,0.0039903020321553012,0.011826747397079843,0.019882260546743101
643,0.0039994265023042168,0.011843903901484947,0.019889894979353197
644,0.0040085621005819189,0.011861058393313239,0.019897483405181687
645,0.0040177088235573847,0.011878210821026941,0.019905025771458411
646,0.0040268666677668345,0.011895361133051643,0.019912522025570402
647,0.0040360356297137068,0.011912509277776488,0.01991997211506218
648,0.0040452157058686392,0.01192965520355431,0.01992737598763605
649,0.00405440689266946,0.01194679885870183,0.01993473359115238
650,0.0040636091865211667,0.011963940191499805,0.019942044873629914
651,0.0040728225837959103,0.011981079150193204,0.019949309783246053
652,0.0040820470808329767,0.011998215682991377,0.019956528268337145
653,0.0040912826739387797,0.012015349738068223,0.019963700277398782
654,0.0041005293593868349,0.01203248126356235,0.019970825759086094
655,0.0041097871334177466,0.012049610207577263,0.019977904662214017
656,0.0041190559922391979,0.012066736518181515,0.019984936935757619
657,0.0041283359320259255,0.012083860143408879,0.01999192252885236
658,0.0041376269489197164,0.012100981031258536,0.019998861390794383
659,0.0041469290390293749,0.012118099129695213,0.020005753471040808
660,0.0041562421984307259,0.012135214386649388,0.020012598719210017
661,0.0041655664231665902,0.012152326750017428,0.020019397085081957
662,0.0041749017092467672,0.012169436167661786,0.02002614851859838
663,0.0041842480526480272,0.012186542587411153,0.020032852969863183
664,0.0041936054493140881,0.012203645957060638,0.020039510389142652
665,0.0042029738951556081,0.012220746224371946,0.020046120726865759
666,0.0042123533860501695,0.012237843337073524,0.020052683933624454
667,0.0042217439178422606,0.012254937242860774,0.020059199960173933
668,0.0042311454863432621,0.012272027889396183,0.020065668757432927
669,0.0042405580873314374,0.012289115224309524,0.020072090276483993
670,0.0042499817165519123,0.012306199195198006,0.020078464468573767
671,0.0042594163697166638,0.012323279749626475,0.020084791285113264
672,0.0042688620425045051,0.012340356835127558,0.020091070677678163
673,0.004278318730561074,0.012357430399201848,0.020097302598009063
674,0.0042877864294988133,0.012374500389318085,0.020103486998011792
675,0.0042972651348969675,0.012391566752913325,0.020109623829757655
676,0.0043067548423015569,0.012408629437393097,0.020115713045483721
677,0.0043162555472253741,0.012425688390131603,0.020121754597593109
678,0.0043257672451479639,0.012442743558471879,0.020127748438655255
679,0.0043352899315156129,0.012459794889725966,0.020133694521406176
680,0.0043448236017413358,0.012476842331175093,0.020139592798748766
681,0.0043543682512048624,0.012493885830069839,0.020145443223753043
682,0.0043639238752526226,0.012510925333630331,0.020151245749656446
683,0.0043734904691977395,0.012527960789046388,0.020157000329864103
684,0.0043830680283200099,0.012544992143477735,0.020162706917949091
685,0.0043926565478658933,0.012562019344054142,0.020168365467652716
686,0.0044022560230485043,0.01257904233787562,0.020173975932884777
687,0.0044118664490475938,0.012596061072012596,0.020179538267723847
688,0.0044214878210095399,0.012613075493506085,0.020185052426417525
689,0.0044311201340473316,0.012630085549367858,0.020190518363382721
690,0.0044407633832405664,0.012647091186580641,0.020195936033205908
691,0.0044504175636354247,0.012664092352098271,0.020201305390643402
692,0.0044600826702446694,0.012681088992845884,0.020206626390621613
693,0.0044697586980476283,0.01269808105572009,0.020211898988237335
694,0.0044794456419901844,0.012715068487589146,0.020217123138757988
695,0.0044891434969847634,0.012732051235293144,0.020222298797621885
696,0.0044988522579103209,0.012749029245644182,0.02022742592043851
697,0.0045085719196123327,0.012766002465426541,0.020232504462988767
698,0.004518302476902789,0.012782970841396867,0.020237534381225244
699,0.0045280439245601687,0.012799934320284348,0.020242515631272485
700,0.0045377962573294453,0.012816892848790895,0.020247448169427237
701,0.0045475594699220627,0.012833846373591317,0.020252331952158715
702,0.0045573335570159336,0.012850794841333496,0.020257166936108864
703,0.0045671185132554219,0.012867738198638585,0.020261953078092615
704,0.0045769143332513368,0.012884676392101167,0.020266690335098151
705,0.0045867210115809196,0.012901609368289445,0.020271378664287149
706,0.0045965385427878362,0.012918537073745427,0.020276018022995054
707,0.0046063669213821613,0.012935459454985093,0.020280608368731318
708,0.0046162061418403766,0.012952376458498579,0.020285149659179668
709,0.00462605619860535,0.012969288030750368,0.020289641852198358
710,0.0046359170860863384,0.012986194118179459,0.020294084905820416
711,0.0046457887986589659,0.013003094667199556,0.020298478778253911
712,0.0046556713306652201,0.01301998962419924,0.020302823427882186
713,0.0046655646764134431,0.013036878935542166,0.020307118813264129
714,0.0046754688301783188,0.013053762547567219,0.020311364893134412
715,0.004685383786200867,0.013070640406588729,0.020315561626403751
716,0.0046953095386884323,0.013087512458896623,0.020319708972159147
717,0.0047052460818146728,0.013104378650756631,0.020323806889664144
718,0.0047151934097195564,0.013121238928410439,0.020327855338359062
719,0.0047251515165093417,0.013138093238075906,0.020331854277861258
720,0.0047351203962565846,0.013154941525947225,0.020335803667965367
721,0.0047451000430001168,0.013171783738195116,0.020339703468643562
722,0.0047550904507450411,0.013188619820966994,0.02034355364004577
723,0.0047650916134627241,0.013205449720387176,0.020347354142499954
724,0.0047751035250907887,0.013222273382557038,0.020351104936512321
725,0.0047851261795331,0.013239090753555225,0.020354805982767604
726,0.004795159570659761,0.013255901779437812,0.020358457242129258
727,0.0048052036923071084,0.0132727064062385,0.020362058675639737
728,0.0048152585382777004,0.013289504579968806,0.02036561024452074
729,0.0048253241023403053,0.013306296246618231,0.020369111910173408
730,0.0048354003782299032,0.013323081352154461,0.020372563634178623
731,0.0048454873596476674,0.013339859842523536,0.020375965378297202
732,0.0048555850402609655,0.013356631663650047,0.020379317104470152
733,0.0048656934137033493,0.013373396761437324,0.020382618774818898
734,0.004875812473574547,0.013390155081767609,0.020385870351645539
735,0.0048859422134404518,0.013406906570502239,0.020389071797433066
736,0.0048960826268331275,0.013423651173481856,0.020392223074845617
737,0.004906233707250786,0.013440388836526566,0.020395324146728684
738,0.0049163954481577909,0.013457119505436137,0.020398374976109364
739,0.0049265678429846462,0.013473843125990188,0.020401375526196596
740,0.0049367508851279893,0.01349055964394837,0.020404325760381384
741,0.0049469445679505928,0.013507269005050554,0.020407225642237042
742,0.0049571488847813434,0.013523971155017019,0.020410075135519401
743,0.0049673638289152496,0.013540666039548642,0.020412874204167063
744,0.0049775893936134267,0.01355735360432707,0.020415622812301623
745,0.0049878255721030971,0.013574033795014933,0.020418320924227899
746,0.0049980723575775744,0.013590706557256011,0.020420968504434148
747,0.0050083297431962725,0.01360737183667542,0.02042356551759231
748,0.0050185977220846868,0.013624029578879817,0.020426111928558227
749,0.0050288762873343922,0.013640679729457575,0.020428607702371867
750,0.0050391654320030401,0.013657322233978973,0.020431052804257555
751,0.0050494651491143541,0.013673957037996395,0.020433447199624193
752,0.0050597754316581197,0.013690584087044494,0.020435790854065484
753,0.005070096272590181,0.013707203326640405,0.020438083733360157
754,0.0050804276648324402,0.01372381470228393,0.02044032580347219
755,0.0050907696012728468,0.013740418159457713,0.020442517030551027
756,0.0051011220747653949,0.013757013643627445,0.020444657380931805
757,0.0051114850781301194,0.013773601100242049,0.020446746821135564
758,0.0051218586041530869,0.013790180474733852,0.020448785317869471
759,0.0051322426455864016,0.013806751712518802,0.020450772838027046
760,0.0051426371951481852,0.013823314758996643,0.020452709348688362
761,0.0051530422455225901,0.013839869559551103,0.020454594817120284
762,0.0051634577893597856,0.013856416059550096,0.020456429210776682
763,0.0051738838192759498,0.013872954204345898,0.020458212497298608
764,0.0051843203278532785,0.013889483939275344,0.020459944644514574
765,0.0051947673076399668,0.013906005209660031,0.020461625620440717
766,0.0052052247511502206,0.013922517960806484,0.020463255393281025
767,0.0052156926508642341,0.01393902213800636,0.020464833931427562
768,0.0052261709992282085,0.013955517686536649,0.02046636120346066
769,0.0052366597886543331,0.013972004551659841,0.020467837178149151
770,0.0052471590115207847,0.013988482678624141,0.020469261824450545
771,0.0052576686601717324,0.014004952012663644,0.020470635111511284
772,0.005268188726917318,0.014021412498998541,0.020471957008666903
773,0.0052787192040336757,0.0140378640828353,0.020473227485442277
774,0.0052892600837629086,0.014054306709366859,0.020474446511551808
775,0.0052998113583130986,0.014070740323772828,0.02047561405689963
776,0.0053103730198583018,0.014087164871219669,0.020476730091579822
777,0.0053209450605385426,0.014103580296860889,0.020477794585876612
778,0.0053315274724598126,0.014119986545837246,0.020478807510264572
779,0.0053421202476940689,0.014136383563276919,0.020479768835408835
780,0.0053527233782792337,0.014152771294295732,0.020480678532165279
781,0.00536333685621919,0.014169149683997316,0.02048153657158075
782,0.0053739606734837823,0.014185518677473322,0.020482342924893242
783,0.0053845948220088112,0.01420187821980361,0.020483097563532112
784,0.0053952392936960376,0.014218228256056436,0.020483800459118278
785,0.0054058940804131705,0.014234568731288651,0.020484451583464396
786,0.0054165591739938771,0.014250899590545891,0.020485050908575077
787,0.0054272345662377793,0.01426722077886278,0.020485598406647099
788,0.0054379202489104475,0.014283532241263117,0.020486094050069577
789,0.0054486162137434048,0.014299833922760069,0.020486537811424163
790,0.0054593224524341205,0.014316125768356379,0.020486929663485236
791,0.0054700389566460167,0.014332407723044525,0.020487269579220119
792,0.0054807657180084603,0.014348679731806962,0.020487557531789238
793,0.0054915027281167697,0.014364941739616279,0.020487793494546342
794,0.0055022499785322039,0.014381193691435409,0.020487977441038679
795,0.0055130074607819728,0.014397435532217839,0.020488109345007194
796,0.0055237751663592361,0.014413667206907772,0.020488189180386716
797,0.0055345530867230959,0.014429888660440345,0.020488216921306139
798,0.0055453412132986006,0.014446099837741821,0.02048819254208863
799,0.005556139537476747,0.014462300683729782,0.020488116017251784
800,0.00556694805061448,0.014478491143313323,0.020487987321507851
801,0.0055777667440346885,0.01449467116139325,0.020487806429763878
802,0.0055885956090262114,0.014510840682862279,0.020487573317121938
803,0.0055994346368438384,0.014526999652605234,0.020487287958879268
804,0.005610283818708304,0.014543148015499227,0.020486950330528497
805,0.005621143145806297,0.01455928571641388,0.020486560407757801
806,0.005632012609290458,0.014575412700211494,0.02048611816645108
807,0.005642892200279373,0.014591528911747262,0.02048562358268816
808,0.0056537819098575887,0.014607634295869467,0.020485076632744958
809,0.0056646817290756024,0.014623728797419673,0.020484477293093672
810,0.0056755916489498711,0.014639812361232921,0.020483825540402935
811,0.0056865116604628068,0.014655884932137936,0.020483121351538024
812,0.0056974417545627822,0.01467194645495731,0.020482364703561021
813,0.0057083819221641309,0.014687996874507699,0.020481555573730978
814,0.0057193321541471488,0.014704036135600038,0.020480693939504118
815,0.0057302924413580999,0.014720064183039727,0.020479779778533987
816,0.0057412627746092132,0.014736080961626831,0.020478813068671643
817,0.0057522431446786889,0.014752086416156268,0.020477793787965805
818,0.0057632335423106985,0.014768080491418031,0.02047672191466306
819,0.0057742339582153857,0.014784063132197352,0.020475597427208
820,0.0057852443830688762,0.014800034283274931,0.020474420304243408
821,0.005796264807513273,0.014815993889427125,0.020473190524610441
822,0.0058072952221566616,0.014831941895426127,0.020471908067348752
823,0.0058183356175731124,0.014847878246040194,0.020470572911696711
824,0.0058293859843026874,0.014863802886033832,0.020469185037091546
825,0.0058404463128514401,0.014879715760167991,0.020467744423169506
826,0.0058515165936914165,0.014895616813200271,0.020466251049766033
827,0.0058625968172606657,0.01491150598988512,0.020464704896915924
828,0.0058736869739632368,0.01492738323497403,0.020463105944853507
829,0.0058847870541691837,0.014943248493215738,0.02046145417401277
830,0.0058958970482145719,0.01495910170935642,0.020459749565027566
831,0.0059070169464014843,0.014974942828139897,0.020457992098731739
832,0.0059181467389980173,0.014990771794307833,0.020456181756159302
833,0.0059292864162382893,0.015006588552599938,0.020454318518544595
834,0.0059404359683224465,0.015022393047754165,0.020452402367322427
835,0.0059515953854166652,0.015038185224506897,0.020450433284128267
836,0.0059627646576531582,0.015053965027593172,0.020448411250798347
837,0.0059739437751301786,0.01506973240174686,0.020446336249369881
838,0.0059851327279120204,0.015085487291700884,0.020444208262081182
839,0.0059963315060290309,0.015101229642187394,0.020442027271371808
840,0.0060075400994776089,0.015116959397937996,0.020439793259882755
841,0.0060187584982202193,0.015132676503683934,0.020437506210456573
842,0.0060299866921853821,0.015148380904156291,0.020435166106137524
843,0.0060412246712676964,0.0151640725440862,0.020432772930171754
844,0.0060524724253278317,0.015179751368205043,0.020430326666007411
845,0.0060637299441925413,0.015195417321244636,0.02042782729729482
846,0.0060749972176546629,0.015211070347937452,0.020425274807886619
847,0.0060862742354731297,0.015226710393016804,0.020422669181837914
848,0.0060975609873729717,0.015242337401217059,0.020420010403406411
849,0.0061088574630453274,0.015257951317273831,0.020417298457052584
850,0.0061201636521474407,0.015273552085924182,0.020414533327439793
851,0.0061314795443026772,0.015289139651906831,0.020411714999434442
852,0.0061428051291005257,0.01530471395996235,0.020408843458106132
853,0.0061541403960966032,0.015320274954833376,0.020405918688727792
854,0.0061654853348126655,0.015335822581264787,0.020402940676775821
855,0.0061768399347366144,0.015351356784003931,0.020399909407930222
856,0.0061882041853224944,0.015366877507800813,0.020396824868074748
857,0.0061995780759905167,0.015382384697408297,0.020393687043297044
858,0.0062109615961270515,0.015397878297582318,0.020390495919888781
859,0.0062223547350846418,0.01541335825308208,0.020387251484345802
860,0.0062337574821820152,0.015428824508670249,0.020383953723368233
861,0.0062451698267040785,0.015444277009113166,0.020380602623860648
862,0.0062565917579019388,0.015459715699181052,0.020377198172932192
863,0.0062680232649929002,0.015475140523648186,0.020373740357896703
864,0.0062794643371604829,0.015490551427293137,0.020370229166272864
865,0.0062909149635544228,0.015505948354898963,0.020366664585784323
866,0.0063023751332906813,0.015521331251253398,0.020363046604359825
867,0.0063138448354514544,0.015536700061149059,0.020359375210133347
868,0.0063253240590851805,0.015552054729383664,0.020355650391444224
869,0.0063368127932065524,0.01556739520076021,0.020351872136837267
870,0.006348311026796517,0.0155827214200872,0.020348040435062918
871,0.0063598187488022925,0.015598033332178832,0.020344155275077339
872,0.0063713359481373782,0.015613330881855203,0.020340216646042578
873,0.0063828626136815548,0.01562861401394252,0.020336224537326666
874,0.0063943987342809016,0.015643882673273293,0.020332178938503743
875,0.0064059442987477967,0.015659136804686544,0.020328079839354196
876,0.00641749929586094,0.01567437635302802,0.020323927229864765
877,0.0064290637143653486,0.015689601263150367,0.020319721100228668
878,0.0064406375429723762,0.015704811479913375,0.020315461440845742
879,0.0064522207703597151,0.01572000694818414,0.020311148242322524
880,0.0064638133851714109,0.015735187612837296,0.020306781495472402
881,0.0064754153760178774,0.015750353418755216,0.020302361191315725
882,0.0064870267314758893,0.0157655043108282,0.020297887321079917
883,0.0064986474400886103,0.015780640233954691,0.020293359876199582
884,0.006510277490365598,0.015795761133041483,0.020288778848316636
885,0.0065219168707828078,0.015810866953003912,0.020284144229280422
886,0.0065335655697826133,0.015825957638766073,0.020279456011147803
887,0.0065452235757738108,0.015841033135261012,0.020274714186183294
888,0.0065568908771316279,0.01585609338743094,0.020269918746859177
889,0.0065685674621977401,0.015871138340227436,0.020265069685855591
890,0.0065802533192802831,0.015886167938611643,0.020260166996060661
891,0.0065919484366538531,0.015901182127554481,0.020255210670570584
892,0.0066036528025595308,0.015916180852036849,0.020250200702689774
893,0.0066153664052048854,0.015931164057049828,0.020245137085930929
894,0.006627089232763987,0.015946131687594893,0.020240019814015169
895,0.006638821273377421,0.015961083688684104,0.020234848880872115
896,0.0066505625151522972,0.015976020005340326,0.02022962428064002
897,0.0066623129461622597,0.015990940582597417,0.020224346007665858
898,0.0066740725544475049,0.016005845365500451,0.020219014056505415
899,0.0066858413280147869,0.016020734299105898,0.020213628421923417
900,0.0066976192548374343,0.016035607328481867,0.020208189098893603
901,0.0067094063228553607,0.016050464398708268,0.020202696082598854
902,0.0067212025199750751,0.016065305454877051,0.020197149368431273
903,0.0067330078340697031,0.016080130442092392,0.020191548951992284
904,0.0067448222529789886,0.016094939305470905,0.020185894829092745
905,0.0067566457645093104,0.016109731990141846,0.020180186995753011
906,0.0067684783564336982,0.016124508441247309,0.020174425448203068
907,0.006780320016491842,0.016139268603942457,0.020168610182882608
908,0.0067921707323901088,0.016154012423395699,0.020162741196441122
909,0.0068040304918015526,0.016168739844788914,0.020156818485737995
910,0.006815899282365926,0.016183450813317641,0.0201508420478426
911,0.0068277770916896994,0.016198145274191299,0.020144811880034398
912,0.0068396639073460717,0.016212823172633381,0.020138727979803008
913,0.0068515597168749822,0.016227484453881665,0.020132590344848305
914,0.0068634645077831303,0.016242129063188428,0.020126398973080516
915,0.0068753782675439823,0.016256756945820631,0.020120153862620282
916,0.006887300983597789,0.016271368047060138,0.020113855011798795
917,0.0068992326433516028,0.016285962312203927,0.020107502419157829
918,0.0069111732341792841,0.016300539686564284,0.020101096083449854
919,0.0069231227434215252,0.016315100115469012,0.020094636003638117
920,0.0069350811583858574,0.016329643544261644,0.020088122178896724
921,0.0069470484663466713,0.016344169918301638,0.020081554608610705
922,0.0069590246545452273,0.016358679182964585,0.020074933292376123
923,0.0069710097101896721,0.016373171283642428,0.020068258230000136
924,0.0069830036204550543,0.016387646165743643,0.020061529421501072
925,0.0069950063724833426,0.01640210377469347,0.020054746867108526
926,0.0070070179533834294,0.016416544055934103,0.020047910567263429
927,0.0070190383502311635,0.016430966954924898,0.020041020522618119
928,0.0070310675500693523,0.016445372417142595,0.020034076734036409
929,0.0070431055399077834,0.016459760388081505,0.020027079202593692
930,0.0070551523067232374,0.016474130813253714,0.020020027929576984
931,0.007067207837459507,0.016488483638189309,0.020012922916485008
932,0.0070792721190274105,0.016502818808436567,0.020005764165028271
933,0.0070913451383048101,0.016517136269562166,0.019998551677129123
934,0.0071034268821366263,0.016531435967151391,0.019991285454921844
935,0.0071155173373348545,0.016545717846808347,0.019983965500752696
936,0.0071276164906785809,0.016559981854156153,0.019976591817180003
937,0.0071397243289140046,0.016574227934837159,0.019969164406974205
938,0.0071518408387544466,0.016588456034513144,0.019961683273117946
939,0.0071639660068803703,0.016602666098865529,0.019954148418806116
940,0.0071760998199393994,0.016616858073595583,0.019946559847445942
941,0.0071882422645463337,0.016631031904424616,0.019938917562657008
942,0.0072003933272831652,0.016645187537094201,0.019931221568271366
943,0.0072125529946991014,0.01665932491736638,0.019923471868333573
944,0.007224721253310573,0.01667344399102386,0.019915668467100751
945,0.0072368980896012581,0.016687544703870225,0.019907811369042655
946,0.0072490834900220992,0.01670162700173014,0.01989990057884173
947,0.0072612774409913225,0.016715690830449569,0.019891936101393164
948,0.007273479928894452,0.016729736135895963,0.019883917941804958
949,0.0072856909400843281,0.01674376286395848,0.019875846105397964
950,0.0072979104608811322,0.016757770960548188,0.019867720597705953
951,0.007310138477572393,0.016771760371598256,0.019859541424475664
952,0.0073223749764130194,0.0167857310430642,0.019851308591666863
953,0.0073346199436253017,0.016799682920924035,0.019843022105452392
954,0.0073468733653989518,0.016813615951178536,0.019834681972218209
955,0.007359135227891102,0.016827530079851393,0.019826288198563458
956,0.0073714055172263366,0.016841425252989473,0.019817840791300521
957,0.0073836842194967096,0.016855301416662982,0.019809339757455042
958,0.0073959713207617517,0.016869158516965677,0.019800785104265993
959,0.0074082668070485054,0.0168829965000151,0.019792176839185719
960,0.0074205706643515369,0.016896815311952747,0.01978351496987998
961,0.0074328828786329572,0.016910614898944312,0.019774799504227999
962,0.0074452034358224398,0.016924395207179858,0.019766030450322502
963,0.0074575323218172458,0.016938156182874052,0.019757207816469769
964,0.0074698695224822342,0.016951897772266356,0.019748331611189669
965,0.0074822150236498915,0.016965619921621235,0.019739401843215709
966,0.0074945688111203454,0.016979322577228378,0.019730418521495069
967,0.0075069308706613895,0.016993005685402868,0.019721381655188632
968,0.0075193011880085019,0.017006669192485439,0.019712291253671042
969,0.0075316797488648697,0.017020313044842642,0.01970314732653073
970,0.0075440665389013986,0.01703393718886707,0.019693949883569956
971,0.0075564615437567432,0.017047541570977549,0.019684698934804828
972,0.0075688647490373259,0.017061126137619381,0.019675394490465372
973,0.0075812761403173589,0.017074690835264493,0.019666036560995519
974,0.0075936957031388589,0.017088235610411687,0.019656625157053183
975,0.0076061234230116754,0.017101760409586848,0.019647160289510263
976,0.0076185592854135136,0.017115265179343121,0.019637641969452693
977,0.0076310032757899472,0.017128749866261145,0.01962807020818045
978,0.0076434553795544464,0.017142214416949231,0.019618445017207602
979,0.0076559155820883984,0.017155658778043599,0.019608766408262333
980,0.0076683838687411267,0.017169082896208568,0.019599034393286963
981,0.0076808602248299189,0.017182486718136752,0.019589248984437983
982,0.0076933446356400445,0.017195870190549294,0.019579410194086072
983,0.0077058370864247763,0.017209233260196053,0.019569518034816137
984,0.0077183375624054109,0.017222575873855811,0.019559572519427311
985,0.0077308460487712973,0.017235897978336481,0.01954957366093299
986,0.0077433625306798622,0.017249199520475315,0.019539521472560866
987,0.007755886993256615,0.017262480447139114,0.019529415967752924
988,0.0077684194215951932,0.017275740705224425,0.019519257160165487
989,0.0077809598007573654,0.017288980241657752,0.019509045063669208
990,0.0077935081157730728,0.017302199003395757,0.019498779692349109
991,0.0078060643516404387,0.017315396937425485,0.0194884610605046
992,0.0078186284933257928,0.017328573990764543,0.019478089182649469
993,0.0078312005257637016,0.017341730110461327,0.019467664073511921
994,0.0078437804338569866,0.017354865243595214,0.019457185748034584
995,0.0078563682024767531,0.017367979337276768,0.019446654221374517
996,0.0078689638164624043,0.017381072338647965,0.019436069508903225
997,0.0078815672606216778,0.017394144194882381,0.019425431626206694
998,0.0078941785197306595,0.017407194853185402,0.019414740589085364
999,0.007906797578533813,0.017420224260794429,0.019403996413554156
1000,0.0079194244217439952,0.017433232364979078,0.019393199115842474
1001,0.0079320590340424962,0.017446219113041402,0.019382348712394231
1002,0.0079447014000790499,0.017459184452316083,0.019371445219867837
1003,0.0079573515044718667,0.017472128330170648,0.019360488655136204
1004,0.0079700093318076544,0.017485050694005671,0.019349479035286762
1005,0.0079826748666416408,0.017497951491254958,0.019338416377621459
1006,0.0079953480934976066,0.017510830669385788,0.019327300699656751
1007,0.0080080289968679011,0.017523688175899096,0.019316132019123626
1008,0.0080207175612134751,0.017536523958329688,0.019304910353967589
1009,0.0080334137709639,0.017549337964246427,0.01929363572234866
1010,0.0080461176105174007,0.017562130141252477,0.019282308142641393
1011,0.0080588290642408678,0.01757490043698547,0.019270927633434843
1012,0.008071548116469901,0.017587648799117728,0.019259494213532593
1013,0.0080842747515088246,0.01760037517535646,0.019248007901952725
1014,0.0080970089536307032,0.017613079513443989,0.019236468717927845
1015,0.0081097507070773938,0.017625761761157929,0.019224876680905046
1016,0.0081224999960595491,0.017638421866311413,0.019213231810545919
1017,0.008135256804756661,0.01765105977675329,0.019201534126726538
1018,0.0081480211173170659,0.017663675440368308,0.019189783649537464
1019,0.0081607929178579893,0.017676268805077361,0.019177980399283714
1020,0.0081735721904655639,0.017688839818837662,0.019166124396484768
1021,0.0081863589191948673,0.017701388429642965,0.01915421566187455
1022,0.0081991530880699253,0.017713914585523755,0.019142254216401415
1023,0.0082119546810837628,0.017726418234547462,0.019130240081228145
1024,0.0082247636821984223,0.017738899324818667,0.019118173277731916
1025,0.0082375800753449885,0.017751357804479288,0.019106053827504306
1026,0.0082504038444236177,0.017763793621708837,0.019093881752351261
1027,0.0082632349733035623,0.017776206724724557,0.019081657074293084
1028,0.0082760734458232066,0.017788597061781663,0.019069379815564419
1029,0.0082889192457900919,0.017800964581173549,0.019057049998614219
1030,0.0083017723569809299,0.01781330923123197,0.019044667646105747
1031,0.0083146327631416547,0.017825630960327278,0.019032232780916546
1032,0.00832750044798743,0.017837929716868591,0.019019745426138407
1033,0.0083403753952026854,0.017850205449304036,0.019007205605077349
1034,0.0083532575884411511,0.017862458106120908,0.018994613341253606
1035,0.0083661470113258751,0.017874687635845907,0.018981968658401599
1036,0.0083790436474492549,0.017886893987045356,0.018969271580469911
1037,0.0083919474803730784,0.017899077108325341,0.018956522131621256
1038,0.0084048584936285333,0.017911236948331997,0.018943720336232445
1039,0.008417776670716243,0.017923373455751637,0.018930866218894369
1040,0.0084307019951063,0.017935486579311009,0.018917959804411955
1041,0.008443634450238293,0.017947576267777467,0.01890500111780416
1042,0.0084565740195213374,0.017959642469959198,0.018891990184303917
1043,0.0084695206863340984,0.017971685134705418,0.01887892702935811
1044,0.008482474434024825,0.017983704210906563,0.018865811678627543
1045,0.0084954352459113824,0.017995699647494503,0.018852644157986907
1046,0.0085084031052812762,0.01800767139344274,0.018839424493524732
1047,0.0085213779953916824,0.018019619397766622,0.018826152711543399
1048,0.0085343598994694833,0.01803154360952355,0.018812828838558993
1049,0.0085473488007112939,0.018043443977813149,0.018799452901301375
1050,0.0085603446822834824,0.018055320451777511,0.018786024926714093
1051,0.0085733475273222226,0.018067172980601363,0.01877254494195436
1052,0.0085863573189335057,0.018079001513512299,0.018759012974393006
1053,0.0085993740401931733,0.018090805999780968,0.018745429051614429
1054,0.0086123976741469561,0.018102586388721274,0.018731793201416561
1055,0.0086254282038104972,0.018114342629690583,0.01871810545181082
1056,0.0086384656121693843,0.018126074672089931,0.018704365831022061
1057,0.0086515098821791821,0.018137782465364218,0.018690574367488534
1058,0.0086645609967654653,0.018149465959002412,0.018676731089861846
1059,0.0086776189388238431,0.018161125102537753,0.018662836027006902
1060,0.0086906836912200025,0.018172759845547958,0.018648889208001864
1061,0.008703755236789729,0.01818437013765542,0.018634890662138096
1062,0.0087168335583389361,0.018195955928527408,0.018620840418920113
1063,0.0087299186386437071,0.018207517167876264,0.018606738508065525
1064,0.0087430104604503209,0.018219053805459632,0.018592584959504995
1065,0.0087561090064752836,0.018230565791080611,0.018578379803382186
1066,0.0087692142594053626,0.018242053074588014,0.018564123070053697
1067,0.0087823262018976219,0.018253515605876521,0.018549814790089013
1068,0.0087954448165794459,0.018264953334886907,0.018535454994270444
1069,0.0088085700860485727,0.018276366211606235,0.018521043713593078
1070,0.0088217019928731356,0.01828775418606805,0.018506580979264702
1071,0.0088348405195916822,0.01829911720835261,0.01849206682270577
1072,0.0088479856487132334,0.018310455228587041,0.01847750127554933
1073,0.0088611373627172814,0.01832176819694559,0.018462884369640956
1074,0.0088742956440538406,0.018333056063649777,0.0184482161370387
1075,0.0088874604751434799,0.01834431877896861,0.018433496610013009
1076,0.0089006318383773615,0.018355556293218819,0.018418725821046682
1077,0.0089138097161172575,0.018366768556765018,0.018403903802834805
1078,0.0089269940906956044,0.018377955520019914,0.018389030588284661
1079,0.0089401849444155149,0.018389117133444526,0.018374106210515686
1080,0.0089533822595508333,0.01840025334754836,0.018359130702859393
1081,0.0089665860183461513,0.018411364112889614,0.018344104098859313
1082,0.0089797962030168463,0.018422449380075395,0.018329026432270894
1083,0.0089930127957491262,0.018433509099761908,0.018313897737061477
1084,0.0090062357787000467,0.018444543222654639,0.018298718047410182
1085,0.0090194651339975587,0.018455551699508591,0.018283487397707857
1086,0.0090327008437405387,0.01846653448112846,0.018268205822557015
1087,0.009045942889998819,0.01847749151836884,0.018252873356771726
1088,0.0090591912548132272,0.018488422762134409,0.018237490035377578
1089,0.0090724459201956213,0.018499328163380145,0.018222055893611564
1090,0.0090857068681289184,0.018510207673111539,0.018206570966922041
1091,0.0090989740805671356,0.018521061242384753,0.018191035290968632
1092,0.0091122475394354186,0.018531888822306851,0.018175448901622145
1093,0.009125527226630091,0.018542690364035982,0.018159811834964495
1094,0.0091388131240186729,0.018553465818781596,0.018144124127288639
1095,0.0091521052134399174,0.018564215137804624,0.018128385815098468
1096,0.0091654034767038664,0.018574938272417678,0.018112596935108732
1097,0.0091787078955918571,0.018585635173985277,0.018096757524244979
1098,0.0091920184518565831,0.018596305793924003,0.018080867619643434
1099,0.0092053351272221064,0.018606950083702719,0.018064927258650929
1100,0.0092186579033839179,0.018617567994842779,0.018048936478824825
1101,0.0092319867620089535,0.018628159478918219,0.018032895317932913
1102,0.0092453216847356422,0.018638724487555932,0.01801680381395333
1103,0.0092586626531739394,0.018649262972435899,0.018000662005074473
1104,0.0092720096489053629,0.018659774885291389,0.017984469929694893
1105,0.0092853626534830248,0.018670260177909102,0.017968227626423219
1106,0.0092987216484316706,0.018680718802129431,0.01795193513407806
1107,0.0093120866152477284,0.018691150709846612,0.01793559249168792
1108,0.0093254575353993157,0.018701555853008953,0.017919199738491074
1109,0.0093388343903263102,0.018711934183619015,0.017902756913935509
1110,0.0093522171614403692,0.018722285653733815,0.017886264057678809
1111,0.0093656058301249661,0.018732610215465021,0.017869721209588057
1112,0.0093790003777354299,0.018742907820979142,0.017853128409739745
1113,0.009392400785598989,0.018753178422497737,0.017836485698419668
1114,0.009405807035014797,0.018763421972297595,0.017819793116122827
1115,0.0094192191072539795,0.018773638422710945,0.017803050703553331
1116,0.0094326369835596759,0.018783827726125656,0.01778625850162429
1117,0.00944606064514706,0.018793989834985415,0.017769416551457699
1118,0.0094594900732033835,0.018804124701789927,0.01775252489438436
1119,0.0094729252488880353,0.018814232279095129,0.017735583571943773
1120,0.0094863661533325511,0.018824312519513359,0.017718592625884003
1121,0.0094998127676406644,0.01883436537571357,0.017701552098161603
1122,0.0095132650728883515,0.018844390800421523,0.017684462030941494
1123,0.0095267230501238486,0.018854388746419964,0.017667322466596844
1124,0.0095401866803677161,0.018864359166548848,0.01765013344770899
1125,0.0095536559446128648,0.018874302013705508,0.017632895017067302
1126,0.0095671308238245972,0.018884217240844881,0.017615607217669086
1127,0.0095806112989406337,0.018894104800979653,0.017598270092719449
1128,0.0095940973508711648,0.018903964647180506,0.017580883685631214
1129,0.0096075889604989029,0.018913796732576274,0.017563448040024795
1130,0.0096210861086790927,0.018923601010354164,0.017545963199728069
1131,0.0096345887762395634,0.018933377433759915,0.017528429208776269
1132,0.0096480969439807808,0.018943125956098039,0.017510846111411876
1133,0.009661610592675866,0.018952846530731978,0.017493213952084492
1134,0.0096751297030706479,0.018962539111084316,0.017475532775450719
1135,0.0096886542558836993,0.018972203650636957,0.017457802626374034
1136,0.0097021842318063736,0.01898184010293132,0.017440023549924681
1137,0.0097157196115028547,0.018991448421568552,0.017422195591379547
1138,0.0097292603756101853,0.019001028560209701,0.017404318796222024
1139,0.0097428065047383255,0.019010580472575922,0.017386393210141918
1140,0.0097563579794701615,0.019020104112448651,0.017368418879035275
1141,0.0097699147803615768,0.019029599433669817,0.017350395849004309
1142,0.00978347688794148,0.019039066390142023,0.01733232416635723
1143,0.0097970442827118413,0.019048504935828728,0.017314203877608139
1144,0.0098106169451477408,0.019057915024754481,0.017296035029476901
1145,0.0098241948556974119,0.019067296611005053,0.017277817668889011
1146,0.0098377779947822711,0.01907664964872768,0.017259551842975465
1147,0.0098513663427969682,0.019085974092131225,0.017241237599072614
1148,0.0098649598801094293,0.019095269895486381,0.01722287498472207
1149,0.0098785585870608851,0.019104537013125859,0.017204464047670523
1150,0.0098921624439659277,0.019113775399444571,0.017186004835869639
1151,0.0099057714311125422,0.019122985008899827,0.017167497397475921
1152,0.0099193855287621497,0.019132165796011541,0.017148941780850555
1153,0.0099330047171496579,0.019141317715362403,0.017130338034559312
1154,0.0099466289764834868,0.019150440721598057,0.01711168620737236
1155,0.0099602582869456283,0.019159534769427333,0.017092986348264172
1156,0.0099738926286916801,0.0191685998136224,0.017074238506413351
1157,0.0099875319818508827,0.019177635809018965,0.017055442731202509
1158,0.010001176326526164,0.019186642710516469,0.017036599072218109
1159,0.010014825642794194,0.019195620473078271,0.017017707579250346
1160,0.010028479910705414,0.019204569051731832,0.016998768302292983
1161,0.010042139110284084,0.019213488401568921,0.016979781291543213
1162,0.010055803221528322,0.0192223784777458,0.016960746597401519
1163,0.010069472224410151,0.019231239235483387,0.016941664270471519
1164,0.010083146098875539,0.019240070630067475,0.016922534361559809
1165,0.010096824824844444,0.019248872616848902,0.016903356921675855
1166,0.010110508382210859,0.019257645151243757,0.016884132002031808
1167,0.01012419675084285,0.019266388188733552,0.016864859654042358
1168,0.010137889910582606,0.019275101684865417,0.016845539929324589
1169,0.010151587841246481,0.019283785595252276,0.016826172879697822
1170,0.010165290522625027,0.01929243987557306,0.016806758557183478
1171,0.01017899793448305,0.019301064481572879,0.016787297014004908
1172,0.010192710056559652,0.01930965936906319,0.016767788302587239
1173,0.010206426868568272,0.01931822449392203,0.016748232475557234
1174,0.010220148350196731,0.019326759812094137,0.016728629585743102
1175,0.010233874481107276,0.019335265279591216,0.016708979686174383
1176,0.010247605240936623,0.019343740852492051,0.016689282830081753
1177,0.010261340609296,0.01935218648694275,0.016669539070896897
1178,0.010275080565771203,0.019360602139156882,0.016649748462252315
1179,0.010288825089922623,0.019368987765415711,0.016629911057981197
1180,0.010302574161285308,0.019377343322068349,0.016610026912117229
1181,0.010316327759368997,0.019385668765531942,0.016590096078894449
1182,0.010330085863658162,0.019393964052291861,0.016570118612747074
1183,0.010343848453612064,0.019402229138901911,0.016550094568309338
1184,0.010357615508664781,0.019410463981984465,0.016530024000415332
1185,0.010371387008225276,0.019418668538230686,0.016509906964098823
1186,0.01038516293167743,0.01942684276440073,0.016489743514593109
1187,0.010398943258380082,0.01943498661732387,0.016469533707330813
1188,0.010412727967667085,0.01944310005389872,0.016449277597943762
1189,0.010426517038847342,0.019451183031093413,0.016428975242262771
1190,0.010440310451204859,0.019459235505945797,0.016408626696317506
1191,0.010454108183998794,0.019467257435563583,0.016388232016336289
1192,0.010467910216463495,0.019475248777124577,0.016367791258745948
1193,0.010481716527808544,0.019483209487876831,0.016347304480171618
1194,0.010495527097218816,0.019491139525138809,0.016326771737436581
1195,0.010509341903854507,0.019499038846299614,0.016306193087562076
1196,0.0105231609268512,0.019506907408819146,0.016285568587767144
1197,0.010536984145319894,0.019514745170228276,0.016264898295468438
1198,0.010550811538347062,0.019522552088129058,0.01624418226828004
1199,0.010564643084994694,0.019530328120194885,0.016223420564013286
1200,0.010578478764300346,0.019538073224170668,0.016202613240676591
1201,0.01059231855527718,0.019545787357873046,0.016181760356475255
1202,0.010606162436914018,0.019553470479190527,0.016160861969811299
1203,0.010620010388175383,0.019561122546083717,0.016139918139283265
1204,0.010633862388001557,0.019568743516585455,0.016118928923686035
1205,0.010647718415308614,0.019576333348801017,0.016097894382010654
1206,0.01066157844898848,0.019583892000908307,0.016076814573444131
1207,0.010675442467908967,0.019591419431157997,0.01605568955736927
1208,0.010689310450913835,0.019598915597873759,0.016034519393364473
1209,0.01070318237682283,0.019606380459452403,0.016013304141203541
1210,0.01071705822443174,0.019613813974364087,0.015992043860855495
1211,0.010730937972512429,0.019621216101152465,0.015970738612484395
1212,0.010744821599812902,0.019628586798434898,0.01594938845644913
1213,0.010758709085057336,0.019635926024902613,0.015927993453303233
1214,0.010772600406946145,0.019643233739320885,0.015906553663794693
1215,0.010786495544156014,0.019650509900529224,0.015885069148865758
1216,0.01080039447533996,0.019657754467441543,0.015863539969652736
1217,0.010814297179127366,0.019664967399046343,0.015841966187485804
1218,0.010828203634124046,0.01967214865440689,0.01582034786388881
1219,0.010842113818912282,0.019679298192661374,0.015798685060579062
1220,0.010856027712050872,0.019686415973023133,0.015776977839467164
1221,0.010869945292075189,0.019693501954780767,0.015755226262656775
1222,0.010883866537497219,0.019700556097298375,0.015733430392444448
1223,0.010897791426805621,0.019707578360015701,0.015711590291319386
1224,0.010911719938465759,0.019714568702448296,0.015689706021963283
1225,0.010925652050919778,0.019721527084187736,0.015667777647250091
1226,0.010939587742586623,0.019728453464901766,0.015645805230245818
1227,0.010953526991862111,0.019735347804334478,0.015623788834208344
1228,0.010967469777118972,0.019742210062306503,0.015601728522587194
1229,0.010981416076706892,0.019749040198715175,0.015579624359023341
1230,0.010995365868952585,0.019755838173534709,0.015557476407349001
1231,0.011009319132159818,0.019762603946816375,0.01553528473158741
1232,0.011023275844609472,0.019769337478688673,0.015513049395952645
1233,0.011037235984559596,0.019776038729357515,0.015490770464849379
1234,0.011051199530245441,0.019782707659106374,0.015468448002872684
1235,0.011065166459879535,0.01978934422829649,0.015446082074807826
1236,0.011079136751651713,0.019795948397367036,0.015423672745630047
1237,0.011093110383729175,0.019802520126835275,0.015401220080504343
1238,0.011107087334256532,0.019809059377296739,0.015378724144785258
1239,0.01112106758135587,0.01981556610942542,0.015356185004016672
1240,0.011135051103126781,0.01982204028397392,0.015333602723931578
1241,0.011149037877646439,0.019828481861773641,0.015310977370451865
1242,0.011163027882969618,0.019834890803734951,0.015288309009688108
1243,0.011177021097128776,0.019841267070847348,0.015265597707939334
1244,0.011191017498134078,0.019847610624179637,0.015242843531692809
1245,0.01120501706397347,0.01985392142488011,0.015220046547623824
1246,0.011219019772612717,0.019860199434176714,0.015197206822595467
1247,0.011233025601995459,0.019866444613377211,0.015174324423658401
1248,0.011247034530043271,0.019872656923869365,0.01515139941805064
1249,0.01126104653465569,0.019878836327121101,0.015128431873197328
1250,0.011275061593710287,0.019884982784680681,0.015105421856710502
1251,0.011289079685062719,0.019891096258176869,0.015082369436388887
1252,0.011303100786546767,0.019897176709319109,0.015059274680217645
1253,0.011317124875974405,0.019903224099897688,0.015036137656368175
1254,0.011331151931135843,0.019909238391783914,0.015012958433197858
1255,0.011345181929799579,0.019915219546930273,0.014989737079249835
1256,0.011359214849712444,0.019921167527370609,0.014966473663252785
1257,0.011373250668599672,0.019927082295220278,0.014943168254120691
1258,0.011387289364164941,0.019932963812676337,0.014919820920952604
1259,0.011401330914090435,0.019938812042017702,0.014896431733032411
1260,0.011415375296036876,0.019944626945605306,0.014873000759828597
1261,0.011429422487643599,0.019950408485882282,0.01484952807099402
1262,0.011443472466528591,0.019956156625374127,0.014826013736365664
1263,0.01145752521028855,0.019961871326688869,0.014802457825964408
1264,0.011471580696498946,0.019967552552517222,0.014778860409994793
1265,0.01148563890271405,0.01997320026563278,0.01475522155884478
1266,0.011499699806467015,0.019978814428892159,0.01473154134308551
1267,0.011513763385269911,0.019984395005235165,0.014707819833471067
1268,0.011527829616613788,0.019989941957684963,0.014684057100938236
1269,0.011541898477968722,0.01999545524934827,0.014660253216606252
1270,0.011555969946783866,0.020000934843415464,0.014636408251776574
1271,0.01157004400048752,0.020006380703160798,0.014612522277932622
1272,0.011584120616487168,0.02001179279194254,0.014588595366739553
1273,0.011598199772169549,0.020017171073203159,0.014564627590044007
1274,0.011612281444900686,0.020022515510469466,0.014540619019873857
1275,0.011626365612025966,0.020027826067352782,0.014516569728437966
1276,0.011640452250870183,0.020033102707549121,0.014492479788125947
1277,0.011654541338737579,0.020038345394839337,0.0144683492715079
1278,0.011668632852911925,0.020043554093089281,0.014444178251334162
1279,0.011682726770656555,0.020048728766249985,0.01441996680053508
1280,0.011696823069214428,0.020053869378357819,0.014395714992220738
1281,0.011710921725808187,0.020058975893534631,0.01437142289968071
1282,0.011725022717640197,0.020064048275987942,0.014347090596383807
1283,0.011739126021892622,0.02006908649001108,0.014322718155977824
1284,0.011753231615727463,0.020074090499983367,0.014298305652289296
1285,0.011767339476286625,0.020079060270370257,0.014273853159323223
1286,0.011781449580691951,0.020083995765723506,0.014249360751262822
1287,0.011795561906045316,0.020088896950681358,0.014224828502469285
1288,0.011809676429428644,0.020093763789968654,0.014200256487481501
1289,0.01182379312790397,0.020098596248397028,0.014175644781015802
1290,0.011837911978513518,0.020103394290865072,0.014150993457965701
1291,0.01185203295827974,0.020108157882358479,0.014126302593401656
1292,0.011866156044205373,0.020112886987950215,0.014101572262570772
1293,0.011880281213273482,0.020117581572800643,0.01407680254089656
1294,0.011894408442447549,0.020122241602157739,0.014051993503978679
1295,0.011908537708671497,0.020126867041357209,0.014027145227592658
1296,0.011922668988869758,0.020131457855822668,0.014002257787689636
1297,0.011936802259947331,0.020136014011065777,0.013977331260396101
1298,0.011950937498789829,0.020140535472686412,0.013952365722013613
1299,0.011965074682263554,0.020145022206372844,0.013927361249018555
1300,0.01197921378721553,0.02014947417790186,0.01390231791806185
1301,0.011993354790473573,0.020153891353138938,0.013877235805968696
1302,0.012007497668846347,0.020158273698038399,0.0138521149897383
1303,0.012021642399123426,0.020162621178643574,0.013826955546543613
1304,0.012035788958075333,0.020166933761086959,0.013801757553731041
1305,0.012049937322453611,0.02017121141159034,0.013776521088820182
1306,0.012064087468990872,0.020175454096464995,0.013751246229503567
1307,0.012078239374400866,0.020179661782111825,0.013725933053646368
1308,0.012092393015378525,0.020183834435021499,0.013700581639286127
1309,0.01210654836860002,0.020187972021774629,0.013675192064632486
1310,0.012120705410722831,0.020192074509041917,0.013649764408066907
1311,0.012134864118385791,0.020196141863584299,0.013624298748142395
1312,0.012149024468209148,0.02020017405225312,0.013598795163583227
1313,0.012163186436794629,0.020204171041990272,0.013573253733284661
1314,0.012177350000725486,0.02020813279982836,0.01354767453631267
1315,0.012191515136566564,0.020212059292890838,0.013522057651903658
1316,0.012205681820864345,0.020215950488392156,0.01349640315946417
1317,0.012219850030147023,0.020219806353637945,0.013470711138570618
1318,0.012234019740924548,0.020223626856025152,0.013444981668968998
1319,0.012248190929688695,0.020227411963042185,0.013419214830574608
1320,0.012262363572913108,0.020231161642269058,0.013393410703471763
1321,0.012276537647053373,0.020234875861377583,0.01336756936791351
1322,0.012290713128547072,0.020238554588131476,0.013341690904321338
1323,0.01230488999381384,0.02024219779038652,0.013315775393284896
1324,0.01231906821925541,0.020245805436090725,0.013289822915561706
1325,0.012333247781255694,0.020249377493284457,0.013263833552076866
1326,0.012347428656180826,0.020252913930100636,0.013237807383922775
1327,0.012361610820379221,0.020256414714764821,0.013211744492358832
1328,0.01237579425018165,0.020259879815595409,0.013185644958811152
1329,0.01238997892190128,0.020263309201003755,0.013159508864872266
1330,0.012404164811833743,0.020266702839494343,0.013133336292300849
1331,0.012418351896257196,0.020270060699664919,0.013107127323021403
1332,0.012432540151432366,0.020273382750206632,0.013080882039123973
1333,0.012446729553602626,0.020276668959904199,0.013054600522863854
1334,0.012460920078994043,0.020279919297636045,0.013028282856661296
1335,0.012475111703815446,0.020283133732374455,0.013001929123101202
1336,0.012489304404258477,0.020286312233185704,0.012975539404932842
1337,0.012503498156497664,0.02028945476923023,0.012949113785069549
1338,0.01251769293669045,0.020292561309762754,0.012922652346588412
1339,0.01253188872097729,0.020295631824132434,0.012896155172729986
1340,0.012546085485481692,0.020298666281783038,0.012869622346897994
1341,0.012560283206310273,0.020301664652253033,0.012843053952659021
1342,0.012574481859552827,0.020304626905175784,0.012816450073742219
1343,0.012588681421282392,0.020307553010279675,0.012789810794038993
1344,0.012602881867555283,0.020310442937388252,0.012763136197602708
1345,0.012617083174411176,0.020313296656420354,0.012736426368648376
1346,0.012631285317873166,0.02031611413739029,0.012709681391552366
1347,0.012645488273947817,0.020318895350407953,0.012682901350852082
1348,0.012659692018625239,0.020321640265678995,0.012656086331245663
1349,0.012673896527879128,0.020324348853504932,0.012629236417591684
1350,0.01268810177766683,0.020327021084283303,0.012602351694908837
1351,0.012702307743929414,0.020329656928507817,0.012575432248375623
1352,0.012716514402591732,0.020332256356768479,0.012548478163330056
1353,0.012730721729562468,0.020334819339751765,0.012521489525269332
1354,0.012744929700734202,0.020337345848240727,0.012494466419849536
1355,0.012759138291983482,0.020339835853115149,0.01246740893288532
1356,0.012773347479170867,0.02034228932535169,0.012440317150349597
1357,0.012787557238140998,0.020344706236024003,0.012413191158373216
1358,0.01280176754472266,0.020347086556302903,0.012386031043244665
1359,0.012815978374728842,0.020349430257456509,0.012358836891409743
1360,0.012830189703956805,0.020351737310850354,0.012331608789471253
1361,0.012844401508188124,0.020354007687947543,0.01230434682418868
1362,0.012858613763188765,0.020356241360308891,0.012277051082477878
1363,0.012872826444709147,0.020358438299593058,0.012249721651410752
1364,0.0128870395284842,0.020360598477556675,0.012222358618214933
1365,0.01290125299023342,0.020362721866054513,0.012194962070273464
1366,0.012915466805660936,0.020364808437039576,0.012167532095124481
1367,0.012929680950455573,0.020366858162563284,0.012140068780460889
1368,0.012943895400290922,0.020368871014775584,0.012112572214130049
1369,0.012958110130825387,0.020370846965925084,0.012085042484133441
1370,0.012972325117702245,0.020372785988359191,0.012057479678626358
1371,0.012986540336549739,0.020374688054524262,0.012029883885917567
1372,0.013000755762981089,0.020376553136965722,0.012002255194468991
1373,0.013014971372594601,0.020378381208328206,0.011974593692895384
1374,0.013029187140973708,0.020380172241355694,0.011946899469964009
1375,0.013043403043687025,0.020381926208891649,0.011919172614594298
1376,0.013057619056288437,0.020383643083879115,0.011891413215857538
1377,0.013071835154317131,0.020385322839360922,0.011863621362976541
1378,0.013086051313297686,0.020386965448479757,0.011835797145325308
1379,0.013100267508740111,0.020388570884478326,0.011807940652428708
1380,0.013114483716139937,0.020390139120699466,0.01178005197396214
1381,0.013128699910978245,0.020391670130586303,0.011752131199751206
1382,0.013142916068721762,0.020393163887682361,0.011724178419771379
1383,0.013157132164822893,0.020394620365631715,0.011696193724147668
1384,0.013171348174719813,0.020396039538179096,0.01166817720315429
1385,0.013185564073836512,0.020397421379170052,0.011640128947214327
1386,0.013199779837582861,0.020398765862551047,0.011612049046899406
1387,0.013213995441354678,0.020400072962369623,0.011583937592929345
1388,0.013228210860533787,0.020401342652774504,0.01155579467617183
1389,0.013242426070488093,0.020402574908015732,0.011527620387642072
1390,0.01325664104657163,0.020403769702444809,0.011499414818502474
1391,0.013270855764124635,0.020404927010514808,0.01147117806006229
1392,0.013285070198473602,0.020406046806780518,0.011442910203777289
1393,0.013299284324931363,0.020407129065898564,0.011414611341249402
1394,0.013313498118797132,0.020408173762627529,0.011386281564226402
1395,0.013327711555356579,0.020409180871828084,0.011357920964601545
1396,0.013341924609881893,0.020410150368463137,0.011329529634413244
1397,0.013356137257631847,0.020411082227597917,0.01130110766584471
1398,0.013370349473851857,0.020411976424400135,0.011272655151223625
1399,0.01338456123377405,0.020412832934140104,0.011244172183021782
1400,0.013398772512617327,0.020413651732190865,0.011215658853854756
1401,0.013412983285587425,0.020414432794028287,0.011187115256481544
1402,0.013427193527876986,0.020415176095231233,0.011158541483804227
1403,0.013441403214665625,0.02041588161148165,0.011129937628867621
1404,0.01345561232111998,0.020416549318564719,0.011101303784858926
1405,0.013469820822393792,0.020417179192368962,0.011072640045107395
1406,0.013484028693627951,0.020417771208886364,0.011043946503083961
1407,0.013498235909950584,0.020418325344212531,0.011015223252400902
1408,0.013512442446477103,0.020418841574546754,0.010986470386811482
1409,0.013526648278310275,0.02041931987619218,0.010957688000209619
1410,0.013540853380540287,0.020419760225555909,0.010928876186629502
1411,0.013555057728244804,0.020420162599149128,0.010900035040245261
1412,0.013569261296489049,0.02042052697358723,0.01087116465537062
1413,0.013583464060325861,0.020420853325589926,0.010842265126458518
1414,0.013597665994795748,0.020421141631981384,0.010813336548100771
1415,0.013611867074926964,0.020421391869690338,0.010784379015027726
1416,0.013626067275735584,0.020421604015750196,0.010755392622107878
1417,0.013640266572225543,0.02042177804729918,0.01072637746434754
1418,0.013654464939388718,0.020421913941580445,0.010697333636890467
1419,0.013668662352205008,0.020422011675942181,0.010668261235017516
1420,0.013682858785642361,0.020422071227837745,0.010639160354146264
1421,0.013697054214656869,0.02042209257482577,0.01061003108983068
1422,0.013711248614192829,0.020422075694570295,0.010580873537760735
1423,0.013725441959182814,0.020422020564840885,0.010551687793762055
1424,0.013739634224547714,0.020421927163512727,0.01052247395379557
1425,0.013753825385196827,0.020421795468566758,0.010493232113957125
1426,0.013768015416027917,0.020421625458089794,0.010463962370477142
1427,0.01378220429192727,0.020421417110274617,0.010434664819720251
1428,0.013796391987769782,0.020421170403420136,0.01040533955818492
1429,0.013810578478419005,0.020420885315931454,0.010375986682503096
1430,0.01382476373872722,0.020420561826320009,0.010346606289439834
1431,0.013838947743535498,0.020420199913203669,0.010317198475892941
1432,0.013853130467673782,0.020419799555306879,0.010287763338892596
1433,0.013867311885960932,0.020419360731460747,0.010258300975600996
1434,0.013881491973204811,0.02041888342060318,0.010228811483311982
1435,0.013895670704202341,0.020418367601778984,0.010199294959450671
1436,0.013909848053739567,0.020417813254139956,0.010169751501573086
1437,0.013924023996591725,0.020417220356945025,0.010140181207365784
1438,0.013938198507523319,0.020416588889560376,0.010110584174645493
1439,0.013952371561288169,0.020415918831459514,0.010080960501358734
1440,0.013966543132629497,0.020415210162223425,0.010051310285581457
1441,0.013980713196279988,0.020414462861540653,0.010021633625518663
1442,0.013994881726961844,0.02041367690920743,0.0099919306195040327
1443,0.014009048699386862,0.020412852285127767,0.0099622013659995436
1444,0.014023214088256505,0.020411988969313597,0.0099324459635951115
1445,0.014037377868261957,0.020411086941884836,0.009902664511008203
1446,0.014051540014084206,0.02041014618306955,0.0098728571070834745
1447,0.014065700500394096,0.020409166673204013,0.0098430238507923803
1448,0.014079859301852397,0.020408148392732844,0.0098131648412328049
1449,0.014094016393109882,0.020407091322209095,0.0097832801776286758
1450,0.014108171748807378,0.020405995442294374,0.0097533699593296049
1451,0.014122325343575857,0.020404860733758971,0.0097234342858104929
1452,0.014136477152036477,0.020403687177481908,0.0096934732566711524
1453,0.014150627148800667,0.020402474754451092,0.0096634869716359338
1454,0.01416477530847019,0.020401223445763422,0.0096334755305533398
1455,0.014178921605637208,0.020399933232624859,0.0096034390333956388
1456,0.01419306601488435,0.020398604096350564,0.0095733775802585037
1457,0.014207208510784778,0.020397236018364989,0.0095432912713606065
1458,0.014221349067902272,0.02039582898020199,0.0095131802070432467
1459,0.01423548766079127,0.020394382963504928,0.0094830444877699715
1460,0.014249624263996948,0.020392897950026762,0.0094528842141261768
1461,0.014263758852055301,0.020391373921630158,0.0094226994868187412
1462,0.014277891399493191,0.020389810860287613,0.0093924904066756184
1463,0.014292021880828428,0.020388208748081522,0.0093622570746454744
1464,0.014306150270569822,0.020386567567204299,0.0093319995917972801
1465,0.014320276543217271,0.020384887299958486,0.0093017180593199418
1466,0.014334400673261824,0.020383167928756839,0.009271412578521902
1467,0.014348522635185743,0.020381409436122447,0.0092410832508307544
1468,0.014362642403462576,0.020379611804688811,0.0092107301777928554
1469,0.014376759952557217,0.020377775017199957,0.0091803534610729338
1470,0.014390875256925992,0.020375899056510542,0.009149953202453702
1471,0.014404988291016711,0.020373983905585938,0.0091195295038354642
1472,0.014419099029268734,0.020372029547502328,0.0090890824672357207
1473,0.014433207446113061,0.020370035965446846,0.0090586121947887812
1474,0.014447313515972381,0.020368003142717618,0.0090281187887453745
1475,0.014461417213261142,0.020365931062723892,0.008997602351472244
1476,0.014475518512385634,0.020363819708986142,0.0089670629854517667
1477,0.01448961738774404,0.020361669065136142,0.008936500793281555
1478,0.014503713813726516,0.020359479114917079,0.0089059158776740519
1479,0.014517807764715255,0.020357249842183643,0.0088753083414561534
1480,0.01453189921508456,0.020354981230902125,0.0088446782875687968
1481,0.014545988139200914,0.020352673265150511,0.0088140258190665711
1482,0.014560074511423047,0.020350325929118587,0.008783351039117317
1483,0.014574158306101995,0.020347939207108021,0.0087526540510017327
1484,0.014588239497581175,0.020345513083532451,0.0087219349581129715
1485,0.014602318060196476,0.02034304754291761,0.0086911938639562467
1486,0.014616393968276293,0.020340542569901386,0.0086604308721484318
1487,0.014630467196141616,0.020337998149233927,0.0086296460864176503
1488,0.014644537718106095,0.020335414265777743,0.0085988396106028951
1489,0.01465860550847612,0.020332790904507785,0.0085680115486536056
1490,0.014672670541550865,0.020330128050511542,0.008537162004629284
1491,0.01468673279162239,0.02032742568898915,0.0085062910826990794
1492,0.014700792232975681,0.020324683805253443,0.0084753988871413884
1493,0.014714848839888732,0.020321902384730087,0.0084444855223434583
1494,0.014728902586632632,0.020319081412957643,0.008413551092800977
1495,0.014742953447471591,0.020316220875587682,0.0083825957031176661
1496,0.014757001396663059,0.020313320758384826,0.0083516194580048851
1497,0.014771046408457762,0.020310381047226905,0.0083206224622812148
1498,0.014785088457099789,0.020307401728104978,0.0082896048208720569
1499,0.014799127516826646,0.020304382787123487,0.0082585666388092279
1500,0.014813163561869338,0.020301324210500276,0.0082275080212305483
1501,0.01482719656645245,0.020298225984566754,0.0081964290733794395
1502,0.014841226504794186,0.020295088095767914,0.0081653299006045118
1503,0.014855253351106464,0.020291910530662458,0.0081342106083591558
1504,0.014869277079594977,0.020288693275922871,0.0081030713022011303
1505,0.014883297664459264,0.020285436318335515,0.0080719120877921578
1506,0.014897315079892786,0.020282139644800707,0.0080407330708975149
1507,0.01491132930008298,0.020278803242332812,0.0080095343573856111
1508,0.014925340299211352,0.020275427098060309,0.0079783160532275865
1509,0.014939348051453529,0.020272011199225917,0.0079470782644968999
1510,0.01495335253097934,0.020268555533186614,0.0079158210973689098
1511,0.014967353711952873,0.020265060087413789,0.0078845446581204646
1512,0.014981351568532572,0.020261524849493291,0.0078532490531294935
1513,0.014995346074871272,0.020257949807125503,0.007821934388874581
1514,0.015009337205116293,0.020254334948125445,0.0077906007719345631
1515,0.015023324933409504,0.020250680260422843,0.007759248308988104
1516,0.015037309233887406,0.020246985732062215,0.0077278771068132867
1517,0.015051290080681182,0.020243251351202945,0.007696487272287192
1518,0.015065267447916773,0.02023947710611939,0.0076650789123854863
1519,0.015079241309714957,0.020235662985200926,0.007633652134182
1520,0.015093211640191428,0.020231808976952065,0.0076022070448483131
1521,0.01510717841345683,0.020227915069992487,0.0075707437516533338
1522,0.015121141603616876,0.020223981253057164,0.0075392623619628804
1523,0.015135101184772381,0.020220007514996401,0.007507762983239262
1524,0.015149057131019347,0.020215993844775949,0.0074762457230408601
1525,0.01516300941644904,0.020211940231477054,0.0074447106890217062
1526,0.015176958015148047,0.02020784666429656,0.0074131579889310647
1527,0.015190902901198369,0.020203713132546972,0.0073815877306130052
1528,0.015204844048677469,0.020199539625656533,0.0073500000220059853
1529,0.01521878143165834,0.020195326133169298,0.0073183949711424301
1530,0.015232715024209609,0.020191072644745209,0.0072867726861483009
1531,0.015246644800395578,0.020186779150160185,0.0072551332752426815
1532,0.015260570734276306,0.020182445639306181,0.0072234768467373507
1533,0.015274492799907688,0.020178072102191271,0.0071918035090363557
1534,0.015288410971341503,0.020173658528939726,0.00716011337063559
1535,0.015302325222625503,0.020169204909792061,0.0071284065401223673
1536,0.015316235527803482,0.020164711235105149,0.0070966831261749961
1537,0.01533014186091535,0.020160177495352257,0.0070649432375623532
1538,0.015344044195997197,0.020155603681123152,0.0070331869831434567
1539,0.015357942507081376,0.020150989783124143,0.0070014144718670412
1540,0.015371836768196558,0.020146335792178172,0.0069696258127711274
1541,0.015385726953367823,0.020141641699224867,0.0069378211149825923
1542,0.015399613036616704,0.020136907495320648,0.0069060004877167444
1543,0.015413494991961299,0.020132133171638755,0.0068741640402768976
1544,0.015427372793416301,0.02012731871946935,0.0068423118820539327
1545,0.015441246414993103,0.020122464130219557,0.0068104441225258737
1546,0.015455115830699837,0.020117569395413554,0.0067785608712574563
1547,0.015468981014541479,0.020112634506692654,0.0067466622378996978
1548,0.015482841940519904,0.020107659455815333,0.0067147483321894621
1549,0.015496698582633955,0.020102644234657321,0.0066828192639490323
1550,0.015510550914879521,0.020097588835211684,0.0066508751430856767
1551,0.015524398911249616,0.020092493249588849,0.0066189160795912137
1552,0.015538242545734417,0.020087357470016724,0.0065869421835415857
1553,0.015552081792321391,0.020082181488840719,0.0065549535650964155
1554,0.015565916624995317,0.020076965298523836,0.0065229503344985812
1555,0.015579747017738394,0.020071708891646733,0.0064909326020737776
1556,0.015593572944530282,0.02006641226090778,0.0064589004782300806
1557,0.015607394379348204,0.020061075399123121,0.0064268540734575118
1558,0.015621211296167,0.020055698299226748,0.0063947934983276051
1559,0.015635023668959191,0.020050280954270569,0.0063627188634929697
1560,0.015648831471695084,0.020044823357424454,0.0063306302796868547
1561,0.015662634678342807,0.020039325501976311,0.0062985278577227088
1562,0.015676433262868404,0.020033787381332151,0.0062664117084937432
1563,0.0156902271992359,0.020028208989016132,0.0062342819429724973
1564,0.015704016461407375,0.020022590318670638,0.0062021386722103927
1565,0.015717801023343032,0.020016931364056335,0.0061699820073373053
1566,0.015731580859001292,0.02001123211905223,0.0061378120595611168
1567,0.015745355942338817,0.020005492577655722,0.0061056289401672775
1568,0.015759126247310632,0.019999712733982683,0.0060734327605183724
1569,0.015772891747870183,0.019993892582267511,0.0060412236320536699
1570,0.015786652417969393,0.019988032116863164,0.0060090016662886873
1571,0.015800408231558753,0.019982131332241266,0.0059767669748147494
1572,0.015814159162587386,0.019976190222992112,0.0059445196692985485
1573,0.015827905185003124,0.019970208783824762,0.0059122598614816946
1574,0.015841646272752578,0.019964187009567088,0.0058799876631802821
1575,0.015855382399781209,0.019958124895165828,0.0058477031862844411
1576,0.015869113540033404,0.019952022435686646,0.0058154065427578946
1577,0.015882839667452554,0.019945879626314184,0.0057830978446375188
1578,0.015896560755981115,0.019939696462352122,0.0057507772040328933
1579,0.015910276779560677,0.019933472939223231,0.0057184447331258608
1580,0.015923987712132062,0.019927209052469426,0.0056861005441700809
1581,0.015937693527635369,0.019920904797751823,0.0056537447494905812
1582,0.015951394200010072,0.01991456017085079,0.0056213774614833172
1583,0.01596508970319507,0.019908175167666006,0.0055889987926147243
1584,0.015978780011128763,0.019901749784216511,0.0055566088554212714
1585,0.015992465097749139,0.01989528401664074,0.0055242077625090097
1586,0.016006144936993847,0.019888777861196617,0.0054917956265531313
1587,0.01601981950280025,0.019882231314261561,0.0054593725602975198
1588,0.016033488769105524,0.019875644372332576,0.0054269386765543014
1589,0.016047152709846694,0.019869017032026263,0.0053944940882033965
1590,0.01606081129896076,0.019862349290078917,0.0053620389081920723
1591,0.016074464510384724,0.019855641143348514,0.0053295732495344918
1592,0.016088112318055677,0.019848892588808831,0.0052970972253112624
1593,0.01610175469591088,0.01984210362355545,0.0052646109486689926
1594,0.016115391617887841,0.019835274244803823,0.0052321145328198364
1595,0.016129023057924359,0.019828404449889304,0.0051996080910410433
1596,0.016142648989958631,0.019821494236267213,0.00516709173667451
1597,0.016156269387929315,0.019814543601512878,0.0051345655831263248
1598,0.016169884225775581,0.019807552543321689,0.0051020297438663193
1599,0.016183493477437225,0.019800521059509125,0.0050694843324276149
1600,0.016197097116854711,0.019793449148010813,0.0050369294624061688
1601,0.01621069511796925,0.01978633680688258,0.005004365247460325
1602,0.016224287454722885,0.019779184034300477,0.0049717918013103572
1603,0.016237874101058546,0.019771990828560852,0.0049392092377380167
1604,0.016251455030920136,0.019764757188080368,0.0049066176705860809
1605,0.016265030218252617,0.019757483111396055,0.004874017213757899
1606,0.016278599637002053,0.019750168597165368,0.0048414079812169322
1607,0.016292163261115707,0.019742813644166218,0.0048087900869863039
1608,0.0163057210645421,0.019735418251296998,0.0047761636451483435
1609,0.016319273021231095,0.019727982417576659,0.0047435287698441289
1610,0.016332819105133959,0.019720506142144722,0.0047108855752730312
1611,0.016346359290203463,0.019712989424261328,0.0046782341756922592
1612,0.016359893550393911,0.019705432263307308,0.0046455746854164063
1613,0.016373421859661251,0.01969783465878416,0.0046129072188169857
1614,0.01638694419196314,0.019690196610314143,0.0045802318903219782
1615,0.01640046052125901,0.019682518117640293,0.0045475488144153765
1616,0.016413970821510148,0.019674799180626482,0.004514858105636726
1617,0.016427475066679759,0.019667039799257421,0.0044821598785806591
1618,0.016440973230733069,0.019659239973638731,0.0044494542478964484
1619,0.016454465287637349,0.019651399703996968,0.0044167413282875405
1620,0.01646795121136204,0.019643518990679652,0.0043840212345110981
1621,0.016481430975878793,0.019635597834155319,0.0043512940813775448
1622,0.016494904555161557,0.019627636235013565,0.0043185599837500983
1623,0.01650837192318665,0.019619634193965032,0.0042858190565443158
1624,0.016521833053932823,0.0196115917118415,0.0042530714147276287
1625,0.016535287921381359,0.019603508789595898,0.0042203171733188891
1626,0.01654873649951611,0.019595385428302338,0.0041875564473879004
1627,0.016562178762323614,0.019587221629156156,0.0041547893520549641
1628,0.016575614683793136,0.019579017393473942,0.0041220160024904124
1629,0.01658904423791675,0.019570772722693565,0.0040892365139141478
1630,0.016602467398689414,0.019562487618374209,0.0040564510015951814
1631,0.016615884140109054,0.019554162082196427,0.0040236595808511716
1632,0.016629294436176612,0.019545796115962136,0.0039908623670479584
1633,0.016642698260896146,0.019537389721594672,0.0039580594755991017
1634,0.016656095588274897,0.01952894290113881,0.0039252510219654185
1635,0.016669486392323352,0.019520455656760815,0.0038924371216545175
1636,0.016682870647055332,0.019511927990748447,0.0038596178902203402
1637,0.016696248326488059,0.019503359905511008,0.0038267934432626898
1638,0.016709619404642228,0.019494751403579348,0.0037939638964267714
1639,0.016722983855542096,0.019486102487605926,0.0037611293654027261
1640,0.016736341653215522,0.019477413160364811,0.0037282899659251642
1641,0.01674969277169407,0.019468683424751713,0.0036954458137727028
1642,0.016763037185013093,0.01945991328378404,0.0036625970247674976
1643,0.016776374867211764,0.019451102740600888,0.0036297437147747784
1644,0.016789705792333198,0.019442251798463081,0.0035968859997023844
1645,0.016803029934424486,0.0194333604607532,0.0035640239955002945
1646,0.016816347267536794,0.0194244287309756,0.0035311578181601629
1647,0.016829657765725429,0.019415456612756447,0.0034982875837148504
1648,0.01684296140304992,0.019406444109843737,0.0034654134082379622
1649,0.016856258153574076,0.01939739122610731,0.0034325354078433732
1650,0.016869547991366064,0.019388297965538891,0.0033996536986847653
1651,0.016882830890498513,0.019379164332252105,0.0033667683969551576
1652,0.016896106825048541,0.019369990330482506,0.0033338796188864392
1653,0.016909375769097859,0.019360775964587584,0.0033009874807488999
1654,0.016922637696732825,0.019351521239046779,0.0032680920988507611
1655,0.016935892582044566,0.019342226158461564,0.0032351935895377107
1656,0.016949140399128981,0.019332890727555382,0.0032022920691924272
1657,0.01696238112208686,0.01932351495117373,0.0031693876542341157
1658,0.016975614725023964,0.019314098834284133,0.0031364804611180366
1659,0.016988841182051066,0.019304642381976211,0.0031035706063350372
1660,0.017002060467284055,0.01929514559946165,0.0030706582064110774
1661,0.017015272554843992,0.019285608492074249,0.0030377433779067639
1662,0.017028477418857199,0.019276031065269955,0.0030048262374168782
1663,0.017041675033455314,0.019266413324626825,0.0029719069015699032
1664,0.017054865372775382,0.019256755275845094,0.002938985487027557
1665,0.017068048410959932,0.019247056924747177,0.0029060621104843184
1666,0.01708122412215702,0.019237318277277669,0.0028731368886669548
1667,0.017094392480520346,0.019227539339503396,0.0028402099383340522
1668,0.017107553460209299,0.019217720117613388,0.002807281376275545
1669,0.017120707035389038,0.019207860617918932,0.002774351319312239
1670,0.017133853180230571,0.019197960846853563,0.0027414198842953437
1671,0.017146991868910826,0.019188020810973087,0.0027084871881059977
1672,0.01716012307561272,0.01917804051695559,0.0026755533476547954
1673,0.017173246774525242,0.019168019971601464,0.0026426184798813163
1674,0.017186362939843533,0.019157959181833394,0.0026096827017536503
1675,0.017199471545768931,0.019147858154696405,0.0025767461302679232
1676,0.017212572566509085,0.01913771689735784,0.0025438088824478251
1677,0.017225665976277987,0.019127535417107395,0.0025108710753441359
1678,0.017238751749296091,0.019117313721357113,0.0024779328260342522
1679,0.017251829859790353,0.01910705181764142,0.0024449942516217124
1680,0.01726490028199432,0.019096749713617103,0.0024120554692357225
1681,0.017277962990148193,0.019086407417063345,0.0023791165960306802
1682,0.017291017958498925,0.01907602493588172,0.0023461777491857031
1683,0.017304065161300255,0.0190656022780962,0.0023132390459041506
1684,0.017317104572812828,0.019055139451853172,0.0022803006034131518
1685,0.017330136167304232,0.019044636465421448,0.0022473625389631273
1686,0.017343159919049094,0.019034093327192258,0.0022144249698273161
1687,0.017356175802329149,0.01902351004567928,0.002181488013301299
1688,0.017369183791433322,0.019012886629518624,0.0021485517867025229
1689,0.017382183860657773,0.019002223087468833,0.0021156164073698252
1690,0.017395175984306007,0.018991519428410927,0.0020826819926629573
1691,0.017408160136688923,0.018980775661348367,0.0020497486599621085
1692,0.017421136292124908,0.018969991795407089,0.0020168165266674304
1693,0.017434104424939902,0.018959167839835481,0.0019838857101985587
1694,0.01744706450946746,0.018948303804004404,0.0019509563279941373
1695,0.017460016520048825,0.018937399697407202,0.0019180284975113401
1696,0.017472960431033049,0.018926455529659669,0.0018851023362253957
1697,0.017485896216777007,0.018915471310500108,0.0018521779616291088
1698,0.017498823851645504,0.018904447049789264,0.0018192554912323839
1699,0.017511743310011332,0.018893382757510405,0.0017863350425617467
1700,0.017524654566255373,0.018882278443769249,0.0017534167331598677
1701,0.017537557594766644,0.018871134118794018,0.0017205006805850831
1702,0.017550452369942376,0.018859949792935388,0.0016875870024109167
1703,0.017563338866188109,0.018848725476666557,0.0016546758162256031
1704,0.017576217057917735,0.018837461180583163,0.0016217672396316083
1705,0.01758908691955359,0.018826156915403354,0.0015888613902451509
1706,0.01760194842552653,0.01881481269196774,0.0015559583856957248
1707,0.017614801550276005,0.01880342852123942,0.0015230583436256207
1708,0.017627646268250106,0.018792004414303943,0.0014901613816894446
1709,0.017640482553905702,0.018780540382369343,0.0014572676175536423
1710,0.017653310381708438,0.018769036436766126,0.0014243771688960179
1711,0.017666129726132858,0.018757492588947235,0.0013914901534052555
1712,0.017678940561662474,0.018745908850488102,0.0013586066887804396
1713,0.017691742862789819,0.018734285233086595,0.0013257268927305773
1714,0.017704536604016538,0.018722621748563019,0.0012928508829741152
1715,0.017717321759853456,0.018710918408860144,0.0012599787772384634
1716,0.017730098304820672,0.018699175226043155,0.0012271106932595132
1717,0.017742866213447589,0.018687392212299665,0.0011942467487811583
1718,0.017755625460273029,0.018675569379939715,0.0011613870615548149
1719,0.017768376019845301,0.018663706741395763,0.0011285317493389408
1720,0.017781117866722238,0.018651804309222655,0.0010956809298985556
1721,0.017793850975471332,0.018639862096097647,0.0010628347210047604
1722,0.017806575320669756,0.018627880114820378,0.0010299932404342575
1723,0.01781929087690446,0.018615858378312856,0.00099715660596886896
1724,0.017831997618772247,0.018603796899619465,0.00096432493539505765
1725,0.017844695520879836,0.01859169569190694,0.00093149834650344497
1726,0.017857384557843949,0.018579554768464367,0.00089867695708833052
1727,0.017870064704291377,0.018567374142703159,0.00086586088494721174
1728,0.017882735934859041,0.018555153828157051,0.00083305024788030168
1729,0.017895398224194097,0.018542893838482091,0.00080024516369004936
1730,0.017908051546953994,0.018530594187456621,0.00076744575018065735
1731,0.017920695877806533,0.018518254888981265,0.00073465212515760132
1732,0.017933331191429962,0.018505875957078928,0.00070186440642714819
1733,0.017945957462513037,0.01849345740589475,0.00066908271179587516
1734,0.017958574665755119,0.018480999249696123,0.0006363071590701877
1735,0.017971182775866214,0.018468501502872676,0.0006035378660558385
1736,0.017983781767567059,0.018455964179936227,0.00057077495055744539
1737,0.017996371615589202,0.018443387295520797,0.00053801853037800987
1738,0.018008952294675078,0.018430770864382582,0.00050526872331843511
1739,0.018021523779578084,0.018418114901399947,0.00047252564717704493
1740,0.018034086045062635,0.018405419421573394,0.00043978941974910071
1741,0.018046639065904261,0.01839268444002554,0.00040706015882632015
1742,0.01805918281688966,0.018379909972001122,0.00037433798219639505
1743,0.018071717272816791,0.018367096032866969,0.00034162300764250939
1744,0.018084242408494922,0.018354242638111966,0.00030891535294285706
1745,0.01809675819874473,0.018341349803347055,0.00027621513587015959
1746,0.018109264618398367,0.018328417544305208,0.00024352247419118418
1747,0.018121761642299519,0.018315445876841398,0.00021083748566626105
1748,0.018134249245303508,0.018302434816932587,0.00017816028804880149
1749,0.018146727402277334,0.018289384380677703,0.00014549099908481533
1750,0.018159196088099776,0.018276294584297626,0.00011282973651242852
1751,0.018171655277661434,0.018263165444135133,8.0176618061400575e-05
1752,0.018184104945864844,0.018249996976654935,4.7531761452642316e-05
1753,0.018196545067624508,0.018236789198443584,1.4895284397733188e-05
1754,0.01820897561786701,0.018223542126209507,-1.7732695401561207e-05
1755,0.018221396571531046,0.018210255776782942,-5.0352060253771727e-05
1756,0.018233807903567538,0.018196930167115929,-8.2962692478208289e-05
1757,0.018246209588939681,0.018183565314282286,-0.00011556447440544254
1758,0.018258601602623024,0.0181701612354776,-0.00014815728837779042
1759,0.018270983919605542,0.018156717948019156,-0.00018074101674979504
1760,0.01828335651488772,0.018143235469345955,-0.00021331554188870903
1761,0.018295719363482604,0.018129713817018656,-0.00024588074617497768
1762,0.0183080724404159,0.018116153008719573,-0.00027843651200272143
1763,0.018320415720726041,0.018102553062252624,-0.00031098272178021856
1764,0.018332749179464224,0.018088913995543323,-0.00034351925793038807
1765,0.018345072791694547,0.018075235826638732,-0.00037604600289127251
1766,0.018357386532494031,0.018061518573707445,-0.00040856283911652047
1767,0.01836969037695272,0.018047762255039561,-0.00044106964907586975
1768,0.018381984300173741,0.018033966889046647,-0.00047356631525562968
1769,0.01839426827727338,0.018020132494261706,-0.00050605272015916429
1770,0.018406542283381157,0.018006259089339137,-0.00053852874630737487
1771,0.018418806293639917,0.017992346693054728,-0.00057099427623918269
1772,0.01843106028320585,0.017978395324305608,-0.00060344919251201202
1773,0.018443304227248634,0.017964405002110204,-0.00063589337770227278
1774,0.018455538100951453,0.017950375745608232,-0.00066832671440584309
1775,0.018467761879511092,0.017936307574060641,-0.00070074908523855208
1776,0.018479975538138019,0.017922200506849603,-0.00073316037283666286
1777,0.018492179052056443,0.017908054563478448,-0.00076556045985735454
1778,0.01850437239650439,0.017893869763571674,-0.0007979492289792062
1779,0.01851655554673377,0.017879646126874853,-0.00083032656290267775
1780,0.018528728478010469,0.017865383673254638,-0.00086269234435059413
1781,0.018540891165614404,0.017851082422698727,-0.00089504645606862702
1782,0.018553043584839609,0.0178367423953158,-0.00092738878082577808
1783,0.018565185710994303,0.01782236361133549,-0.00095971920141486064
1784,0.018577317519400938,0.017807946091108362,-0.00099203760065298273
1785,0.01858943898539632,0.017793489855105864,-0.0010243438613820295
1786,0.01860155008433164,0.017778994923920283,-0.0010566378664691462
1787,0.018613650791572577,0.017764461318264712,-0.0010889194988072191
1788,0.018625741082499345,0.017749889058973015,-0.0011211886413153597
1789,0.01863782093250678,0.017735278166999775,-0.0011534451769393856
1790,0.018649890317004418,0.017720628663420272,-0.0011856889886523038
1791,0.018661949211416545,0.017705940569430419,-0.001217919959454791
1792,0.018673997591182302,0.017691213906346738,-0.0012501379723756788
1793,0.018686035431755735,0.01767644869560631,-0.0012823429104724328
1794,0.018698062708605863,0.017661644958766744,-0.0013145346568316368
1795,0.018710079397216764,0.017646802717506113,-0.0013467130945694742
1796,0.018722085473087652,0.017631921993622932,-0.0013788781068322089
1797,0.018734080911732929,0.017617002809036095,-0.0014110295767966684
1798,0.01874606568868227,0.017602045185784867,-0.0014431673876707256
1799,0.018758039779480706,0.01758704914602879,-0.0014752914226937798
1800,0.018770003159688683,0.017572014712047678,-0.0015074015651372395
1801,0.018781955804882126,0.017556941906241543,-0.0015394976983050025
1802,0.018793897690652525,0.017541830751130569,-0.0015715797055339384
1803,0.018805828792607008,0.017526681269355061,-0.0016036474701943697
1804,0.018817749086368411,0.017511493483675391,-0.0016357008756905536
1805,0.018829658547575349,0.01749626741697196,-0.001667739805461164
1806,0.018841557151882272,0.017481003092245151,-0.0016997641429797707
1807,0.018853444874959588,0.017465700532615262,-0.001731773771755322
1808,0.018865321692493647,0.017450359761322479,-0.0017637685753326257
1809,0.018877187580186913,0.017434980801726813,-0.0017957484372928293
1810,0.018889042513757968,0.01741956367730807,-0.0018277132412539015
1811,0.018900886468941613,0.017404108411665786,-0.0018596628708711137
1812,0.018912719421488925,0.017388615028519159,-0.0018915972098375187
1813,0.018924541347167336,0.017373083551707042,-0.0019235161418844331
1814,0.018936352221760707,0.017357514005187848,-0.0019554195507819174
1815,0.018948152021069396,0.017341906413039523,-0.0019873073203392553
1816,0.018959940720910336,0.017326260799459495,-0.0020191793344054355
1817,0.018971718297117097,0.017310577188764609,-0.002051035476869632
1818,0.01898348472553997,0.017294855605391075,-0.0020828756316616823
1819,0.018995239982046028,0.01727909607389443,-0.0021146996827525687
1820,0.019006984042519201,0.017263298618949454,-0.0021465075141548981
1821,0.019018716882860335,0.017247463265350156,-0.0021782990099233827
1822,0.019030438478987305,0.017231590038009673,-0.0022100740541553181
1823,0.019042148806835035,0.017215678961960263,-0.0022418325309910619
1824,0.019053847842355601,0.017199730062353199,-0.0022735743246145158
1825,0.019065535561518288,0.01718374336445876,-0.0023052993192536038
1826,0.019077211940309684,0.017167718893666136,-0.0023370073991807504
1827,0.019088876954733724,0.0171516566754834,-0.0023686984487133605
1828,0.019100530580811764,0.017135556735537433,-0.0024003723522142985
1829,0.019112172794582681,0.017119419099573867,-0.0024320289940923667
1830,0.019123803572102908,0.017103243793457026,-0.0024636682588027839
1831,0.01913542288944654,0.017087030843169884,-0.0024952900308476632
1832,0.019147030722705349,0.017070780274813974,-0.0025268941947764914
1833,0.019158627047988933,0.017054492114609351,-0.0025584806351866074
1834,0.019170211841424735,0.017038166388894539,-0.0025900492367236807
1835,0.019181785079158121,0.017021803124126447,-0.002621599884082186
1836,0.01919334673735245,0.017005402346880312,-0.0026531324620058857
1837,0.019204896792189168,0.016988964083849659,-0.0026846468552883043
1838,0.019216435219867854,0.016972488361846203,-0.0027161429487732075
1839,0.019227961996606299,0.016955975207799838,-0.0027476206273550781
1840,0.019239477098640576,0.016939424648758496,-0.0027790797759795925
1841,0.019250980502225113,0.016922836711888177,-0.0028105202796441021
1842,0.019262472183632771,0.016906211424472802,-0.0028419420233981051
1843,0.019273952119154891,0.016889548813914204,-0.002873344892343727
1844,0.019285420285101388,0.016872848907732042,-0.0029047287716361938
1845,0.019296876657800825,0.016856111733563731,-0.0029360935464843117
1846,0.019308321213600457,0.016839337319164375,-0.0029674391021509397
1847,0.019319753928866319,0.016822525692406717,-0.0029987653239534691
1848,0.01933117477998331,0.016805676881281068,-0.0030300720972642986
1849,0.019342583743355221,0.016788790913895218,-0.0030613593075113068
1850,0.019353980795404863,0.016771867818474402,-0.0030926268401783317
1851,0.019365365912574095,0.016754907623361206,-0.0031238745808056445
1852,0.019376739071323906,0.016737910357015499,-0.0031551024149904234
1853,0.019388100248134473,0.01672087604801439,-0.0031863102283872322
1854,0.019399449419505266,0.016703804725052132,-0.0032174979067084914
1855,0.019410786561955089,0.016686696416940053,-0.003248665335724953
1856,0.019422111652022157,0.016669551152606505,-0.0032798124012661791
1857,0.01943342466626417,0.016652368961096783,-0.0033109389892210105
1858,0.019444725581258367,0.016635149871573038,-0.0033420449855380437
1859,0.019456014373601626,0.016617893913314228,-0.0033731302762261047
1860,0.019467291019910512,0.016600601115716044,-0.0034041947473547225
1861,0.019478555496821346,0.016583271508290819,-0.0034352382850546008
1862,0.019489807780990295,0.016565905120667478,-0.0034662607755180947
1863,0.019501047849093414,0.016548501982591442,-0.0034972621049996814
1864,0.019512275677826735,0.016531062123924571,-0.0035282421598164327
1865,0.01952349124390633,0.016513585574645089,-0.0035592008263484885
1866,0.019534694524068388,0.016496072364847496,-0.0035901379910395284
1867,0.019545885495069287,0.016478522524742512,-0.0036210535403972451
1868,0.019557064133685638,0.016460936084656975,-0.0036519473609938151
1869,0.019568230416714367,0.016443313075033796,-0.0036828193394663716
1870,0.019579384320972823,0.016425653526431848,-0.0037136693625174745
1871,0.019590525823298774,0.016407957469525926,-0.0037444973169155835
1872,0.019601654900550554,0.01639022493510664,-0.0037753030894955276
1873,0.019612771529607068,0.01637245595408035,-0.0038060865671589771
1874,0.019623875687367912,0.01635465055746909,-0.0038368476368749135
1875,0.019634967350753391,0.016336808776410482,-0.0038675861856800994
1876,0.019646046496704643,0.016318930642157659,-0.0038983021006795504
1877,0.019657113102183668,0.016301016186079178,-0.0039289952690470037
1878,0.019668167144173399,0.016283065439658961,-0.0039596655780253882
1879,0.019679208599677808,0.016265078434496188,-0.0039903129149272947
1880,0.019690237445721931,0.016247055202305238,-0.004020937167135444
1881,0.019701253659351967,0.016228995774915597,-0.0040515382221031548
1882,0.019712257217635334,0.016210900184271782,-0.0040821159673548159
1883,0.019723248097660746,0.016192768462433241,-0.0041126702904863508
1884,0.019734226276538258,0.016174600641574294,-0.0041432010791656896
1885,0.01974519173139936,0.016156396753984031,-0.0041737082211332323
1886,0.019756144439397039,0.01613815683206625,-0.0042041916042023222
1887,0.019767084377705843,0.016119880908339344,-0.0042346511162597075
1888,0.019778011523521967,0.016101569015436246,-0.0042650866452660138
1889,0.019788925854063295,0.016083221186104307,-0.0042954980792562084
1890,0.01979982734656948,0.016064837453205253,-0.0043258853063400651
1891,0.019810715978302019,0.016046417849715076,-0.0043562482147026351
1892,0.01982159172654431,0.016027962408723947,-0.004386586692604711
1893,0.019832454568601748,0.016009471163436133,-0.0044169006283832895
1894,0.01984330448180174,0.015990944147169912,-0.0044471899104520426
1895,0.019854141443493827,0.015972381393357476,-0.0044774544273017795
1896,0.019864965431049719,0.015953782935544857,-0.0045076940675009124
1897,0.019875776421863382,0.015935148807391834,-0.0045379087196959211
1898,0.019886574393351102,0.015916479042671836,-0.004568098272611819
1899,0.01989735932295154,0.015897773675271867,-0.0045982626150526135
1900,0.019908131188125813,0.0158790327391924,-0.0046284016359017773
1901,0.019918889966357548,0.015860256268547285,-0.0046585152241227015
1902,0.019929635635152983,0.015841444297563678,-0.0046886032687591681
1903,0.019940368172041006,0.015822596860581947,-0.0047186656589358091
1904,0.019951087554573213,0.015803713992055556,-0.0047487022838585708
1905,0.019961793760324,0.015784795726551004,-0.0047787130328151746
1906,0.019972486766890628,0.015765842098747703,-0.004808697795175578
1907,0.019983166551893271,0.015746853143437906,-0.0048386564603924379
1908,0.019993833092975113,0.015727828895526617,-0.0048685889180015802
1909,0.020004486367802388,0.015708769390031473,-0.004898495057622446
1910,0.02001512635406447,0.015689674662082678,-0.0049283747689585619
1911,0.02002575302947392,0.015670544746922883,-0.0049582279417979998
1912,0.020036366371766565,0.01565137967990711,-0.0049880544660138373
1913,0.020046966358701568,0.015632179496502648,-0.0050178542315646169
1914,0.020057552968061481,0.015612944232288961,-0.0050476271284948049
1915,0.020068126177652326,0.015593673922957581,-0.0050773730469352487
1916,0.020078685965303652,0.015574368604312027,-0.0051070918771036426
1917,0.020089232308868606,0.015555028312267693,-0.0051367835093049808
1918,0.020099765186224021,0.015535653082851769,-0.0051664478339320226
1919,0.020110284575270435,0.015516242952203125,-0.0051960847414657396
1920,0.020120790453932207,0.015496797956572213,-0.0052256941224757842
1921,0.020131282800157555,0.015477318132320986,-0.0052552758676209397
1922,0.020141761591918616,0.015457803515922778,-0.0052848298676495846
1923,0.02015222680721155,0.015438254143962212,-0.0053143560134001414
1924,0.020162678424056557,0.015418670053135101,-0.0053438541958015359
1925,0.020173116420497999,0.015399051280248351,-0.0053733243058736585
1926,0.020183540774604412,0.015379397862219851,-0.0054027662347278143
1927,0.020193951464468611,0.015359709836078372,-0.0054321798735671792
1928,0.02020434846820774,0.015339987238963484,-0.0054615651136872556
1929,0.02021473176396334,0.015320230108125422,-0.0054909218464763319
1930,0.020225101329901407,0.015300438480925015,-0.00552024996341593
1931,0.020235457144212488,0.015280612394833547,-0.0055495493560812599
1932,0.020245799185111706,0.015260751887432691,-0.0055788199161416786
1933,0.020256127430838853,0.015240856996414384,-0.0056080615353611375
1934,0.020266441859658448,0.015220927759580729,-0.0056372741055986412
1935,0.020276742449859806,0.015200964214843874,-0.0056664575188086963
1936,0.0202870291797571,0.015180966400225929,-0.0056956116670417662
1937,0.02029730202768943,0.015160934353858855,-0.0057247364424447182
1938,0.020307560972020879,0.015140868113984348,-0.0057538317372612825
1939,0.020317805991140594,0.015120767718953739,-0.0057828974438324998
1940,0.020328037063462846,0.015100633207227885,-0.0058119334545971681
1941,0.020338254167427086,0.015080464617377061,-0.0058409396620922984
1942,0.02034845728149802,0.015060261988080862,-0.0058699159589535648
1943,0.020358646384165676,0.015040025358128078,-0.0058988622379157526
1944,0.020368821453945453,0.015019754766416588,-0.0059277783918132067
1945,0.02037898246937821,0.01499945025195327,-0.0059566643135802828
1946,0.020389129409030315,0.014979111853853875,-0.0059855198962517949
1947,0.020399262251493726,0.014958739611342911,-0.0060143450329634626
1948,0.020409380975386016,0.014938333563753545,-0.0060431396169523619
1949,0.020419485559350498,0.014917893750527491,-0.0060719035415573675
1950,0.02042957598205623,0.014897420211214893,-0.0061006367002196067
1951,0.020439652222198131,0.014876912985474213,-0.0061293389864828995
1952,0.020449714258497009,0.014856372113072128,-0.0061580102939942103
1953,0.020459762069699641,0.014835797633883402,-0.0061866505165040896
1954,0.02046979563457884,0.014815189587890798,-0.0062152595478671222
1955,0.020479814931933508,0.014794548015184933,-0.0062438372820423724
1956,0.020489819940588717,0.014773872955964187,-0.0062723836130938269
1957,0.020499810639395755,0.014753164450534586,-0.0063008984351908392
1958,0.020509787007232202,0.014732422539309675,-0.0063293816426085751
1959,0.020519749023001993,0.014711647262810419,-0.0063578331297284548
1960,0.020529696665635481,0.014690838661665073,-0.0063862527910385977
1961,0.020539629914089492,0.014669996776609077,-0.0064146405211342626
1962,0.020549548747347417,0.014649121648484937,-0.0064429962147182921
1963,0.020559453144419232,0.0146282133182421,-0.006471319766601551
1964,0.020569343084341597,0.014607271826936854,-0.0064996110717033713
1965,0.020579218546177922,0.014586297215732189,-0.0065278700250519942
1966,0.02058907950901839,0.014565289525897701,-0.0065560965217850075
1967,0.020598925951980075,0.014544248798809447,-0.0065842904571497855
1968,0.02060875785420696,0.014523175075949857,-0.00661245172650393
1969,0.02061857519487003,0.014502068398907591,-0.0066405802253157132
1970,0.020628377953167319,0.014480928809377425,-0.0066686758491645102
1971,0.020638166108323971,0.014459756349160146,-0.0066967384937412422
1972,0.020647939639592328,0.014438551060162402,-0.0067247680548488094
1973,0.020657698526251964,0.014417312984396616,-0.0067527644284025362
1974,0.02066744274760977,0.014396042163980842,-0.0067807275104306034
1975,0.020677172283000003,0.014374738641138645,-0.0068086571970744801
1976,0.020686887111784347,0.014353402458198982,-0.0068365533845893729
1977,0.020696587213351998,0.014332033657596084,-0.0068644159693446493
1978,0.020706272567119696,0.01431063228186933,-0.00689224484782428
1979,0.0207159431525318,0.014289198373663114,-0.0069200399166272734
1980,0.02072559894906037,0.014267731975726736,-0.0069478010724681035
1981,0.020735239936205192,0.01424623313091427,-0.0069755282121771525
1982,0.020744866093493883,0.014224701882184452,-0.0070032212327011401
1983,0.020754477400481919,0.014203138272600526,-0.0070308800311035605
1984,0.020764073836752717,0.014181542345330157,-0.0070585045045651069
1985,0.02077365538191768,0.014159914143645268,-0.0070860945503841109
1986,0.02078322201561628,0.014138253710921934,-0.007113650065976973
1987,0.020792773717516103,0.014116561090640264,-0.0071411709488785917
1988,0.020802310467312918,0.014094836326384249,-0.0071686570967427962
1989,0.020811832244730748,0.01407307946184165,-0.0071961084073427764
1990,0.02082133902952191,0.014051290540803877,-0.0072235247785715122
1991,0.020830830801467099,0.014029469607165846,-0.0072509061084422037
1992,0.020840307540375427,0.014007616704925856,-0.0072782522950886981
1993,0.020849769226084516,0.013985731878185463,-0.0073055632367659239
1994,0.020859215838460531,0.013963815171149347,-0.0073328388318503104
1995,0.020868647357398247,0.013941866628125186,-0.0073600789788402232
1996,0.020878063762821128,0.013919886293523523,-0.0073872835763563851
1997,0.020887465034681366,0.013897874211857626,-0.007414452523142304
1998,0.020896851152959948,0.013875830427743383,-0.0074415857180647029
1999,0.020906222097666731,0.013853754985899134,-0.0074686830601139401
2000,0.020915577848840482,0.013831647931145575,-0.0074957444484044398
2001,0.020924918386548967,0.013809509308405608,-0.0075227697821751132
2002,0.020934243690888973,0.013787339162704205,-0.007549758960789783
2003,0.020943553741986417,0.013765137539168285,-0.0075767118837376081
2004,0.020952848519996351,0.01374290448302657,-0.0076036284506335022
2005,0.020962128005103064,0.013720640039609461,-0.0076305085612185623
2006,0.020971392177520143,0.013698344254348911,-0.0076573521153604912
2007,0.020980641017490507,0.013676017172778263,-0.007684159013054013
2008,0.020989874505286478,0.013653658840532141,-0.0077109291544212987
2009,0.020999092621209855,0.013631269303346304,-0.0077376624397123873
2010,0.021008295345591965,0.013608848607057513,-0.0077643587693056034
2011,0.021017482658793715,0.013586396797603385,-0.0077910180437079793
2012,0.021026654541205666,0.013563913921022273,-0.0078176401635556697
2013,0.021035810973248081,0.01354140002345312,-0.0078442250296143767
2014,0.021044951935370992,0.013518855151135318,-0.0078707725427797602
2015,0.021054077408054265,0.013496279350408577,-0.0078972826040778661
2016,0.021063187371807644,0.013473672667712787,-0.0079237551146655281
2017,0.021072281807170811,0.013451035149587877,-0.007950189975830798
2018,0.021081360694713471,0.013428366842673673,-0.0079765870889933598
2019,0.021090424015035393,0.013405667793709764,-0.0080029463557049346
2020,0.021099471748766464,0.013382938049535362,-0.0080292676776497103
2021,0.021108503876566764,0.013360177657089157,-0.0080555509566447407
2022,0.021117520379126609,0.01333738666340918,-0.0080817960946403759
2023,0.021126521237166618,0.013314565115632667,-0.0081080029937206574
2024,0.021135506431437773,0.013291713060995908,-0.0081341715561037472
2025,0.021144475942721484,0.013268830546834115,-0.0081603016841423331
2026,0.021153429751829635,0.013245917620581275,-0.0081863932803240384
2027,0.021162367839604641,0.013222974329769998,-0.0082124462472718367
2028,0.02117129018691952,0.013200000722031393,-0.0082384604877444589
2029,0.021180196774677962,0.013176996845094919,-0.0082644359046368104
2030,0.021189087583814346,0.013153962746788227,-0.0082903724009803694
2031,0.021197962595293836,0.013130898475037041,-0.008316269879943607
2032,0.021206821790112428,0.013107804077864991,-0.0083421282448323877
2033,0.021215665149297007,0.013084679603393481,-0.0083679473990903846
2034,0.021224492653905407,0.013061525099841534,-0.0083937272462994723
2035,0.021233304285026459,0.013038340615525659,-0.0084194676901801577
2036,0.021242100023780065,0.013015126198859703,-0.0084451686345919687
2037,0.021250879851317253,0.012991881898354693,-0.0084708299835338577
2038,0.021259643748820216,0.012968607762618697,-0.0084964516411446134
2039,0.021268391697502404,0.012945303840356687,-0.0085220335117032753
2040,0.021277123678608546,0.01292197018037038,-0.0085475754996295165
2041,0.021285839673414755,0.012898606831558086,-0.0085730775094840644
2042,0.021294539663228512,0.012875213842914568,-0.0085985394459690903
2043,0.021303223629388784,0.012851791263530889,-0.0086239612139286225
2044,0.021311891553266071,0.012828339142594276,-0.0086493427183489419
2045,0.021320543416262435,0.012804857529387948,-0.0086746838643589844
2046,0.021329179199811605,0.01278134647329099,-0.0086999845572307433
2047,0.021337798885378973,0.012757806023778188,-0.0087252447023796684
2048,0.021346402454461715,0.012734236230419884,-0.0087504642053650647
2049,0.021354989888588805,0.012710637142881823,-0.0087756429718904884
2050,0.021363561169321085,0.012687008810925002,-0.0088007809078041541
2051,0.021372116278251294,0.01266335128440552,-0.008825877919099322
2052,0.02138065519700421,0.012639664613274424,-0.0088509339119147001
2053,0.021389177907236597,0.012615948847577569,-0.0088759487925348397
2054,0.021397684390637321,0.012592204037455441,-0.0089009224673905346
2055,0.021406174628927431,0.012568430233143026,-0.0089258548430592097
2056,0.021414648603860127,0.012544627484969647,-0.0089507458262653265
2057,0.021423106297220922,0.012520795843358813,-0.0089755953238807602
2058,0.021431547690827613,0.01249693535882806,-0.0090004032429252118
2059,0.021439972766530386,0.012473046081988804,-0.0090251694905665869
2060,0.021448381506211842,0.012449128063546189,-0.009049893974121398
2061,0.021456773891787101,0.01242518135429891,-0.0090745766010551492
2062,0.021465149905203783,0.012401206005139087,-0.0090992172789827307
2063,0.021473509528442129,0.012377202067052085,-0.0091238159156688085
2064,0.021481852743515013,0.012353169591116379,-0.0091483724190282115
2065,0.021490179532468043,0.012329108628503373,-0.0091728866971263218
2066,0.021498489877379564,0.012305019230477264,-0.009197358658179472
2067,0.021506783760360755,0.012280901448394881,-0.0092217882105553213
2068,0.021515061163555664,0.012256755333705517,-0.0092461752627732499
2069,0.021523322069141256,0.012232580937950783,-0.0092705197235047419
2070,0.021531566459327491,0.012208378312764431,-0.0092948215015737773
2071,0.021539794316357379,0.012184147509872224,-0.0093190805059572088
2072,0.021548005622506989,0.012159888581091755,-0.0093432966457851537
2073,0.02155620036008556,0.012135601578332289,-0.0093674698303413788
2074,0.021564378511435525,0.012111286553594612,-0.0093915999690636735
2075,0.021572540058932579,0.01208694355897086,-0.0094156869715442456
2076,0.021580684984985707,0.012062572646644372,-0.0094397307475301024
2077,0.02158881327203728,0.012038173868889519,-0.0094637312069234241
2078,0.021596924902563087,0.012013747278071545,-0.009487688259781954
2079,0.021605019859072386,0.011989292926646408,-0.0095116018163193712
2080,0.02161309812410795,0.01196481086716061,-0.009535471786905678
2081,0.021621159680246145,0.011940301152251052,-0.0095592980820675671
2082,0.021629204510096953,0.011915763834644846,-0.0095830806124888156
2083,0.021637232596304064,0.011891198967159176,-0.0096068192890106513
2084,0.021645243921544908,0.011866606602701122,-0.0096305140226321442
2085,0.021653238468530706,0.011841986794267496,-0.0096541647245105625
2086,0.021661216220006507,0.011817339594944676,-0.009677771305961768
2087,0.021669177158751284,0.011792665057908455,-0.0097013336784605737
2088,0.021677121267577957,0.011767963236423857,-0.0097248517536411318
2089,0.021685048529333451,0.01174323418384499,-0.0097483254432973072
2090,0.021692958926898757,0.011718477953614873,-0.0097717546593830487
2091,0.021700852443188975,0.011693694599265267,-0.0097951393140127616
2092,0.02170872906115337,0.011668884174416505,-0.0098184793194616721
2093,0.021716588763775423,0.011644046732777337,-0.0098417745881662095
2094,0.021724431534072892,0.01161918232814476,-0.0098650250327243696
2095,0.021732257355097855,0.011594291014403848,-0.0098882305658960935
2096,0.021740066209936772,0.01156937284552758,-0.0099113911006036316
2097,0.021747858081710512,0.011544427875576678,-0.0099345065499319134
2098,0.021755632953574446,0.011519456158699445,-0.0099575768271289097
2099,0.021763390808718454,0.011494457749131586,-0.0099806018456060127
2100,0.021771131630367032,0.01146943270119604,-0.01000358151893839
2101,0.021778855401779276,0.011444381069302807,-0.010026515760865357
2102,0.021786562106248991,0.011419302907948788,-0.01004940448529074
2103,0.021794251727104717,0.011394198271717611,-0.010072247606283245
2104,0.021801924247709794,0.011369067215279463,-0.010095045038076822
2105,0.021809579651462369,0.011343909793390911,-0.010117796695071023
2106,0.021817217921795518,0.011318726060894742,-0.010140502491831368
2107,0.021824839042177246,0.011293516072719792,-0.010163162343089704
2108,0.021832442996110559,0.011268279883880754,-0.010185776163744571
2109,0.021840029767133513,0.011243017549478039,-0.010208343868861559
2110,0.021847599338819253,0.011217729124697569,-0.010230865373673672
2111,0.02185515169477607,0.011192414664810635,-0.010253340593581685
2112,0.021862686818647475,0.011167074225173695,-0.010275769444154498
2113,0.021870204694112189,0.011141707861228227,-0.010298151841129503
2114,0.021877705304884271,0.011116315628500531,-0.010320487700412932
2115,0.021885188634713108,0.011090897582601586,-0.010342776938080224
2116,0.021892654667383504,0.011065453779226835,-0.010365019470376368
2117,0.021900103386715698,0.011039984274156051,-0.01038721521371627
2118,0.02190753477656544,0.011014489123253132,-0.0104093640846851
2119,0.021914948820824034,0.010988968382465944,-0.01043146600003865
2120,0.021922345503418358,0.010963422107826137,-0.010453520876703686
2121,0.021929724808310971,0.010937850355448966,-0.010475528631778298
2122,0.021937086719500131,0.01091225318153312,-0.010497489182532245
2123,0.021944431221019831,0.010886630642360548,-0.010519402446407325
2124,0.021951758296939863,0.010860982794296278,-0.010541268341017714
2125,0.021959067931365872,0.010835309693788235,-0.010563086784150306
2126,0.021966360108439404,0.010809611397367073,-0.010584857693765083
2127,0.021973634812337953,0.010783887961645993,-0.010606580987995443
2128,0.021980892027275,0.010758139443320554,-0.010628256585148557
2129,0.021988131737500072,0.010732365899168516,-0.010649884403705717
2130,0.021995353927298792,0.010706567386049646,-0.010671464362322679
2131,0.022002558580992926,0.010680743960905535,-0.010692996379830002
2132,0.022009745682940434,0.010654895680759438,-0.010714480375233409
2133,0.022016915217535508,0.010629022602716072,-0.010735916267714111
2134,0.022024067169208624,0.010603124783961443,-0.010757303976629167
2135,0.022031201522426595,0.010577202281762675,-0.010778643421511811
2136,0.022038318261692634,0.010551255153467821,-0.010799934522071808
2137,0.022045417371546368,0.010525283456505677,-0.010821177198195782
2138,0.022052498836563909,0.01049928724838561,-0.010842371369947566
2139,0.022059562641357895,0.010473266586697375,-0.010863516957568533
2140,0.022066608770577544,0.010447221529110923,-0.010884613881477949
2141,0.022073637208908686,0.010421152133376231,-0.010905662062273287
2142,0.022080647941073839,0.010395058457323112,-0.010926661420730583
2143,0.022087640951832223,0.010368940558861034,-0.010947611877804773
2144,0.02209461622597983,0.010342798495978935,-0.010968513354630014
2145,0.022101573748349458,0.010316632326745038,-0.010989365772520028
2146,0.022108513503810771,0.010290442109306677,-0.011010169052968446
2147,0.022115435477270341,0.010264227901890102,-0.011030923117649119
2148,0.022122339653671684,0.010237989762800295,-0.011051627888416474
2149,0.022129226017995315,0.010211727750420788,-0.011072283287305824
2150,0.02213609455525881,0.010185441923213481,-0.011092889236533716
2151,0.02214294525051682,0.010159132339718449,-0.011113445658498252
2152,0.022149778088861136,0.010132799058553752,-0.011133952475779424
2153,0.022156593055420743,0.010106442138415274,-0.011154409611139438
2154,0.022163390135361855,0.010080061638076508,-0.011174816987523043
2155,0.022170169313887964,0.01005365761638838,-0.011195174528057864
2156,0.022176930576239883,0.010027230132279064,-0.011215482156054722
2157,0.022183673907695788,0.010000779244753797,-0.011235739795007966
2158,0.022190399293571278,0.0099743050128946794,-0.011255947368595792
2159,0.022197106719219428,0.0099478074958604997,-0.011276104800680573
2160,0.022203796170030796,0.009921286752886541,-0.011296212015309172
2161,0.022210467631433493,0.0098947428432843883,-0.011316268936713276
2162,0.022217121088893232,0.0098681758264417465,-0.011336275489309712
2163,0.02222375652791337,0.0098415857618222493,-0.011356231597700774
2164,0.022230373934034934,0.0098149727089652649,-0.011376137186674535
2165,0.02223697329283671,0.0097883367274857139,-0.01139599218120517
2166,0.022243554589935242,0.0097616778770738717,-0.011415796506453283
2167,0.022250117810984904,0.009734996217495186,-0.01143555008776621
2168,0.022256662941677934,0.0097082918085900777,-0.011455252850678357
2169,0.022263189967744467,0.0096815647102737601,-0.011474904720911495
2170,0.022269698874952615,0.0096548149825360294,-0.01149450562437508
2171,0.022276189649108467,0.0096280426854410978,-0.01151405548716658
2172,0.022282662276056166,0.0096012478791273823,-0.011533554235571782
2173,0.022289116741677946,0.0095744306238073201,-0.011553001796065103
2174,0.022295553031894164,0.0095475909797671787,-0.011572398095309905
2175,0.022301971132663346,0.0095207290073668505,-0.011591743060158808
2176,0.022308371029982246,0.0094938447670396744,-0.011611036617653996
2177,0.022314752709885883,0.0094669383192922431,-0.011630278695027536
2178,0.022321116158447563,0.0094400097247041934,-0.011649469219701681
2179,0.022327461361778968,0.0094130590439280223,-0.011668608119289181
2180,0.022333788306030156,0.0093860863376889047,-0.011687695321593587
2181,0.02234009697738961,0.0093590916667844679,-0.011706730754609563
2182,0.022346387362084306,0.0093320750920846303,-0.011725714346523189
2183,0.022352659446379722,0.0093050366745313865,-0.011744646025712263
2184,0.022358913216579922,0.0092779764751386128,-0.011763525720746622
2185,0.02236514865902756,0.0092508945549918866,-0.01178235336038843
2186,0.022371365760103949,0.0092237909752482718,-0.011801128873592477
2187,0.022377564506229092,0.009196665797136138,-0.011819852189506498
2188,0.022383744883861703,0.0091695190819549421,-0.011838523237471461
2189,0.02238990687949929,0.0091423508910750597,-0.011857141947021874
2190,0.022396050479678197,0.0091151612859375741,-0.011875708247886089
2191,0.022402175670973593,0.0090879503280540674,-0.011894222069986591
2192,0.022408282439999559,0.0090607180790064513,-0.011912683343440299
2193,0.022414370773409124,0.0090334646004467355,-0.011931091998558865
2194,0.022420440657894298,0.0090061899540968618,-0.011949447965848974
2195,0.02242649208018611,0.0089788942017484837,-0.011967751176012635
2196,0.022432525027054669,0.0089515774052627752,-0.011986001559947473
2197,0.022438539485309175,0.0089242396265702267,-0.012004199048747026
2198,0.022444535441797992,0.0088968809276704572,-0.012022343573701045
2199,0.022450512883408658,0.0088695013706320061,-0.01204043506629578
2200,0.022456471797067962,0.0088421010175921341,-0.012058473458214274
2201,0.022462412169741944,0.0088146799307566234,-0.012076458681336647
2202,0.022468333988435975,0.0087872381723995818,-0.012094390667740394
2203,0.022474237240194758,0.0087597758048632308,-0.012112269349700673
2204,0.02248012191210241,0.0087322928905577222,-0.012130094659690591
2205,0.022485987991282465,0.0087047894919609244,-0.012147866530381489
2206,0.022491835464897941,0.0086772656716182159,-0.012165584894643236
2207,0.022497664320151361,0.0086497214921423034,-0.012183249685544514
2208,0.022503474544284807,0.008622157016212998,-0.012200860836353092
2209,0.022509266124579951,0.0085945723065770311,-0.01221841828053612
2210,0.022515039048358099,0.0085669674260478341,-0.012235921951760412
2211,0.022520793302980232,0.0085393424375053532,-0.012253371783892722
2212,0.022526528875847027,0.0085116974038958338,-0.01227076771100003
2213,0.022532245754398925,0.0084840323882316229,-0.012288109667349823
2214,0.02253794392611615,0.0084563474535909698,-0.012305397587410382
2215,0.022543623378518764,0.0084286426631178107,-0.01232263140585105
2216,0.022549284099166685,0.0084009180800215782,-0.01233981105754251
2217,0.022554926075659752,0.0083731737675769823,-0.012356936477557074
2218,0.022560549295637746,0.0083454097891238165,-0.012374007601168947
2219,0.022566153746780417,0.0083176262080667494,-0.012391024363854511
2220,0.022571739416807551,0.0082898230878751204,-0.0124079867012926
2221,0.022577306293478989,0.0082620004920827342,-0.012424894549364757
2222,0.022582854364594673,0.008234158484287657,-0.012441747844155533
2223,0.02258838361799469,0.0082062971281520077,-0.012458546521952746
2224,0.022593894041559273,0.0081784164874017518,-0.012475290519247749
2225,0.022599385623208901,0.0081505166258264948,-0.012491979772735711
2226,0.02260485835090428,0.0081225976072792812,-0.012508614219315876
2227,0.022610312212646418,0.0080946594956763807,-0.012525193796091837
2228,0.022615747196476636,0.0080667023549970841,-0.012541718440371804
2229,0.022621163290476635,0.0080387262492834979,-0.012558188089668871
2230,0.022626560482768499,0.0080107312426403315,-0.012574602681701285
2231,0.022631938761514744,0.0079827173992346942,-0.012590962154392699
2232,0.022637298114918381,0.0079546847832958865,-0.012607266445872458
2233,0.022642638531222919,0.0079266334591151875,-0.012623515494475844
2234,0.022647959998712403,0.0078985634910456529,-0.012639709238744357
2235,0.022653262505711494,0.0078704749435019004,-0.012655847617425947
2236,0.022658546040585439,0.0078423678809599034,-0.012671930569475303
2237,0.022663810591740163,0.0078142423679567839,-0.012687958034054109
2238,0.022669056147622262,0.0077860984690905953,-0.012703929950531285
2239,0.022674282696719082,0.0077579362490201222,-0.012719846258483271
2240,0.022679490227558722,0.007729755772464663,-0.012735706897694262
2241,0.022684678728710078,0.0077015571042038222,-0.012751511808156481
2242,0.022689848188782901,0.0076733403090773053,-0.012767260930070424
2243,0.022694998596427787,0.0076451054519846946,-0.012782954203845126
2244,0.022700129940336263,0.0076168525978852529,-0.012798591570098401
2245,0.022705242209240785,0.0075885818117977033,-0.012814172969657107
2246,0.022710335391914787,0.0075602931588000244,-0.012829698343557398
2247,0.022715409477172731,0.0075319867040292291,-0.012845167633044966
2248,0.0227204644538701,0.0075036625126811592,-0.012860580779575295
2249,0.022725500310903483,0.0074753206500102779,-0.012875937724813919
2250,0.022730517037210574,0.0074469611813294439,-0.012891238410636661
2251,0.022735514621770227,0.0074185841720097118,-0.012906482779129883
2252,0.022740493053602474,0.0073901896874801138,-0.012921670772590736
2253,0.022745452321768563,0.0073617777932274437,-0.012936802333527399
2254,0.022750392415371013,0.0073333485547960502,-0.012951877404659338
2255,0.022755313323553617,0.0073049020377876179,-0.012966895928917537
2256,0.022760215035501501,0.0072764383078609577,-0.012981857849444747
2257,0.022765097540441134,0.0072479574307317881,-0.012996763109595723
2258,0.022769960827640393,0.0072194594721725278,-0.013011611652937481
2259,0.022774804886408564,0.0071909444980120729,-0.013026403423249516
2260,0.022779629706096392,0.0071624125741355888,-0.013041138364524061
2261,0.022784435276096117,0.0071338637664842951,-0.013055816420966315
2262,0.022789221585841495,0.0071052981410552442,-0.013070437536994686
2263,0.022793988624807845,0.0070767157639011107,-0.013085001657241028
2264,0.022798736382512078,0.0070481167011299814,-0.013099508726550873
2265,0.022803464848512724,0.0070195010189051258,-0.013113958689983675
2266,0.022808174012409969,0.0069908687834447933,-0.013128351492813028
2267,0.022812863863845678,0.0069622200610219885,-0.013142687080526924
2268,0.022817534392503443,0.0069335549179642608,-0.01315696539882796
2269,0.022822185588108605,0.0069048734206534814,-0.013171186393633589
2270,0.02282681744042829,0.0068761756355256339,-0.013185350011076334
2271,0.022831429939271453,0.0068474616290705925,-0.013199456197504037
2272,0.02283602307448887,0.0068187314678319049,-0.013213504899480076
2273,0.022840596835973229,0.0067899852184065716,-0.013227496063783593
2274,0.022845151213659098,0.0067612229474448352,-0.013241429637409719
2275,0.022849686197523002,0.0067324447216499609,-0.013255305567569813
2276,0.02285420177758344,0.0067036506077780156,-0.013269123801691667
2277,0.022858697943900927,0.0066748406726376518,-0.013282884287419753
2278,0.022863174686577992,0.0066460149830898877,-0.013296586972615432
2279,0.022867631995759242,0.0066171736060478877,-0.013310231805357176
2280,0.022872069861631397,0.0065883166084767467,-0.013323818733940796
2281,0.022876488274423283,0.0065594440573932674,-0.013337347706879664
2282,0.022880887224405899,0.0065305560198657426,-0.013350818672904923
2283,0.022885266701892421,0.0065016525630137347,-0.013364231580965714
2284,0.02288962669723826,0.0064727337540078592,-0.013377586380229392
2285,0.022893967200841071,0.0064437996600695581,-0.013390883020081738
2286,0.022898288203140792,0.0064148503484708881,-0.01340412145012719
2287,0.022902589694619665,0.0063858858865342948,-0.013417301620189042
2288,0.022906871665802284,0.0063569063416323941,-0.013430423480309664
2289,0.0229111341072556,0.0063279117811877528,-0.013443486980750714
2290,0.022915377009588969,0.0062989022726726591,-0.013456492071993349
2291,0.022919600363454171,0.0062698778836089153,-0.01346943870473845
2292,0.022923804159545459,0.0062408386815676039,-0.013482326829906806
2293,0.022927988388599555,0.0062117847341688721,-0.013495156398639352
2294,0.022932153041395707,0.006182716109081712,-0.013507927362297356
2295,0.022936298108755707,0.0061536328740237362,-0.013520639672462644
2296,0.022940423581543926,0.0061245350967609521,-0.013533293280937792
2297,0.022944529450667321,0.0060954228451075435,-0.013545888139746344
2298,0.022948615707075508,0.0060662961869256491,-0.013558424201133006
2299,0.02295268234176074,0.0060371551901251359,-0.013570901417563855
2300,0.022956729345757956,0.0060079999226633814,-0.013583319741726541
2301,0.022960756710144827,0.0059788304525450441,-0.013595679126530492
2302,0.022964764426041746,0.0059496468478218486,-0.013607979525107118
2303,0.022968752484611898,0.0059204491765923566,-0.013620220890809992
2304,0.022972720877061259,0.0058912375070017389,-0.013632403177215077
2305,0.022976669594638621,0.0058620119072415617,-0.013644526338120905
2306,0.022980598628635648,0.005832772445549559,-0.013656590327548778
2307,0.022984507970386873,0.0058035191902093995,-0.013668595099742959
2308,0.022988397611269737,0.0057742522095504782,-0.013680540609170892
2309,0.022992267542704628,0.0057449715719476765,-0.01369242681052337
2310,0.022996117756154882,0.0057156773458211484,-0.013704253658714732
2311,0.02299994824312683,0.0056863695996360909,-0.013716021108883076
2312,0.023003758995169824,0.005657048401902523,-0.01372772911639043
2313,0.023007550003876259,0.0056277138211750519,-0.013739377636822939
2314,0.023011321260881585,0.0055983659260526548,-0.013750966625991073
2315,0.023015072757864359,0.0055690047851784524,-0.01376249603992981
2316,0.023018804486546248,0.0055396304672394809,-0.013773965834898811
2317,0.023022516438692079,0.0055102430409664661,-0.013785375967382624
2318,0.023026208606109849,0.005480842575133601,-0.013796726394090868
2319,0.02302988098065074,0.0054514291385583122,-0.013808017071958402
2320,0.023033533554209167,0.0054220028001010431,-0.013819247958145521
2321,0.023037166318722792,0.005392563628665018,-0.013830419010038147
2322,0.023040779266172561,0.0053631116931960226,-0.013841530185247993
2323,0.023044372388582712,0.0053336470626821723,-0.013852581441612753
2324,0.023047945678020803,0.0053041698061536873,-0.013863572737196288
2325,0.023051499126597749,0.0052746799926826635,-0.013874504030288797
2326,0.023055032726467847,0.0052451776913828478,-0.013885375279406994
2327,0.023058546469828765,0.0052156629714094054,-0.01389618644329429
2328,0.023062040348921623,0.0051861359019586984,-0.013906937480920974
2329,0.023065514356030971,0.0051565965522680536,-0.013917628351484376
2330,0.023068968483484827,0.0051270449916155343,-0.013928259014409044
2331,0.023072402723654732,0.0050974812893197167,-0.013938829429346929
2332,0.023075817068955718,0.0050679055147394526,-0.013949339556177548
2333,0.023079211511846373,0.0050383177372736489,-0.013959789355008155
2334,0.023082586044828851,0.0050087180263610354,-0.013970178786173914
2335,0.023085940660448896,0.0049791064514799373,-0.013980507810238067
2336,0.023089275351295867,0.0049494830821480438,-0.013990776387992104
2337,0.023092590110002757,0.0049198479879221831,-0.014000984480455938
2338,0.023095884929246222,0.0048902012383980854,-0.014011132048878052
2339,0.023099159801746604,0.0048605429032101653,-0.014021219054735686
2340,0.023102414720267944,0.0048308730520312789,-0.014031245459734984
2341,0.02310564967761802,0.0048011917545725015,-0.014041211225811173
2342,0.023108864666648365,0.0047714990805828956,-0.014051116315128714
2343,0.02311205968025427,0.0047417950998492851,-0.01406096069008147
2344,0.023115234711374839,0.0047120798821960134,-0.014070744313292863
2345,0.02311838975299298,0.0046823534974847246,-0.014080467147616037
2346,0.023121524798135444,0.0046526160156141298,-0.014090129156134015
2347,0.023124639839872858,0.0046228675065197733,-0.014099730302159864
2348,0.023127734871319718,0.0045931080401738064,-0.014109270549236837
2349,0.023130809885634433,0.0045633376865847515,-0.014118749861138535
2350,0.023133864876019341,0.0045335565157972732,-0.014128168201869075
2351,0.023136899835720717,0.0045037645978919473,-0.014137525535663224
2352,0.023139914758028814,0.0044739620029850286,-0.014146821826986561
2353,0.023142909636277877,0.0044441488012282194,-0.014156057040535632
2354,0.023145884463846148,0.0044143250628084366,-0.014165231141238094
2355,0.023148839234155925,0.0043844908579475841,-0.014174344094252875
2356,0.02315177394067354,0.0043546462569023156,-0.01418339586497031
2357,0.023154688576909412,0.004324791329963806,-0.014192386419012297
2358,0.023157583136418049,0.0042949261474575142,-0.014201315722232448
2359,0.023160457612798068,0.0042650507797429571,-0.014210183740716227
2360,0.02316331199969222,0.0042351652972134725,-0.014218990440781091
2361,0.023166146290787427,0.0042052697702959886,-0.014227735788976644
2362,0.023168960479814756,0.0041753642694507889,-0.014236419752084783
2363,0.023171754560549495,0.0041454488651712848,-0.014245042297119825
2364,0.023174528526811133,0.0041155236279837729,-0.014253603391328664
2365,0.023177282372463387,0.0040855886284472086,-0.014262103002190898
2366,0.023180016091414235,0.0040556439371529727,-0.014270541097418975
2367,0.023182729677615917,0.0040256896247246364,-0.014278917644958335
2368,0.023185423125064962,0.0039957257618177247,-0.014287232612987531
2369,0.023188096427802226,0.0039657524191194903,-0.014295485969918391
2370,0.023190749579912878,0.0039357696673486724,-0.014303677684396131
2371,0.023193382575526444,0.0039057775772552671,-0.014311807725299492
2372,0.02319599540881679,0.0038757762196202877,-0.014319876061740882
2373,0.023198588074002185,0.0038457656652555378,-0.014327882663066501
2374,0.023201160565345304,0.0038157459850033724,-0.014335827498856481
2375,0.023203712877153226,0.0037857172497364638,-0.014343710538925003
2376,0.023206245003777479,0.0037556795303575682,-0.014351531753320435
2377,0.023208756939614029,0.0037256328977992876,-0.014359291112325459
2378,0.023211248679103333,0.0036955774230238419,-0.014366988586457196
2379,0.023213720216730328,0.0036655131770228265,-0.014374624146467334
2380,0.023216171547024465,0.0036354402308169833,-0.014382197763342246
2381,0.023218602664559697,0.0036053586554559564,-0.014389709408303131
2382,0.023221013563954541,0.0035752685220180693,-0.014397159052806117
2383,0.02322340423987207,0.0035451699016100812,-0.014404546668542401
2384,0.023225774687019921,0.0035150628653669502,-0.014411872227438359
2385,0.023228124900150336,0.0034849474844516029,-0.014419135701655662
2386,0.023230454874060148,0.0034548238300546974,-0.014426337063591413
2387,0.023232764603590833,0.0034246919733943847,-0.014433476285878245
2388,0.023235054083628498,0.003394551985716076,-0.014440553341384455
2389,0.023237323309103906,0.0033644039382922037,-0.014447568203214103
2390,0.023239572274992498,0.0033342479024219868,-0.014454520844707141
2391,0.023241800976314404,0.0033040839494311949,-0.014461411239439528
2392,0.023244009408134442,0.0032739121506719085,-0.014468239361223326
2393,0.02324619756556217,0.0032437325775222891,-0.014475005184106835
2394,0.023248365443751872,0.003213545301386336,-0.014481708682374679
2395,0.023250513037902577,0.0031833503936936525,-0.014488349830547937
2396,0.023252640343258076,0.0031531479258992074,-0.014494928603384244
2397,0.023254747355106957,0.003122937969483102,-0.014501444975877895
2398,0.023256834068782591,0.0030927205959503275,-0.014507898923259965
2399,0.023258900479663173,0.0030624958768305332,-0.014514290420998398
2400,0.023260946583171686,0.0030322638836777853,-0.014520619444798127
2401,0.023262972374776005,0.0030020246880703315,-0.01452688597060117
2402,0.023264977849988811,0.0029717783616103632,-0.014533089974586728
2403,0.023266963004367668,0.0029415249759237776,-0.014539231433171297
2404,0.023268927833515037,0.0029112646026599417,-0.01454531032300877
2405,0.023270872333078247,0.0028809973134914526,-0.014551326620990524
2406,0.02327279649874955,0.0028507231801138981,-0.014557280304245537
2407,0.023274700326266121,0.0028204422742456247,-0.014563171350140465
2408,0.023276583811410061,0.0027901546676274936,-0.01456899973627975
2409,0.023278446950008417,0.0027598604320226462,-0.014574765440505719
2410,0.023280289737933221,0.0027295596392162649,-0.01458046844089868
2411,0.02328211217110145,0.0026992523610153323,-0.014586108715777001
2412,0.023283914245475094,0.0026689386692483981,-0.014591686243697216
2413,0.023285695957061123,0.0026386186357653372,-0.014597201003454118
2414,0.023287457301911528,0.0026082923324371112,-0.014602652974080841
2415,0.023289198276123333,0.0025779598311555301,-0.014608042134848957
2416,0.023290918875838583,0.0025476212038330151,-0.01461336846526856
2417,0.023292619097244376,0.0025172765224023572,-0.014618631945088355
2418,0.023294298936572883,0.0024869258588164811,-0.014623832554295741
2419,0.023295958390101346,0.0024565692850482056,-0.014628970273116911
2420,0.02329759745415208,0.0024262068730900024,-0.014634045082016914
2421,0.023299216125092507,0.0023958386949537603,-0.014639056961699759
2422,0.023300814399335151,0.0023654648226705426,-0.01464400589310849
2423,0.02330239227333766,0.0023350853282903517,-0.014648891857425263
2424,0.023303949743602812,0.002304700283881887,-0.014653714836071438
2425,0.023305486806678526,0.0022743097615323055,-0.014658474810707639
2426,0.023307003459157864,0.0022439138333469836,-0.014663171763233852
2427,0.023308499697679067,0.002213512571449278,-0.014667805675789496
2428,0.023309975518925538,0.0021831060479802849,-0.014672376530753496
2429,0.023311430919625866,0.0021526943350985987,-0.014676884310744357
2430,0.023312865896553837,0.002122277504980077,-0.014681328998620251
2431,0.023314280446528429,0.0020918556298175966,-0.014685710577479074
2432,0.023315674566413855,0.0020614287818208161,-0.01469002903065853
2433,0.023317048253119539,0.0020309970332159331,-0.014694284341736199
2434,0.02331840150360015,0.0020005604562454483,-0.0146984764945296
2435,0.023319734314855584,0.0019701191231679214,-0.014702605473096281
2436,0.023321046683931,0.0019396731062577349,-0.014706671261733865
2437,0.023322338607916829,0.0019092224778048486,-0.014710673844980116
2438,0.023323610083948742,0.0018787673101145655,-0.014714613207613032
2439,0.023324861109207722,0.0018483076755072859,-0.014718489334650874
2440,0.023326091680920025,0.0018178436463182712,-0.014722302211352265
2441,0.023327301796357214,0.0017873752948974015,-0.014726051823216228
2442,0.023328491452836147,0.0017569026936089351,-0.014729738155982258
2443,0.023329660647719009,0.0017264259148312697,-0.014733361195630387
2444,0.023330809378413302,0.0016959450309566989,-0.014736920928381239
2445,0.023331937642371868,0.0016654601143911737,-0.014740417340696081
2446,0.023333045437092876,0.0016349712375540607,-0.014743850419276892
2447,0.023334132760119843,0.0016044784728779021,-0.014747220151066418
2448,0.023335199609041648,0.0015739818928081747,-0.014750526523248229
2449,0.023336245981492535,0.0015434815698030489,-0.014753769523246772
2450,0.02333727187515211,0.0015129775763331466,-0.014756949138727417
2451,0.02333827728774536,0.0014824699848813027,-0.01476006535759653
2452,0.023339262217042658,0.0014519588679423228,-0.014763118168001499
2453,0.023340226660859768,0.001421444298022741,-0.014766107558330806
2454,0.023341170617057844,0.0013909263476405802,-0.014769033517214062
2455,0.023342094083543451,0.0013604050893251114,-0.014771896033522068
2456,0.023342997058268582,0.0013298805956166099,-0.014774695096366856
2457,0.023343879539230616,0.0012993529390661184,-0.014777430695101733
2458,0.023344741524472384,0.001268822192235201,-0.014780102819321333
2459,0.02334558301208213,0.0012382884276957054,-0.014782711458861659
2460,0.023346404000193537,0.0012077517180295191,-0.014785256603800121
2461,0.02334720448698575,0.0011772121358283294,-0.014787738244455591
2462,0.023347984470683328,0.0011466697536933813,-0.014790156371388429
2463,0.023348743949556321,0.0011161246442352368,-0.014792510975400538
2464,0.023349482921920201,0.0010855768800735325,-0.014794802047535395
2465,0.02335020138613594,0.0010550265338367386,-0.014797029579078091
2466,0.023350899340609951,0.0010244736781619167,-0.014799193561555363
2467,0.023351576783794143,0.00099391838569447928,-0.014801293986735645
2468,0.023352233714185888,0.0009633607290879465,-0.014803330846629088
2469,0.023352870130328059,0.00093280078100370573,-0.014805304133487603
2470,0.023353486030809004,0.00090223861411076883,-0.014807213839804887
2471,0.023354081414262567,0.00087167430108553141,-0.01480905995831646
2472,0.0233546562793681,0.00084110791461153062,-0.014810842481999703
2473,0.023355210624850437,0.00081053952737920312,-0.014812561404073879
2474,0.023355744449479941,0.00077996921208564347,-0.014814216718000156
2475,0.023356257752072462,0.0007493970414343623,-0.014815808417481641
2476,0.023356750531489376,0.00071882308813504435,-0.014817336496463425
2477,0.023357222786637585,0.00068824742490330602,-0.014818800949132578
2478,0.023357674516469494,0.00065767012446045427,-0.014820201769918193
2479,0.023358105719983036,0.00062709125953324405,-0.014821538953491403
2480,0.023358516396221676,0.00059651090285363644,-0.014822812494765409
2481,0.023358906544274399,0.00056592912715855718,-0.014824022388895495
2482,0.023359276163275735,0.00053534600518965374,-0.014825168631279055
2483,0.023359625252405744,0.00050476160969305369,-0.014826251217555606
2484,0.023359953810890025,0.00047417601341912332,-0.014827270143606826
2485,0.023360261837999712,0.00044358928912222414,-0.014828225405556542
2486,0.02336054933305148,0.00041300150956047181,-0.014829116999770761
2487,0.023360816295407566,0.00038241274749549388,-0.014829944922857687
2488,0.023361062724475735,0.00035182307569218757,-0.014830709171667745
2489,0.023361288619709316,0.00032123256691847735,-0.014831409743293571
2490,0.023361493980607179,0.0002906412939450731,-0.014832046635070047
2491,0.023361678806713752,0.0002600493295452279,-0.014832619844574289
2492,0.023361843097619007,0.00022945674649449581,-0.014833129369625688
2493,0.023361986852958479,0.00019886361757048959,-0.014833575208285887
2494,0.023362110072413254,0.00016827001555263886,-0.014833957358858814
2495,0.023362212755709988,0.00013767601322194742,-0.014834275819890681
2496,0.023362294902620873,0.00010708168336075131,-0.014834530590169981
2497,0.023362356512963676,7.6487098752476711e-05,-0.014834721668727506
2498,0.023362397586601712,4.5892332181397407e-05,-0.014834849054836348
2499,0.023362418123443869,1.5297456432392806e-05,-0.014834912748011901
2500,0.023362418123442967,-1.5297455709294345e-05,-0.014834912748011462
2501,0.023362397586600619,-4.5892331458300179e-05,-0.014834849054835429
2502,0.023362356512962389,-7.6487098029381949e-05,-0.014834721668726101
2503,0.023362294902619405,-0.00010708168263766028,-0.014834530590168087
2504,0.023362212755708343,-0.00013767601249886131,-0.014834275819888299
2505,0.023362110072411443,-0.00016827001482955893,-0.014833957358855945
2506,0.023361986852956495,-0.00019886361684741711,-0.014833575208282528
2507,0.023361843097616852,-0.00022945674577143192,-0.014833129369621839
2508,0.023361678806711427,-0.00026004932882217391,-0.014832619844569954
2509,0.023361493980604688,-0.00029064129322203016,-0.014832046635065222
2510,0.023361288619706658,-0.00032123256619544677,-0.014831409743288263
2511,0.023361062724472918,-0.0003518230749691706,-0.014830709171661946
2512,0.023360816295404589,-0.00038241274677249193,-0.014829944922851397
2513,0.023360549333048347,-0.00041300150883748595,-0.014829116999763976
2514,0.023360261837996426,-0.00044358928839925552,-0.014828225405549268
2515,0.023359953810886597,-0.00047417601269617347,-0.014827270143599063
2516,0.023359625252402177,-0.00050476160897012384,-0.014826251217547352
2517,0.02335927616327204,-0.00053534600446674492,-0.014825168631270307
2518,0.023358906544270575,-0.00056592912643567102,-0.014824022388886254
2519,0.023358516396217725,-0.00059651090213077402,-0.014822812494755673
2520,0.023358105719978962,-0.00062709125881040646,-0.014821538953481175
2521,0.023357674516465306,-0.00065767012373764313,-0.014820201769907473
2522,0.023357222786633294,-0.00068824742418052232,-0.014818800949121365
2523,0.02335675053148498,-0.00071882308741228937,-0.014817336496451719
2524,0.023356257752067962,-0.00074939704071163714,-0.014815808417469439
2525,0.02335574444947534,-0.0007799692113629491,-0.014814216717987452
2526,0.023355210624845749,-0.00081053952665654074,-0.014812561404060676
2527,0.023354656279363319,-0.0008411079138889013,-0.014810842481986003
2528,0.0233540814142577,-0.00087167430036293669,-0.014809059958302256
2529,0.02335348603080405,-0.00090223861338820967,-0.014807213839790181
2530,0.023352870130323018,-0.00093280078028118354,-0.014805304133472396
2531,0.02335223371418076,-0.00096336072836546258,-0.014803330846613384
2532,0.023351576783788935,-0.00099391838497203482,-0.014801293986719442
2533,0.023350899340604667,-0.0010244736774395126,-0.014799193561538661
2534,0.023350201386130583,-0.0010550265331143761,-0.014797029579060891
2535,0.023349482921914782,-0.0010855768793512131,-0.014794802047517699
2536,0.023348743949550832,-0.0011161246435129617,-0.014792510975382344
2537,0.023347984470677784,-0.0011466697529711517,-0.014790156371369738
2538,0.023347204486980157,-0.0011772121351061465,-0.014787738244436403
2539,0.023346404000187896,-0.0012077517173073842,-0.014785256603780437
2540,0.02334558301207644,-0.0012382884269736196,-0.014782711458841477
2541,0.023344741524466653,-0.0012688221915131655,-0.014780102819300653
2542,0.02334387953922485,-0.0012993529383441339,-0.014777430695080553
2543,0.023342997058262777,-0.0013298805948946779,-0.014774695096345176
2544,0.023342094083537625,-0.0013604050886032325,-0.014771896033499888
2545,0.023341170617051987,-0.0013909263469187563,-0.014769033517191381
2546,0.023340226660853888,-0.0014214442973009729,-0.014766107558307625
2547,0.023339262217036753,-0.0014519588672206121,-0.014763118167977821
2548,0.023338277287739437,-0.0014824699841596511,-0.014760065357572349
2549,0.023337271875146167,-0.0015129775756115541,-0.014756949138702737
2550,0.023336245981486568,-0.0015434815690815173,-0.014753769523221584
2551,0.023335199609035663,-0.0015739818920867056,-0.014750526523222533
2552,0.023334132760113851,-0.0016044784721564959,-0.014747220151040212
2553,0.023333045437086867,-0.0016349712368327186,-0.014743850419250174
2554,0.023331937642365855,-0.0016654601136698972,-0.014740417340668853
2555,0.023330809378407279,-0.0016959450302354889,-0.014736920928353499
2556,0.023329660647712976,-0.0017264259141101276,-0.014733361195602137
2557,0.02332849145283011,-0.0017569026928878622,-0.014729738155953492
2558,0.023327301796351185,-0.0017873752941763991,-0.014726051823186944
2559,0.023326091680914002,-0.001817843645597341,-0.014722302211322464
2560,0.023324861109201702,-0.0018483076747864292,-0.014718489334620555
2561,0.023323610083942733,-0.0018787673093937831,-0.014714613207582189
2562,0.023322338607910824,-0.0019092224770841427,-0.014710673844948752
2563,0.023321046683925022,-0.0019396731055371062,-0.014706671261701975
2564,0.023319734314849627,-0.0019701191224473715,-0.014702605473063868
2565,0.023318401503594214,-0.0020005604555249773,-0.014698476494496659
2566,0.023317048253113634,-0.0020309970324955424,-0.014694284341702729
2567,0.023315674566407978,-0.0020614287811005069,-0.014690029030624533
2568,0.023314280446522576,-0.0020918556290973702,-0.014685710577444548
2569,0.023312865896548018,-0.0021222775042599347,-0.014681328998585198
2570,0.023311430919620089,-0.0021526943343785406,-0.014676884310708778
2571,0.023309975518919803,-0.002183106047260313,-0.014672376530717389
2572,0.023308499697673374,-0.0022135125707293947,-0.014667805675752862
2573,0.023307003459152213,-0.0022439138326271891,-0.014663171763196689
2574,0.023305486806672913,-0.0022743097608126004,-0.014658474810669944
2575,0.023303949743597247,-0.0023047002831622734,-0.01465371483603321
2576,0.023302392273332143,-0.0023350853275708309,-0.014648891857386499
2577,0.02330081439932968,-0.002365464821951116,-0.014644005893069188
2578,0.023299216125087098,-0.0023958386942344286,-0.014639056961659923
2579,0.023297597454146734,-0.0024262068723707678,-0.01463404508197654
2580,0.023295958390096065,-0.0024565692843290677,-0.014628970273075997
2581,0.023294298936567676,-0.0024869258580974408,-0.014623832554254288
2582,0.023292619097239248,-0.0025172765216834154,-0.014618631945046361
2583,0.023290918875833528,-0.0025476212031141738,-0.014613368465226022
2584,0.023289198276118358,-0.0025779598304367904,-0.014608042134805875
2585,0.02328745730190665,-0.0026082923317184746,-0.014602652974037214
2586,0.023285695957056339,-0.0026386186350468048,-0.014597201003409945
2587,0.023283914245470407,-0.0026689386685299714,-0.014591686243652497
2588,0.02328211217109687,-0.0026992523602970124,-0.014586108715731738
2589,0.023280289737928749,-0.0027295596384980534,-0.014580468440852871
2590,0.023278446950004052,-0.0027598604313045444,-0.014574765440459362
2591,0.023276583811405814,-0.0027901546669095029,-0.014568999736232841
2592,0.023274700326261999,-0.002820442273527745,-0.014563171350093005
2593,0.023272796498745561,-0.0028507231793961311,-0.014557280304197525
2594,0.023270872333074389,-0.0028809973127737988,-0.014551326620941959
2595,0.023268927833511317,-0.0029112646019424033,-0.014545310322959647
2596,0.023266963004364087,-0.0029415249752063554,-0.014539231433121616
2597,0.023264977849985376,-0.0029717783608930585,-0.01453308997453649
2598,0.023262972374772723,-0.003002024687353146,-0.014526885970550374
2599,0.02326094658316857,-0.0030322638829607196,-0.014520619444746773
2600,0.023258900479660213,-0.0030624958761135902,-0.014514290420946483
2601,0.023256834068779802,-0.0030927205952335081,-0.014507898923207486
2602,0.023254747355104331,-0.0031229379687664066,-0.014501444975824854
2603,0.023252640343255627,-0.0031531479251826382,-0.014494928603330641
2604,0.023250513037900301,-0.0031833503929772087,-0.014488349830493774
2605,0.023248365443749777,-0.0032135453006700196,-0.014481708682319953
2606,0.023246197565560268,-0.0032437325768061003,-0.014475005184051547
2607,0.023244009408132729,-0.0032739121499558493,-0.014468239361167479
2608,0.023241800976312885,-0.0033040839487152654,-0.014461411239383116
2609,0.023239572274991186,-0.00333424790170619,-0.014454520844650166
2610,0.023237323309102793,-0.00336440393757654,-0.014447568203156562
2611,0.023235054083627589,-0.0033945519850005468,-0.014440553341326351
2612,0.023232764603590139,-0.00342469197267899,-0.014433476285819579
2613,0.023230454874059669,-0.0034548238293394371,-0.014426337063532184
2614,0.023228124900150075,-0.0034849474837364805,-0.014419135701595866
2615,0.023225774687019893,-0.0035150628646519661,-0.014411872227377996
2616,0.023223404239872267,-0.0035451699008952368,-0.014404546668481472
2617,0.023221013563954972,-0.0035752685213033672,-0.014397159052744621
2618,0.023218602664560363,-0.003605358654741396,-0.014389709408241068
2619,0.02321617154702537,-0.0036354402301025657,-0.014382197763279618
2620,0.02321372021673148,-0.0036655131763085546,-0.014374624146404136
2621,0.023211248679104731,-0.0036955774223097143,-0.014366988586393434
2622,0.023208756939615677,-0.0037256328970853062,-0.014359291112261131
2623,0.023206245003779387,-0.003755679529643733,-0.014351531753255537
2624,0.023203712877155395,-0.0037857172490227777,-0.014343710538859534
2625,0.023201160565347739,-0.003815745984289836,-0.01433582749879044
2626,0.023198588074004885,-0.0038457656645421523,-0.014327882662999888
2627,0.023195995408819749,-0.0038757762189070553,-0.014319876061673694
2628,0.023193382575529674,-0.0039057775765421886,-0.01431180772523173
2629,0.023190749579916379,-0.0039357696666357505,-0.014303677684327788
2630,0.02318809642780599,-0.0039657524184067245,-0.01429548596984947
2631,0.023185423125068993,-0.0039957257611051176,-0.014287232612918029
2632,0.023182729677620223,-0.0040256896240121881,-0.014278917644888249
2633,0.023180016091418822,-0.0040556439364406874,-0.014270541097348308
2634,0.023177282372468265,-0.0040855886277350855,-0.014262103002119646
2635,0.023174528526816292,-0.004115523627271812,-0.014253603391256827
2636,0.023171754560554949,-0.0041454488644594887,-0.014245042297047407
2637,0.023168960479820498,-0.0041753642687391603,-0.014236419752011785
2638,0.023166146290793461,-0.0042052697695845274,-0.014227735788903068
2639,0.023163311999698566,-0.0042351652965021795,-0.01421899044070693
2640,0.023160457612804716,-0.0042650507790318341,-0.014210183740641485
2641,0.023157583136424995,-0.0042949261467465629,-0.014201315722157121
2642,0.023154688576916667,-0.0043247913292530291,-0.014192386418936383
2643,0.02315177394068111,-0.0043546462561917156,-0.014183395864893811
2644,0.023148839234163811,-0.004384490857237161,-0.014174344094175794
2645,0.023145884463854349,-0.0044143250620981896,-0.014165231141160427
2646,0.023142909636286388,-0.0044441488005181502,-0.014156057040457378
2647,0.023139914758037651,-0.004473962002275139,-0.01414682182690772
2648,0.023136899835729877,-0.0045037645971822389,-0.014137525535583792
2649,0.023133864876028823,-0.0045335565150877487,-0.014128168201789056
2650,0.023130809885644248,-0.0045633376858754101,-0.014118749861057926
2651,0.023127734871329866,-0.0045931080394646497,-0.014109270549155636
2652,0.023124639839883335,-0.0046228675058108022,-0.014099730302078074
2653,0.023121524798146269,-0.004652616014905347,-0.014090129156051635
2654,0.023118389753004145,-0.0046823534967761317,-0.014080467147533063
2655,0.023115234711386361,-0.0047120798814876122,-0.014070744313209295
2656,0.023112059680266146,-0.0047417950991410773,-0.014060960689997303
2657,0.023108864666660605,-0.0047714990798748856,-0.01405111631504395
2658,0.023105649677630635,-0.0048011917538646857,-0.014041211225725813
2659,0.023102414720280927,-0.00483087305132366,-0.01403124545964903
2660,0.023099159801759972,-0.0048605429025027451,-0.014021219054649137
2661,0.023095884929259972,-0.0048902012376908638,-0.014011132048790908
2662,0.023092590110016895,-0.0049198479872151601,-0.014000984480368199
2663,0.023089275351310397,-0.0049494830814412237,-0.013990776387903772
2664,0.023085940660463822,-0.0049791064507733202,-0.013980507810149137
2665,0.023082586044844176,-0.0050087180256546231,-0.013970178786084388
2666,0.0230792115118621,-0.0050383177365674421,-0.013959789354918034
2667,0.023075817068971858,-0.0050679055140334548,-0.013949339556086831
2668,0.023072402723671285,-0.0050974812886139271,-0.013938829429255617
2669,0.023068968483501793,-0.0051270449909099564,-0.013928259014317136
2670,0.023065514356048346,-0.0051565965515626864,-0.013917628351391874
2671,0.023062040348939414,-0.0051861359012535429,-0.013906937480827875
2672,0.023058546469846977,-0.0052156629707044615,-0.013896186443200594
2673,0.023055032726486468,-0.0052451776906781173,-0.013885375279312695
2674,0.023051499126616797,-0.0052746799919781489,-0.013874504030193895
2675,0.02304794567804027,-0.0053041698054493887,-0.013863572737100788
2676,0.023044372388602605,-0.0053336470619780914,-0.013852581441516651
2677,0.023040779266192888,-0.0053631116924921611,-0.013841530185151288
2678,0.023037166318743554,-0.005392563627961376,-0.01383041900994084
2679,0.023033533554230361,-0.0054220027993976214,-0.013819247958047606
2680,0.023029880980672383,-0.0054514291378551152,-0.013808017071859878
2681,0.023026208606131943,-0.0054808425744306277,-0.013796726393991734
2682,0.023022516438714634,-0.00551024304026372,-0.013785375967282878
2683,0.023018804486569268,-0.0055396304665369638,-0.013773965834798448
2684,0.02301507275788784,-0.0055690047844761644,-0.013762496039828832
2685,0.023011321260905541,-0.0055983659253505975,-0.013750966625889481
2686,0.023007550003900697,-0.005627713820473227,-0.013739377636720734
2687,0.023003758995194752,-0.0056570484012009323,-0.013727729116287612
2688,0.022999948243152241,-0.005686369598934737,-0.013716021108779649
2689,0.022996117756180781,-0.0057156773451200321,-0.013704253658610693
2690,0.02299226754273102,-0.0057449715712467996,-0.013692426810418714
2691,0.022988397611296622,-0.0057742522088498451,-0.013680540609065622
2692,0.022984507970414254,-0.0058035191895090136,-0.013668595099637078
2693,0.022980598628663525,-0.0058327724448494194,-0.013656590327442285
2694,0.022976669594667001,-0.0058620119065416728,-0.013644526338013805
2695,0.022972720877090139,-0.005891237506302098,-0.013632403177107368
2696,0.022968752484641287,-0.0059204491758929664,-0.013620220890701669
2697,0.022964764426071652,-0.0059496468471227125,-0.01360797952499818
2698,0.022960756710175251,-0.0059788304518461621,-0.013595679126420937
2699,0.022956729345788913,-0.0060079999219647554,-0.013583319741616364
2700,0.022952682341792228,-0.0060371551894267683,-0.013570901417453055
2701,0.022948615707107531,-0.0060662961862275417,-0.013558424201021584
2702,0.022944529450699882,-0.0060954228444096989,-0.013545888139634301
2703,0.022940423581577014,-0.0061245350960633703,-0.013533293280825129
2704,0.022936298108789336,-0.0061536328733264199,-0.013520639672349358
2705,0.022932153041429877,-0.006182716108384661,-0.013507927362183446
2706,0.02292798838863427,-0.0062117847334720875,-0.013495156398524822
2707,0.022923804159580726,-0.0062408386808710829,-0.013482326829791658
2708,0.022919600363489993,-0.0062698778829126606,-0.013469438704622682
2709,0.022915377009625343,-0.0062989022719766715,-0.013456492071876963
2710,0.022911134107292543,-0.006327911780492035,-0.013443486980633707
2711,0.022906871665839792,-0.0063569063409369452,-0.013430423480192038
2712,0.022902589694657745,-0.0063858858858391156,-0.013417301620070796
2713,0.022898288203179441,-0.0064148503477759796,-0.013404121450008325
2714,0.0228939672008803,-0.0064437996593749236,-0.013390883019962255
2715,0.022889626697278065,-0.0064727337533135006,-0.013377586380109288
2716,0.022885266701932808,-0.0065016525623196545,-0.013364231580844991
2717,0.022880887224446866,-0.0065305560191719408,-0.013350818672783579
2718,0.02287648827446484,-0.0065594440566997467,-0.013337347706757699
2719,0.022872069861673547,-0.0065883166077835096,-0.013323818733818212
2720,0.022867631995801975,-0.0066171736053549351,-0.013310231805233972
2721,0.022863174686621305,-0.0066460149823972187,-0.013296586972491611
2722,0.022858697943944826,-0.0066748406719452699,-0.013282884287295314
2723,0.022854201777627942,-0.0067036506070859217,-0.013269123801566611
2724,0.022849686197568105,-0.0067324447209581566,-0.013255305567444139
2725,0.022845151213704794,-0.0067612229467533206,-0.013241429637283428
2726,0.022840596836019529,-0.0067899852177153502,-0.013227496063656684
2727,0.022836023074535777,-0.0068187314671409776,-0.01321350489935255
2728,0.022831429939318956,-0.0068474616283799626,-0.013199456197375892
2729,0.022826817440476401,-0.0068761756348353006,-0.013185350010947568
2730,0.02282218558815732,-0.0069048734199634457,-0.013171186393504203
2731,0.022817534392552768,-0.0069335549172745235,-0.013156965398697954
2732,0.022812863863895617,-0.0069622200603325531,-0.013142687080396297
2733,0.022808174012460526,-0.0069908687827556571,-0.013128351492681779
2734,0.022803464848563906,-0.0070195010182162948,-0.013113958689851804
2735,0.022798736382563883,-0.0070481167004414558,-0.013099508726418385
2736,0.022793988624860279,-0.0070767157632128938,-0.013085001657107921
2737,0.022789221585894564,-0.0071052981403673327,-0.013070437536860961
2738,0.022784435276149824,-0.0071338637657966933,-0.013055816420831971
2739,0.022779629706150741,-0.0071624125734482966,-0.013041138364389098
2740,0.022774804886463558,-0.007190944497325092,-0.013026403423113935
2741,0.022769960827696039,-0.00721945947148586,-0.013011611652801281
2742,0.02276509754049743,-0.0072479574300454369,-0.012996763109458903
2743,0.022760215035558449,-0.0072764383071749266,-0.012981857849307304
2744,0.022755313323611217,-0.0073049020371019069,-0.012966895928779474
2745,0.022750392415429265,-0.0073333485541106618,-0.012951877404520654
2746,0.022745452321827463,-0.0073617777925423823,-0.012936802333388092
2747,0.02274049305366203,-0.0073901896867953776,-0.01292167077245081
2748,0.022735514621830447,-0.0074185841713253035,-0.012906482778989335
2749,0.022730517037271449,-0.0074469611806453617,-0.012891238410495491
2750,0.02272550031096502,-0.0074753206493265219,-0.012875937724672127
2751,0.022720464453932301,-0.0075036625119977328,-0.012860580779432878
2752,0.022715409477235601,-0.0075319867033461305,-0.012845167632901923
2753,0.022710335391978337,-0.0075602931581172563,-0.012829698343413735
2754,0.022705242209305008,-0.0075885818111152666,-0.012814172969512825
2755,0.02270012994040117,-0.0076168525972031475,-0.012798591569953496
2756,0.022694998596493387,-0.0076451054513029248,-0.0127829542036996
2757,0.022689848188849185,-0.0076733403083958695,-0.012767260929924279
2758,0.022684678728777063,-0.0077015571035227255,-0.012751511808009715
2759,0.022679490227626393,-0.0077297557717839029,-0.012735706897546877
2760,0.022674282696787451,-0.0077579362483397012,-0.012719846258335266
2761,0.022669056147691331,-0.0077860984684105161,-0.012703929950382661
2762,0.022663810591809937,-0.0078142423672770498,-0.012687958033904866
2763,0.022658546040655925,-0.0078423678802805145,-0.012671930569325442
2764,0.022653262505782694,-0.0078704749428228585,-0.012655847617275466
2765,0.022647959998784325,-0.0078985634903669631,-0.012639709238593259
2766,0.022642638531295549,-0.0079266334584368499,-0.012623515494324129
2767,0.022637298114991735,-0.0079546847826179046,-0.012607266445720119
2768,0.022631938761588817,-0.0079827173985570678,-0.01259096215423974
2769,0.022626560482843294,-0.0080107312419630643,-0.012574602681547708
2770,0.022621163290552165,-0.0080387262486065914,-0.012558188089514682
2771,0.022615747196552904,-0.0080667023543205384,-0.012541718440217
2772,0.022610312212723423,-0.0080946594950001994,-0.012525193795936421
2773,0.02260485835098203,-0.0081225976066034659,-0.012508614219159849
2774,0.022599385623287397,-0.0081505166251510455,-0.012491979772579072
2775,0.022593894041638526,-0.0081784164867266702,-0.012475290519090501
2776,0.022588383618074692,-0.0082062971274772956,-0.012458546521794883
2777,0.022582854364675432,-0.0082341584836133144,-0.012441747843997054
2778,0.022577306293560508,-0.0082620004914087594,-0.012424894549205662
2779,0.022571739416889829,-0.0082898230872015168,-0.012407986701132887
2780,0.022566153746863452,-0.0083176262073935171,-0.012391024363694185
2781,0.022560549295721544,-0.0083454097884509588,-0.012374007601008005
2782,0.022554926075744323,-0.0083731737669044994,-0.012356936477395518
2783,0.022549284099252033,-0.00840091807934947,-0.012339811057380343
2784,0.022543623378604893,-0.0084286426624460807,-0.012322631405688275
2785,0.022537943926203067,-0.0084563474529196127,-0.012305397587247
2786,0.022532245754486629,-0.0084840323875606406,-0.012288109667185833
2787,0.022526528875935526,-0.0085116974032252261,-0.012270767710835434
2788,0.022520793303069529,-0.0085393424368351255,-0.012253371783727523
2789,0.022515039048448184,-0.0085669674253779863,-0.012235921951594612
2790,0.022509266124670829,-0.0085945723059075614,-0.012218418280369724
2791,0.022503474544376477,-0.0086221570155439152,-0.012200860836186095
2792,0.022497664320243829,-0.008649721491473604,-0.012183249685376917
2793,0.02249183546499121,-0.0086772656709499033,-0.012165584894475036
2794,0.022485987991376546,-0.0087047894912929986,-0.012147866530212683
2795,0.022480121912197296,-0.0087322928898901867,-0.01213009465952118
2796,0.022474237240290462,-0.0087597758041960839,-0.012112269349530658
2797,0.022468333988532492,-0.0087872381717328234,-0.012094390667569777
2798,0.02246241216983929,-0.0088146799300902606,-0.012076458681165433
2799,0.022456471797166134,-0.0088421010169261634,-0.012058473458042462
2800,0.022450512883507655,-0.0088695013699664309,-0.012040435066123371
2801,0.022444535441897815,-0.0088968809270052775,-0.012022343573528039
2802,0.022438539485409834,-0.0089242396259054443,-0.012004199048573428
2803,0.022432525027156161,-0.0089515774045983917,-0.011986001559773285
2804,0.022426492080288431,-0.0089788942010845009,-0.01196775117583786
2805,0.022420440657997448,-0.009006189953433278,-0.011949447965673611
2806,0.022414370773513114,-0.0090334645997835507,-0.011931091998382912
2807,0.022408282440104385,-0.009060718078343662,-0.011912683343263753
2808,0.022402175671079258,-0.0090879503273916841,-0.011894222069809453
2809,0.022396050479784699,-0.0091151612852755914,-0.011875708247708359
2810,0.022389906879606632,-0.0091423508904134847,-0.01185714194684355
2811,0.022383744883969877,-0.009169519081293773,-0.011838523237292543
2812,0.022377564506338116,-0.0091966657964753732,-0.01181985218932699
2813,0.02237136576021383,-0.0092237909745879216,-0.011801128873412378
2814,0.022365148659138297,-0.0092508945543319423,-0.011782353360207741
2815,0.02235891321669152,-0.0092779764744790778,-0.011763525720565347
2816,0.022352659446492198,-0.0093050366738722644,-0.011744646025530398
2817,0.022346387362197653,-0.0093320750914259263,-0.01172571434634073
2818,0.022340096977503842,-0.0093590916661261802,-0.011706730754426515
2819,0.022333788306145266,-0.0093860863370310334,-0.011687695321409947
2820,0.022327461361894962,-0.009413059043270576,-0.011668608119104949
2821,0.022321116158564438,-0.0094400097240471652,-0.011649469219516859
2822,0.022314752710003639,-0.0094669383186356398,-0.011630278694842122
2823,0.022308371030100898,-0.0094938447663834927,-0.011611036617467988
2824,0.022301971132782889,-0.0095207290067110886,-0.011591743059972208
2825,0.022295553032014602,-0.0095475909791118401,-0.011572398095122713
2826,0.02228911674179929,-0.0095744306231524117,-0.011553001795877321
2827,0.022282662276178426,-0.0096012478784729006,-0.011533554235383412
2828,0.022276189649231646,-0.0096280426847870446,-0.011514055486977627
2829,0.022269698875076717,-0.0096548149818824029,-0.011494505624185544
2830,0.022263189967869496,-0.0096815647096205604,-0.011474904720721378
2831,0.022256662941803885,-0.0097082918079373099,-0.011455252850487659
2832,0.022250117811111785,-0.0097349962168428467,-0.011435550087574927
2833,0.022243554590063049,-0.0097616778764219644,-0.011415796506261414
2834,0.022236973292965447,-0.009788336726834242,-0.011395992181012719
2835,0.022230373934164608,-0.0098149727083142284,-0.011376137186481504
2836,0.022223756528043977,-0.0098415857611716517,-0.011356231597507167
2837,0.022217121089024787,-0.0098681758257915912,-0.011336275489115529
2838,0.022210467631565999,-0.0098947428426346771,-0.011316268936518516
2839,0.022203796170164249,-0.0099212867522372756,-0.011296212015113837
2840,0.022197106719353835,-0.0099478074952116819,-0.011276104800484663
2841,0.022190399293706631,-0.0099743050122463074,-0.01125594736839931
2842,0.022183673907832088,-0.010000779244105877,-0.01123573979481091
2843,0.022176930576377138,-0.010027230131631598,-0.011215482155857092
2844,0.02217016931402619,-0.010053657615741366,-0.011195174527859663
2845,0.022163390135501049,-0.01008006163742995,-0.011174816987324275
2846,0.022156593055560905,-0.010106442137769173,-0.011154409610940103
2847,0.022149778089002273,-0.010132799057908107,-0.011133952475579524
2848,0.022142945250658942,-0.010159132339073259,-0.011113445658297789
2849,0.022136094555401917,-0.010185441922568754,-0.011092889236332688
2850,0.022129226018139415,-0.010211727749776524,-0.011072283287104231
2851,0.022122339653816776,-0.010237989762156494,-0.011051627888214316
2852,0.022115435477416429,-0.010264227901246765,-0.011030923117446396
2853,0.022108513503957858,-0.010290442108663807,-0.011010169052765155
2854,0.022101573748497551,-0.010316632326102637,-0.010989365772316175
2855,0.022094616226128936,-0.010342798495337003,-0.010968513354425599
2856,0.022087640951982349,-0.010368940558219571,-0.010947611877599798
2857,0.022080647941224982,-0.010395058456682123,-0.01092666142052505
2858,0.022073637209060856,-0.010421152132735719,-0.010905662062067195
2859,0.022066608770730745,-0.010447221528470886,-0.010884613881271302
2860,0.022059562641512126,-0.010473266586057815,-0.010863516957361334
2861,0.022052498836719184,-0.010499287247746533,-0.010842371369739813
2862,0.022045417371702687,-0.010525283455867078,-0.010821177197987478
2863,0.022038318261849998,-0.010551255152829708,-0.010799934521862956
2864,0.022031201522585007,-0.010577202281125048,-0.010778643421302412
2865,0.02202406716936808,-0.010603124783324301,-0.010757303976419219
2866,0.022016915217696022,-0.010629022602079419,-0.010735916267503616
2867,0.022009745683102017,-0.01065489568012328,-0.010714480375022364
2868,0.022002558581155577,-0.01068074396026987,-0.010692996379618409
2869,0.021995353927462512,-0.010706567385414473,-0.010671464362110538
2870,0.021988131737664868,-0.01073236589853384,-0.010649884403493032
2871,0.021980892027440867,-0.010758139442686375,-0.010628256584935328
2872,0.021973634812504906,-0.010783887961012314,-0.01060658098778167
2873,0.02196636010860744,-0.010809611396733899,-0.010584857693550767
2874,0.02195906793153499,-0.010835309693155562,-0.010563086783935447
2875,0.021951758297110074,-0.01086098279366411,-0.010541268340802313
2876,0.021944431221191135,-0.010886630641728888,-0.010519402446191383
2877,0.021937086719672538,-0.010912253180901966,-0.010497489182315762
2878,0.021929724808484471,-0.01093785035481832,-0.010475528631561275
2879,0.021922345503592948,-0.010963422107196004,-0.010453520876486126
2880,0.02191494882099972,-0.010988968381836326,-0.010431465999820552
2881,0.021907534776742229,-0.011014489122624028,-0.010409364084466462
2882,0.021900103386893591,-0.011039984273527466,-0.010387215213497093
2883,0.021892654667562503,-0.011065453778598772,-0.010365019470156651
2884,0.021885188634893214,-0.011090897581974044,-0.01034277693785997
2885,0.021877705305065491,-0.01111631562787352,-0.010320487700192142
2886,0.021870204694294525,-0.011141707860601738,-0.010298151840908175
2887,0.021862686818830922,-0.011167074224547734,-0.010275769443932631
2888,0.021855151694960641,-0.011192414664185199,-0.010253340593359278
2889,0.021847599339004938,-0.011217729124072663,-0.010230865373450727
2890,0.021840029767320329,-0.01124301754885366,-0.010208343868638078
2891,0.021832442996298503,-0.011268279883256904,-0.010185776163520554
2892,0.021824839042366321,-0.011293516072096466,-0.010163162342865153
2893,0.02181721792198572,-0.011318726060271952,-0.010140502491606284
2894,0.021809579651653709,-0.011343909792768649,-0.010117796694845405
2895,0.021801924247902268,-0.011369067214657734,-0.010095045037850667
2896,0.02179425172729834,-0.011394198271096419,-0.010072247606056553
2897,0.021786562106443745,-0.011419302907328137,-0.010049404485063515
2898,0.021778855401975172,-0.011444381068682698,-0.010026515760637596
2899,0.021771131630564065,-0.011469432700576473,-0.010003581518710097
2900,0.021763390808916643,-0.011494457748512566,-0.0099806018453771888
2901,0.021755632953773786,-0.011519456158080969,-0.0099575768268995533
2902,0.021747858081911018,-0.011544427874958747,-0.0099345065497020244
2903,0.021740066210138433,-0.01156937284491019,-0.0099113911003732152
2904,0.021732257355300683,-0.011594291013787006,-0.009888230565665148
2905,0.021724431534276875,-0.011619182327528467,-0.009865025032492895
2906,0.021716588763980568,-0.011644046732161597,-0.0098417745879342093
2907,0.021708729061359674,-0.011668884173801316,-0.0098184793192291498
2908,0.021700852443396441,-0.011693694598650628,-0.0097951393137797171
2909,0.021692958927107389,-0.011718477953000794,-0.0097717546591494838
2910,0.021685048529543251,-0.011743234183231466,-0.0097483254430632185
2911,0.021677121267788934,-0.011767963235810884,-0.0097248517534065226
2912,0.021669177158963434,-0.011792665057296035,-0.0097013336782254458
2913,0.021661216220219832,-0.011817339594332815,-0.0096777713057261249
2914,0.021653238468745204,-0.01184198679365619,-0.0096541647242744041
2915,0.02164524392176059,-0.011866606602090372,-0.0096305140223954689
2916,0.021637232596520922,-0.011891198966548978,-0.0096068192887734608
2917,0.021629204510314991,-0.011915763834035198,-0.0095830806122511082
2918,0.021621159680465359,-0.011940301151641951,-0.0095592980818293479
2919,0.021613098124328347,-0.011964810866552062,-0.0095354717866669471
2920,0.021605019859293969,-0.011989292926038406,-0.0095116018160801303
2921,0.021596924902785863,-0.012013747277464097,-0.0094876882595422013
2922,0.02158881327226125,-0.012038173868282627,-0.0094637312066831597
2923,0.021580684985210871,-0.01206257264603804,-0.0094397307472893262
2924,0.021572540059158946,-0.012086943558365086,-0.0094156869713029577
2925,0.021564378511663099,-0.012111286552989398,-0.0093915999688218739
2926,0.021556200360314335,-0.012135601577727638,-0.0093674698300990691
2927,0.021548005622736975,-0.012159888580487669,-0.0093432966455423375
2928,0.021539794316588579,-0.012184147509268703,-0.0093190805057138826
2929,0.021531566459559909,-0.012208378312161474,-0.0092948215013299428
2930,0.021523322069374889,-0.012232580937348393,-0.0092705197232603974
2931,0.021515061163790514,-0.012256755333103699,-0.0092461752625283937
2932,0.02150678376059683,-0.012280901447793629,-0.0092217882103099568
2933,0.021498489877616846,-0.01230501922987658,-0.0091973586579335975
2934,0.021490179532706533,-0.012329108627903254,-0.0091728866968799391
2935,0.021481852743754706,-0.012353169590516832,-0.0091483724187813205
2936,0.021473509528683016,-0.012377202066453112,-0.0091238159154214144
2937,0.021465149905445863,-0.012401206004540692,-0.0090992172787348335
2938,0.021456773892030372,-0.0124251813537011,-0.0090745766008067472
2939,0.0214483815064563,-0.012449128062948966,-0.0090498939738724894
2940,0.021439972766776023,-0.012473046081392176,-0.0090251694903171753
2941,0.021431547691074432,-0.012496935358232026,-0.0090004032426752988
2942,0.021423106297468922,-0.012520795842763374,-0.0089755953236303459
2943,0.021414648604109299,-0.012544627484374802,-0.0089507458260144109
2944,0.021406174629177762,-0.012568430232548777,-0.0089258548428077962
2945,0.021397684390888821,-0.012592204036861787,-0.0089009224671386198
2946,0.021389177907489242,-0.01261594884698451,-0.008875948792282427
2947,0.021380655197258007,-0.012639664612681968,-0.0088509339116617895
2948,0.021372116278506235,-0.01266335128381366,-0.0088258779188459154
2949,0.021363561169577158,-0.012687008810333744,-0.0088007809075502565
2950,0.021354989888846012,-0.012710637142291169,-0.0087756429716360999
2951,0.021346402454720043,-0.012734236229829833,-0.0087504642051101835
2952,0.021337798885638422,-0.012757806023188744,-0.008725244702124298
2953,0.02132917920007216,-0.012781346472702152,-0.008699984556974882
2954,0.021320543416524097,-0.012804857528799722,-0.0086746838641026322
2955,0.021311891553528833,-0.012828339142006661,-0.0086493427180920988
2956,0.021303223629652635,-0.012851791262943895,-0.0086239612136712919
2957,0.021294539663493452,-0.012875213842328195,-0.0085985394457112705
2958,0.021285839673680786,-0.012898606830972343,-0.0085730775092257554
2959,0.021277123678875662,-0.012921970179785266,-0.0085475754993707184
2960,0.021268391697770592,-0.012945303839772207,-0.0085220335114439879
2961,0.021259643749089476,-0.012968607762034847,-0.0084964516408848369
2962,0.021250879851587572,-0.012991881897771474,-0.0084708299832735902
2963,0.021242100024051441,-0.013015126198277119,-0.0084451686343312172
2964,0.021233304285298883,-0.013038340614943709,-0.0084194676899189205
2965,0.021224492654178875,-0.013061525099260217,-0.0083937272460377476
2966,0.021215665149571517,-0.013084679602812805,-0.0083679473988281742
2967,0.021206821790387964,-0.01310780407728496,-0.0083421282445696968
2968,0.021197962595570392,-0.013130898474457657,-0.0083162698796804338
2969,0.021189087584091923,-0.01315396274620949,-0.0082903724007167175
2970,0.021180196774956556,-0.013176996844516828,-0.0082644359043726814
2971,0.021171290187199127,-0.013200000721453957,-0.0082384604874798546
2972,0.021162367839885253,-0.013222974329193216,-0.008212446247006757
2973,0.021153429752111253,-0.013245917620005147,-0.0081863932800584852
2974,0.021144475943004112,-0.013268830546258652,-0.0081603016838763063
2975,0.021135506431721404,-0.013291713060421106,-0.0081341715558372468
2976,0.021126521237451245,-0.013314565115058526,-0.0081080029934536852
2977,0.021117520379412235,-0.013337386662835703,-0.0080817960943729318
2978,0.021108503876853386,-0.013360177656516346,-0.00805555095637683
2979,0.02109947174905407,-0.013382938048963219,-0.008029267677381333
2980,0.021090424015323978,-0.013405667793138291,-0.0080029463554360906
2981,0.021081360695003031,-0.013428366842102871,-0.0079765870887240492
2982,0.021072281807461343,-0.013451035149017748,-0.0079501899755610242
2983,0.021063187372099147,-0.013473672667143329,-0.0079237551143952877
2984,0.021054077408346739,-0.013496279349839787,-0.007897282603807159
2985,0.021044951935664434,-0.013518855150567199,-0.00787077254250859
2986,0.021035810973542481,-0.01354140002288568,-0.0078442250293427416
2987,0.02102665454150102,-0.013563913920455509,-0.0078176401632835714
2988,0.021017482659090016,-0.013586396797037296,-0.007791018043435417
2989,0.021008295345889202,-0.013608848606492101,-0.0077643587690325805
2990,0.020999092621508036,-0.013631269302781574,-0.0077376624394389056
2991,0.020989874505585596,-0.013653658839968091,-0.007710929154147359
2992,0.020980641017790562,-0.013676017172214894,-0.0076841590127796171
2993,0.020971392177821138,-0.013698344253786217,-0.0076573521150856408
2994,0.020962128005404979,-0.013720640039047445,-0.0076305085609432582
2995,0.020952848520299189,-0.013742904482465233,-0.0076036284503577462
2996,0.02094355374229017,-0.013765137538607631,-0.0075767118834614029
2997,0.020934243691193635,-0.013787339162144233,-0.0075497589605131284
2998,0.020924918386854521,-0.013809509307846319,-0.0075227697818980085
2999,0.020915577849146928,-0.013831647930586969,-0.0074957444481268858
3000,0.020906222097974062,-0.013853754985341214,-0.0074686830598359377
3001,0.02089685115326816,-0.013875830427186145,-0.0074415857177862529
3002,0.020887465034990452,-0.013897874211301077,-0.007414452522863409
3003,0.020878063763131085,-0.013919886292967655,-0.0073872835760770451
3004,0.020868647357709075,-0.013941866627570005,-0.0073600789785604401
3005,0.020859215838772222,-0.013963815170594852,-0.0073328388315700849
3006,0.020849769226397061,-0.013985731877631653,-0.007305563236485256
3007,0.020840307540688826,-0.014007616704372734,-0.0072782522948075905
3008,0.020830830801781334,-0.014029469606613413,-0.0072509061081606554
3009,0.020821339029836988,-0.014051290540252132,-0.0072235247782895251
3010,0.020811832245046655,-0.014073079461290598,-0.007196108407060353
3011,0.020802310467629648,-0.014094836325833885,-0.0071686570964599357
3012,0.020792773717833654,-0.0141165610900906,-0.0071411709485952974
3013,0.020783222015934643,-0.014138253710372972,-0.0071136500656932469
3014,0.020773655382236848,-0.014159914143097006,-0.0070860945500999537
3015,0.020764073837072686,-0.014181542344782598,-0.0070585045042805203
3016,0.020754477400802683,-0.01420313827205367,-0.0070308800308185471
3017,0.020744866093815442,-0.014224701881638293,-0.0070032212324157026
3018,0.020735239936527539,-0.014246233130368819,-0.0069755282118912909
3019,0.0207255989493835,-0.014267731975181986,-0.0069478010721818195
3020,0.020715943152855718,-0.014289198373119066,-0.0069200399163405705
3021,0.020706272567444384,-0.01431063228132599,-0.0068922448475371573
3022,0.02069658721367746,-0.014332033657053456,-0.0068644159690571067
3023,0.020686887112110568,-0.014353402457657065,-0.0068365533843014106
3024,0.020677172283326977,-0.014374738640597441,-0.0068086571967860996
3025,0.020667442747937491,-0.014396042163440356,-0.0067807275101418058
3026,0.020657698526580417,-0.014417312983856843,-0.0067527644281133231
3027,0.020647939639921505,-0.014438551059623342,-0.0067247680545591808
3028,0.02063816610865387,-0.014459756348621795,-0.0066967384934511981
3029,0.020628377953497933,-0.014480928808839793,-0.0066686758488740533
3030,0.020618575195201359,-0.014502068398370671,-0.0066405802250248435
3031,0.020608757854538987,-0.014523175075413657,-0.0066124517262126465
3032,0.020598925952312795,-0.014544248798273965,-0.0065842904568580909
3033,0.0205890795093518,-0.014565289525362934,-0.0065560965214929035
3034,0.020579218546512009,-0.014586297215198144,-0.0065278700247594842
3035,0.02056934308467637,-0.014607271826403524,-0.0064996110714104572
3036,0.020559453144754668,-0.01462821331770949,-0.0064713197663082327
3037,0.020549548747683517,-0.014649121647953041,-0.0064429962144245696
3038,0.02053962991442625,-0.014669996776077896,-0.0064146405208401376
3039,0.020529696665972891,-0.01469083866113461,-0.0063862527907440703
3040,0.020519749023340063,-0.014711647262280671,-0.006357833129433524
3041,0.020509787007570925,-0.014732422538780645,-0.0063293816423132419
3042,0.02049981063973513,-0.014753164450006269,-0.0063008984348951035
3043,0.020489819940928748,-0.01477387295543659,-0.0062723836127976896
3044,0.020479814932274191,-0.014794548014658057,-0.0062438372817458362
3045,0.020469795634920171,-0.014815189587364646,-0.006215259547570187
3046,0.020459762070041621,-0.014835797633357977,-0.0061866505162067563
3047,0.020449714258839635,-0.014856372112547428,-0.0061580102936964823
3048,0.020439652222541394,-0.014876912984950249,-0.0061293389861847786
3049,0.020429575982400135,-0.014897420210691664,-0.0061006366999210937
3050,0.020419485559695041,-0.014917893750005002,-0.0060719035412584634
3051,0.020409380975731202,-0.014938333563231794,-0.0060431396166530683
3052,0.020399262251839547,-0.014958739610821897,-0.0060143450326637822
3053,0.020389129409376781,-0.0149791118533336,-0.0059855198959517276
3054,0.020378982469725308,-0.014999450251433734,-0.0059566643132798287
3055,0.020368821454293182,-0.015019754765897791,-0.0059277783915123667
3056,0.020358646384514036,-0.015040025357610017,-0.0058988622376145274
3057,0.020348457281847008,-0.015060261987563547,-0.0058699159586519554
3058,0.020338254167776695,-0.015080464616860492,-0.0058409396617903047
3059,0.020328037063813077,-0.015100633206712061,-0.0058119334542947928
3060,0.020317805991491435,-0.015120767718438665,-0.0057828974435297437
3061,0.020307560972372331,-0.015140868113470025,-0.0057538317369581473
3062,0.020297302028041492,-0.015160934353345288,-0.0057247364421412032
3063,0.020287029180109772,-0.015180966399713112,-0.0056956116667378721
3064,0.020276742450213089,-0.015200964214331808,-0.0056664575185044266
3065,0.020266441860012339,-0.015220927759069422,-0.005637274105293996
3066,0.020256127431193351,-0.015240856995903839,-0.0056080615350561185
3067,0.02024579918546681,-0.015260751886922904,-0.0055788199158362875
3068,0.020235457144568196,-0.015280612394324527,-0.0055495493557754984
3069,0.020225101330257719,-0.015300438480416761,-0.0055202499631097973
3070,0.020214731764320249,-0.015320230107617945,-0.0054909218461698288
3071,0.020204348468565246,-0.015339987238456771,-0.0054615651133803813
3072,0.020193951464826724,-0.015359709835572435,-0.0054321798732599336
3073,0.020183540774963118,-0.015379397861714683,-0.0054027662344201992
3074,0.020173116420857305,-0.015399051279743958,-0.0053733243055656757
3075,0.020162678424416464,-0.015418670052631488,-0.0053438541954931879
3076,0.020152226807572043,-0.015438254143459378,-0.0053143560130914282
3077,0.020141761592279702,-0.015457803515420728,-0.005284829867340508
3078,0.020131282800519228,-0.015477318131819722,-0.0052552758673115006
3079,0.020120790454294473,-0.015496797956071739,-0.0052256941221659834
3080,0.02011028457563329,-0.015516242951703438,-0.0051960847411555797
3081,0.020099765186587463,-0.015535653082352878,-0.0051664478336215054
3082,0.020089232309232635,-0.015555028311769597,-0.0051367835089941088
3083,0.02007868596566826,-0.015574368603814724,-0.0051070918767924158
3084,0.020068126178017513,-0.015593673922461077,-0.0050773730466236698
3085,0.020057552968427251,-0.015612944231793255,-0.0050476271281828747
3086,0.020046966359067914,-0.015632179496007741,-0.0050178542312523389
3087,0.020036366372133487,-0.015651379679413008,-0.0049880544657012115
3088,0.020025753029841421,-0.015670544746429586,-0.004958227941485027
3089,0.020015126354432547,-0.015689674661590186,-0.0049283747686452422
3090,0.020004486368171044,-0.01570876938953979,-0.004898495057308782
3091,0.019993833093344349,-0.015727828895035736,-0.0048685889176875736
3092,0.019983166552263086,-0.015746853142947829,-0.0048386564600780913
3093,0.01997248676726102,-0.015765842098258431,-0.0048086977948608913
3094,0.019961793760694971,-0.015784795726062534,-0.0047787130325001505
3095,0.019951087554944763,-0.015803713991567887,-0.0047487022835432102
3096,0.019940368172413132,-0.01582259686009508,-0.0047186656586201128
3097,0.019929635635525685,-0.015841444297077616,-0.0046886032684431362
3098,0.019918889966730812,-0.015860256268062024,-0.0046585152238063357
3099,0.019908131188499642,-0.01587903273870794,-0.0046284016355850784
3100,0.019897359323325935,-0.015897773674788219,-0.0045982626147355824
3101,0.019886574393726059,-0.015916479042188993,-0.0045680982722944548
3102,0.019875776422238898,-0.015935148806909792,-0.0045379087193782247
3103,0.019864965431425796,-0.015953782935063623,-0.0045076940671828838
3104,0.019854141443870467,-0.015972381392877058,-0.0044774544269834205
3105,0.019843304482178949,-0.015990944146690309,-0.0044471899101333548
3106,0.019832454568979516,-0.016009471162957357,-0.0044169006280642738
3107,0.01982159172692264,-0.016027962408245989,-0.0043865866922853675
3108,0.0198107159786809,-0.016046417849237937,-0.0043562482143829654
3109,0.01979982734694892,-0.016064837452728936,-0.0043258853060200702
3110,0.019788925854443293,-0.016083221185628813,-0.00429549807893589
3111,0.01977801152390252,-0.016101569014961573,-0.0042650866449453727
3112,0.019767084378086948,-0.016119880907865505,-0.004234651115938742
3113,0.019756144439778685,-0.016138156831593236,-0.0042041916038810349
3114,0.019745191731781554,-0.016156396753511843,-0.004173708220811625
3115,0.019734226276920997,-0.016174600641102928,-0.0041432010788437631
3116,0.019723248098044027,-0.0161927684619627,-0.004112670290164106
3117,0.019712257218019159,-0.016210900183802068,-0.0040821159670322536
3118,0.01970125365973633,-0.016228995774446708,-0.0040515382217802759
3119,0.019690237446106831,-0.016247055201837175,-0.0040209371668122502
3120,0.019679208600063242,-0.016265078434028954,-0.003990312914603787
3121,0.019668167144559375,-0.01628306543919256,-0.0039596655777015682
3122,0.019657113102570178,-0.016301016185613613,-0.0039289952687228714
3123,0.019646046497091701,-0.016318930641692923,-0.0038983021003551085
3124,0.019634967351140994,-0.016336808775946579,-0.0038675861853553488
3125,0.019623875687756046,-0.01635465055700602,-0.0038368476365498558
3126,0.019612771529995743,-0.016372455953618106,-0.0038060865668336145
3127,0.01960165490093976,-0.016390224934645221,-0.0037753030891698614
3128,0.019590525823688518,-0.016407957469065333,-0.0037444973165896142
3129,0.019579384321363094,-0.016425653525972084,-0.0037136693621912047
3130,0.019568230417105172,-0.016443313074574858,-0.0036828193391398017
3131,0.019557064134076967,-0.016460936084198866,-0.0036519473606669464
3132,0.01954588549546115,-0.016478522524285229,-0.003621053540070078
3133,0.019534694524460782,-0.016496072364391039,-0.0035901379907120638
3134,0.019523491244299241,-0.016513585574189461,-0.0035592008260207286
3135,0.019512275678220167,-0.016531062123469772,-0.0035282421594883782
3136,0.019501047849487363,-0.016548501982137469,-0.0034972621046713338
3137,0.01948980778138476,-0.01656590512021433,-0.0034662607751894548
3138,0.019478555497216322,-0.016583271507838504,-0.0034352382847256694
3139,0.019467291020305994,-0.016600601115264561,-0.0034041947470255015
3140,0.019456014373997615,-0.016617893912863578,-0.0033731302758965957
3141,0.019444725581654863,-0.016635149871123217,-0.0033420449852082472
3142,0.019433424666661168,-0.016652368960647795,-0.0033109389888909286
3143,0.019422111652419659,-0.016669551152158353,-0.0032798124009358123
3144,0.019410786562353097,-0.01668669641649273,-0.003248665335394303
3145,0.019399449419903778,-0.016703804724605642,-0.0032174979063775587
3146,0.019388100248533484,-0.016720876047568733,-0.0031863102280560189
3147,0.019376739071723416,-0.016737910356570677,-0.0031551024146589304
3148,0.019365365912974108,-0.016754907622917214,-0.003123874580473873
3149,0.019353980795805383,-0.01677186781803125,-0.0030926268398462835
3150,0.019342583743756244,-0.016788790913452905,-0.0030613593071789832
3151,0.019331174780384833,-0.016805676880839591,-0.0030300720969317018
3152,0.019319753929268348,-0.016822525691966086,-0.0029987653236206
3153,0.019308321214002985,-0.016839337318724591,-0.0029674391018177995
3154,0.01929687665820386,-0.0168561117331248,-0.0029360935461509021
3155,0.019285420285504919,-0.016872848907293962,-0.0029047287713025167
3156,0.019273952119558915,-0.016889548813476974,-0.0028733448920097836
3157,0.019262472184037295,-0.016906211424036425,-0.0028419420230638968
3158,0.019250980502630129,-0.016922836711452654,-0.0028105202793096296
3159,0.019239477099046085,-0.016939424648323837,-0.0027790797756448576
3160,0.019227961997012304,-0.016955975207366032,-0.0027476206270200822
3161,0.019216435220274344,-0.016972488361413268,-0.0027161429484379518
3162,0.019204896792596148,-0.016988964083417581,-0.0026846468549527884
3163,0.019193346737759916,-0.017005402346449094,-0.0026531324616701104
3164,0.019181785079566069,-0.01702180312369609,-0.0026215998837461531
3165,0.019170211841833179,-0.017038166388465049,-0.0025900492363873919
3166,0.019158627048397863,-0.017054492114180725,-0.0025584806348500641
3167,0.019147030723114765,-0.017070780274386212,-0.0025268941944396948
3168,0.019135422889856434,-0.017087030842742993,-0.0024952900305106147
3169,0.019123803572513299,-0.017103243793031003,-0.0024636682584654856
3170,0.019112172794993554,-0.017119419099148707,-0.0024320289937548208
3171,0.019100530581223119,-0.017135556735113144,-0.0024003723518765058
3172,0.019088876955145558,-0.017151656675059981,-0.0023686984483753228
3173,0.019077211940722004,-0.017167718893243585,-0.0023370073988424689
3174,0.01906553556193109,-0.01718374336403708,-0.0023052993189150803
3175,0.019053847842768885,-0.0171997300619324,-0.0022735743242757516
3176,0.019042148807248801,-0.017215678961540339,-0.0022418325306520588
3177,0.01903043847940156,-0.017231590037590627,-0.0022100740538160768
3178,0.019018716883275069,-0.017247463264931987,-0.0021782990095839056
3179,0.019006984042934411,-0.017263298618532173,-0.0021465075138151855
3180,0.018995239982461713,-0.017279096073478037,-0.0021146996824126215
3181,0.018983484725956127,-0.017294855604975578,-0.0020828756313215021
3182,0.018971718297533725,-0.017310577188350006,-0.0020510354765292203
3183,0.018959940721327433,-0.017326260799045791,-0.0020191793340647939
3184,0.018948152021486954,-0.017341906412626715,-0.0019873073199983848
3185,0.018936352222178727,-0.017357514004775931,-0.0019554195504408196
3186,0.018924541347585821,-0.017373083551296024,-0.0019235161415431096
3187,0.018912719421907875,-0.017388615028109042,-0.0018915972094959701
3188,0.018900886469361021,-0.017404108411256562,-0.0018596628705293413
3189,0.018889042514177841,-0.017419563676899751,-0.0018277132409119073
3190,0.018877187580607246,-0.017434980801319392,-0.0017957484369506144
3191,0.018865321692914439,-0.017450359760915954,-0.0017637685749901915
3192,0.018853444875380834,-0.017465700532209638,-0.0017317737714126699
3193,0.018841557152303987,-0.017481003091840433,-0.0016997641426369017
3194,0.018829658547997518,-0.017496267416568144,-0.0016677398051180802
3195,0.018817749086791041,-0.017511493483272474,-0.0016357008753472564
3196,0.018805828793030093,-0.017526681268953043,-0.0016036474698508606
3197,0.018793897691076068,-0.017541830750729449,-0.0015715797051902192
3198,0.018781955805306127,-0.017556941905841318,-0.0015394976979610745
3199,0.018770003160113138,-0.017572014711648348,-0.0015074015647931042
3200,0.018758039779905623,-0.017587049145630359,-0.0014752914223494389
3201,0.018746065689107642,-0.017602045185387334,-0.0014431673873261802
3202,0.018734080912158758,-0.017617002808639464,-0.0014110295764519205
3203,0.018722085473513939,-0.01763192199322719,-0.0013788781064872598
3204,0.018710079397643502,-0.01764680271711128,-0.0013467130942243256
3205,0.018698062709033052,-0.017661644958372812,-0.00131453465648629
3206,0.018686035432183369,-0.017676448695213287,-0.0012823429101268889
3207,0.018673997591610387,-0.017691213905954618,-0.0012501379720299391
3208,0.018661949211845073,-0.017705940569039205,-0.0012179199591088573
3209,0.01864989031743338,-0.017720628663029966,-0.0011856889883061768
3210,0.018637820932936183,-0.017735278166610375,-0.0011534451765930673
3211,0.018625741082929189,-0.017749889058584521,-0.0011211886409688509
3212,0.018613650792002862,-0.017764461317877126,-0.0010889194984605212
3213,0.018601550084762358,-0.017778994923533603,-0.0010566378661222603
3214,0.018589438985827475,-0.017793489854720089,-0.0010243438610349576
3215,0.018577317519832531,-0.017807946090723493,-0.00099203760030572579
3216,0.018565185711426322,-0.017822363610951526,-0.00095971920106742035
3217,0.018553043585272062,-0.017836742394932738,-0.00092738878047815608
3218,0.018540891166047287,-0.017851082422316575,-0.00089504645572082472
3219,0.018528728478443779,-0.017865383672873394,-0.00086269234400261272
3220,0.01851655554716751,-0.017879646126494512,-0.00083032656255451886
3221,0.01850437239693856,-0.017893869763192231,-0.00079794922863087102
3222,0.01849217905249104,-0.01790805456309991,-0.00076556045950884448
3223,0.01847997553857304,-0.017922200506471954,-0.00073316037248797911
3224,0.018467761879946535,-0.017936307573683894,-0.00070074908488969615
3225,0.018455538101387319,-0.017950375745232384,-0.0006683267140568164
3226,0.018443304227684927,-0.017964405001735261,-0.00063589337735307663
3227,0.018431060283642567,-0.017978395323931567,-0.00060344919216264771
3228,0.018418806294077054,-0.017992346692681595,-0.00057099427588965153
3229,0.018406542283818723,-0.018006259088966903,-0.00053852874595767825
3230,0.018394268277711363,-0.018020132493890374,-0.00050605271980930363
3231,0.018381984300612143,-0.018033966888676225,-0.00047356631490560634
3232,0.018369690377391546,-0.018047762254670044,-0.00044106964872568508
3233,0.018357386532933281,-0.018061518573338833,-0.00040856283876617594
3234,0.01834507279213422,-0.018075235826271029,-0.00037604600254076951
3235,0.018332749179904319,-0.018088913995176537,-0.00034351925757972798
3236,0.01832041572116655,-0.018102553061886763,-0.00031098272142940283
3237,0.018308072440856828,-0.018116153008354636,-0.00027843651165175142
3238,0.018295719363923938,-0.018129713816654645,-0.00024588074582385485
3239,0.01828335651532946,-0.018143235468982864,-0.00021331554153743471
3240,0.018270983920047695,-0.01815671794765699,-0.00018074101639837067
3241,0.018258601603065579,-0.018170161235116361,-0.00014815728802621743
3242,0.018246209589382643,-0.018183565313921974,-0.00011556447405372234
3243,0.018233807904010902,-0.018196930166756536,-8.2962692126342319e-05
3244,0.018221396571974805,-0.018210255776424478,-5.0352059901761382e-05
3245,0.018208975618311165,-0.018223542125851973,-1.7732695049407889e-05
3246,0.018196545068069062,-0.018236789198086984,1.4895284750028065e-05
3247,0.018184104946309784,-0.018249996976299258,4.7531761805077343e-05
3248,0.018171655278106772,-0.018263165443780389,8.0176618413974353e-05
3249,0.018159196088545496,-0.018276294583943805,0.00011282973686513965
3250,0.018146727402723446,-0.018289384380324816,0.0001454909994376624
3251,0.018134249245750002,-0.018302434816580625,0.0001781602884017831
3252,0.018121761642746394,-0.01831544587649037,0.00021083748601937575
3253,0.01810926461884562,-0.01832841754395511,0.00024352247454443056
3254,0.018096758199192365,-0.018341349802997897,0.00027621513622353626
3255,0.018084242408942932,-0.018354242637763748,0.0003089153532963627
3256,0.018071717273265179,-0.018367096032519688,0.00034162300799614264
3257,0.01805918281733843,-0.018379909971654781,0.00037433798255015455
3258,0.018046639066353409,-0.018392684439680135,0.00040706015918020455
3259,0.018034086045512158,-0.018405419421228926,0.00043978942010310855
3260,0.018021523780027977,-0.018418114901056434,0.00047252564753117485
3261,0.018008952295125343,-0.018430770864040016,0.0005052687236726857
3262,0.017996371616039831,-0.018443387295179182,0.00053801853073237962
3263,0.017983781768018056,-0.018455964179595559,0.00057077495091193288
3264,0.017971182776317578,-0.018468501502532958,0.00060353786641044232
3265,0.017958574666206852,-0.018480999249357356,0.00063630715942490656
3266,0.01794595746296513,-0.018493457405556923,0.00066908271215070764
3267,0.01793333119188241,-0.018505875956742048,0.00070186440678209289
3268,0.017920695878259341,-0.018518254888645336,0.0007346521255126565
3269,0.017908051547407159,-0.018530594187121635,0.00076744575053582171
3270,0.01789539822464762,-0.018542893838148045,0.00080024516404532137
3271,0.017882735935312918,-0.01855515382782395,0.00083305024823568039
3272,0.017870064704745604,-0.018567374142371001,0.0008658608853026955
3273,0.017857384558298522,-0.018579554768133152,0.00089867695744391804
3274,0.01784469552133475,-0.018591695691576669,0.00093149834685913474
3275,0.017831997619227508,-0.018603796899290134,0.00096432493575084868
3276,0.017819290877360068,-0.018615858377984462,0.00099715660632475984
3277,0.017806575321125707,-0.018627880114492925,0.0010299932407902466
3278,0.017793850975927627,-0.018639862095771141,0.0010628347213608464
3279,0.01778111786717888,-0.018651804308897086,0.0010956809302547367
3280,0.017768376020302283,-0.018663706741071137,0.0011285317496952157
3281,0.017755625460730364,-0.018675569379616033,0.0011613870619111822
3282,0.017742866213905268,-0.018687392211976923,0.0011942467491376165
3283,0.017730098305278694,-0.01869917522572136,0.0012271106936160606
3284,0.017717321760311835,-0.018710918408539307,0.0012599787775950987
3285,0.017704536604475265,-0.018722621748243136,0.001292850883330837
3286,0.017691742863248903,-0.018734285232767663,0.0013257268930873842
3287,0.017678940562121909,-0.018745908850170127,0.0013586066891373302
3288,0.017666129726592657,-0.018757492588630222,0.0013914901537622276
3289,0.017653310382168594,-0.018769036436450066,0.0014243771692530707
3290,0.017640482554366208,-0.018780540382054251,0.0014572676179107744
3291,0.01762764626871097,-0.018792004413989812,0.0014901613820466548
3292,0.017614801550737216,-0.018803428520926257,0.0015230583439829071
3293,0.017601948425988102,-0.018814812691655549,0.0015559583860530865
3294,0.017589086920015522,-0.01882615691509212,0.0015888613906025854
3295,0.017576217058380021,-0.018837461180272897,0.0016217672399891146
3296,0.017563338866650752,-0.018848725476357249,0.0016546758165831802
3297,0.017550452370405374,-0.018859949792627052,0.0016875870027685629
3298,0.017537557595229993,-0.018871134118486642,0.0017205006809427972
3299,0.017524654566719079,-0.018882278443462849,0.0017534167335176481
3300,0.017511743310475392,-0.018893382757204976,0.0017863350429195921
3301,0.017498823852109914,-0.018904447049484806,0.0018192554915902929
3302,0.017485896217241777,-0.018915471310196618,0.00185217796198708
3303,0.017472960431498177,-0.018926455529357154,0.0018851023365834278
3304,0.017460016520514311,-0.018937399697105652,0.0019180284978694319
3305,0.017447064509933292,-0.018948303803703829,0.0019509563283522874
3306,0.017434104425406095,-0.01895916783953587,0.0019838857105567652
3307,0.017421136292591455,-0.018969991795108439,0.002016816527025692
3308,0.01740816013715582,-0.018980775661050688,0.0020497486603204234
3309,0.017395175984773244,-0.018991519428114206,0.0020826819930213239
3310,0.017382183861125354,-0.01900222308717308,0.0021156164077282421
3311,0.017369183791901246,-0.019012886629223836,0.0021485517870609891
3312,0.017356175802797424,-0.019023510045385467,0.002181488013659813
3313,0.017343159919517709,-0.019034093326899412,0.0022144249701858765
3314,0.017330136167773187,-0.019044636465129567,0.0022473625393217333
3315,0.017317104573282123,-0.019055139451562269,0.0022803006037718015
3316,0.017304065161769893,-0.019065602277806275,0.0023132390462628424
3317,0.0172910179589689,-0.019076024935592781,0.0023461777495444348
3318,0.017277962990618508,-0.019086407416775388,0.0023791165963894505
3319,0.017264900282464964,-0.019096749713330127,0.0024120554695945288
3320,0.017251829860261334,-0.019107051817355416,0.0024449942519805534
3321,0.017238751749767404,-0.019117313721072088,0.0024779328263931258
3322,0.017225665976749634,-0.019127535416823348,0.0025108710757030411
3323,0.017212572566981058,-0.019137716897074771,0.0025438088828067603
3324,0.017199471546241241,-0.019147858154414322,0.0025767461306268873
3325,0.017186362940316169,-0.019157959181552296,0.0026096827021126422
3326,0.017173246774998208,-0.019168019971321341,0.0026426184802403351
3327,0.017160123076086008,-0.019178040516676455,0.0026755533480138393
3328,0.017146991869384443,-0.019188020810694924,0.002708487188465065
3329,0.017133853180704518,-0.019197960846576385,0.0027414198846544332
3330,0.017120707035863315,-0.019207860617642739,0.0027743513196713497
3331,0.017107553460683898,-0.019217720117338185,0.0028072813766346748
3332,0.017094392480995264,-0.019227539339229174,0.0028402099386931989
3333,0.017081224122632261,-0.019237318277004447,0.0028731368890261163
3334,0.017068048411435492,-0.019247056924474946,0.0029060621108434937
3335,0.017054865373251266,-0.019256755275573866,0.0029389854873867441
3336,0.017041675033931517,-0.019266413324356597,0.0029719069019291003
3337,0.017028477419333714,-0.019276031065000733,0.003004826237776083
3338,0.017015272555320825,-0.019285608491806036,0.0030377433782659761
3339,0.017002060467761201,-0.019295145599194437,0.0030706582067702949
3340,0.016988841182528525,-0.019304642381710008,0.0031035706066942577
3341,0.016975614725501725,-0.019314098834018942,0.0031364804614772593
3342,0.016962381122564936,-0.019323514950909542,0.0031693876545933388
3343,0.016949140399607356,-0.019332890727292201,0.0032022920695516498
3344,0.016935892582523246,-0.019342226158199381,0.003235193589896932
3345,0.016922637697211813,-0.019351521238785606,0.0032680920992099799
3346,0.016909375769577149,-0.019360775964327413,0.0033009874811081147
3347,0.016896106825528136,-0.019369990330223356,0.0033338796192456488
3348,0.016882830890978407,-0.019379164331993971,0.0033667683973143611
3349,0.01686954799184626,-0.019388297965281773,0.003399653699043961
3350,0.016856258154054563,-0.019397391225851216,0.0034325354082025594
3351,0.016842961403530698,-0.019406444109588666,0.0034654134085971371
3352,0.016829657766206502,-0.019415456612502408,0.0034982875840740128
3353,0.016816347268018162,-0.019424428730722594,0.0035311578185193105
3354,0.01680302993490615,-0.019433360460501221,0.003564023995859427
3355,0.016789705792815159,-0.019442251798212126,0.0035968860000614995
3356,0.016776374867694021,-0.019451102740350962,0.0036297437151338744
3357,0.016763037185495648,-0.019459913283535142,0.0036625970251265732
3358,0.016749692772176934,-0.019468683424503842,0.0036954458141317576
3359,0.016736341653698677,-0.01947741316011796,0.003728289966284196
3360,0.01672298385602556,-0.019486102487360105,0.0037611293657617332
3361,0.016709619405125994,-0.019494751403334561,0.0037939638967857516
3362,0.01669624832697212,-0.019503359905267258,0.0038267934436216414
3363,0.016682870647539694,-0.019511927990505738,0.0038596178905792619
3364,0.016669486392808009,-0.019520455656519147,0.0038924371220134084
3365,0.016656095588759856,-0.019528942900898183,0.0039252510223242764
3366,0.016642698261381407,-0.019537389721355079,0.0039580594759579249
3367,0.016629294436662171,-0.019545796115723588,0.0039908623674067461
3368,0.016615884140594912,-0.019554162081958926,0.0040236595812099211
3369,0.016602467399175577,-0.019562487618137756,0.0040564510019538902
3370,0.016589044238403215,-0.019570772722458152,0.0040892365142728149
3371,0.016575614684279906,-0.019579017393239587,0.004122016002849037
3372,0.016562178762810683,-0.019587221628922857,0.0041547893524135444
3373,0.016548736500003471,-0.01959538542807009,0.0041875564477464348
3374,0.016535287921869018,-0.019603508789364697,0.0042203171736773766
3375,0.016521833054420784,-0.019611591711611351,0.0042530714150860686
3376,0.016508371923674905,-0.01961963419373593,0.0042858190569027062
3377,0.01649490455565011,-0.019627636234785518,0.0043185599841084393
3378,0.016481430976367645,-0.019635597833928334,0.0043512940817358337
3379,0.016467951211851191,-0.019643518990453718,0.004384021234869335
3380,0.016454465288126802,-0.019651399703772089,0.0044167413286457218
3381,0.016440973231222816,-0.019659239973414913,0.0044494542482545734
3382,0.016427475067169801,-0.019667039799034655,0.0044821598789387277
3383,0.016413970822000482,-0.019674799180404767,0.0045148581059947356
3384,0.016400460521749639,-0.01968251811741964,0.004547548814773328
3385,0.01638694419245406,-0.019690196610094544,0.0045802318906798681
3386,0.016373421860152462,-0.01969783465856563,0.0046129072191748131
3387,0.016359893550885414,-0.019705432263089843,0.0046455746857741705
3388,0.016346359290695254,-0.019712989424044928,0.0046782341760499592
3389,0.016332819105626048,-0.019720506141929373,0.0047108855756306653
3390,0.016319273021723469,-0.019727982417362375,0.004743528770201697
3391,0.016305721065034758,-0.01973541825108378,0.004776163645505844
3392,0.016292163261608646,-0.019742813643954055,0.004808790087343735
3393,0.016278599637495273,-0.019750168596954273,0.0048414079815742904
3394,0.016265030218746122,-0.019757483111186021,0.0048740172141151852
3395,0.016251455031413925,-0.019764757187871393,0.0049066176709432942
3396,0.016237874101552616,-0.019771990828352948,0.0049392092380951555
3397,0.016224287455217239,-0.019779184034093646,0.0049717918016674231
3398,0.016210695118463892,-0.019786336806676817,0.0050043652478173155
3399,0.016197097117349631,-0.019793449147806119,0.0050369294627630829
3400,0.016183493477932426,-0.019800521059305499,0.005069484332784451
3401,0.016169884226271067,-0.019807552543119132,0.0051020297442230748
3402,0.016156269388425078,-0.019814543601311393,0.005134565583482997
3403,0.016142648990454683,-0.0198214942360668,0.005167091737031098
3404,0.016129023058420688,-0.019828404449689967,0.0051996080913975446
3405,0.016115391618384444,-0.019835274244605565,0.0052321145331762501
3406,0.016101754696407768,-0.019842103623358278,0.0052646109490253161
3407,0.016088112318552842,-0.019848892588612742,0.0052970972256674957
3408,0.016074464510882163,-0.019855641143153507,0.0053295732498906349
3409,0.01606081129945848,-0.019862349289884992,0.0053620389085481251
3410,0.016047152710344691,-0.019869017031832491,0.0053944940885593574
3411,0.016033488769603799,-0.019875644372138946,0.0054269386769101686
3412,0.01601981950329881,-0.019882231314068084,0.0054593725606532917
3413,0.016006144937492684,-0.019888777861003286,0.0054917956269088051
3414,0.015992465098248258,-0.019895284016447558,0.0055242077628645846
3415,0.015978780011628165,-0.019901749784023468,0.0055566088557767448
3416,0.01596508970369476,-0.019908175167473108,0.0055889987929700945
3417,0.015951394200510047,-0.019914560170658034,0.0056213774618385816
3418,0.015937693528135621,-0.019920904797559199,0.0056537447498457381
3419,0.015923987712632589,-0.019927209052276941,0.0056861005445251293
3420,0.015910276780061475,-0.019933472939030888,0.0057184447334808
3421,0.015896560756482183,-0.019939696462159918,0.0057507772043877197
3422,0.0158828396679539,-0.019945879626122112,0.0057830978449922308
3423,0.015869113540535024,-0.019952022435494706,0.0058154065431124911
3424,0.015855382400283096,-0.019958124894974016,0.0058477031866389197
3425,0.015841646273254729,-0.019964187009375398,0.0058799876635346427
3426,0.015827905185505548,-0.019970208783633196,0.0059122598618359347
3427,0.015814159163090074,-0.019976190222800672,0.0059445196696526655
3428,0.015800408232061702,-0.019982131332049947,0.0059767669751687423
3429,0.015786652418472609,-0.01998803211667197,0.0060090016666425545
3430,0.015772891748373662,-0.019993892582076428,0.0060412236324074095
3431,0.015759126247814371,-0.019999712733791714,0.0060734327608719827
3432,0.015745355942842817,-0.020005492577464864,0.0061056289405207569
3433,0.015731580859505545,-0.02001123211886148,0.0061378120599144617
3434,0.015717801023847545,-0.0200169313638657,0.0061699820076905158
3435,0.015704016461912145,-0.020022590318480107,0.0062021386725634679
3436,0.015690227199740926,-0.020028208988825711,0.0062342819433254355
3437,0.015676433263373684,-0.020033787381141838,0.0062664117088465435
3438,0.015662634678848347,-0.020039325501786099,0.0062985278580753685
3439,0.015648831472200881,-0.020044823357234343,0.0063306302800393739
3440,0.015635023669465248,-0.020050280954080554,0.0063627188638453449
3441,0.015621211296673305,-0.020055698299036837,0.0063947934986798363
3442,0.015607394379854764,-0.020061075398933315,0.0064268540738095983
3443,0.015593572945037094,-0.020066412260718078,0.0064589004785820196
3444,0.015579747018245448,-0.020071708891457134,0.0064909326024255682
3445,0.015565916625502624,-0.020076965298334335,0.0065229503348502209
3446,0.015552081792828949,-0.020082181488651318,0.0065549535654479017
3447,0.015538242546242224,-0.020087357469827431,0.0065869421838929175
3448,0.015524398911757669,-0.02009249324939966,0.0066189160799423911
3449,0.015510550915387831,-0.020097588835022592,0.006650875143436698
3450,0.015496698583142515,-0.020102644234468333,0.0066828192642998958
3451,0.01548284194102871,-0.020107659455626443,0.0067147483325401686
3452,0.015468981015050542,-0.020112634506503864,0.0067466622382502455
3453,0.015455115831209152,-0.020117569395224862,0.0067785608716078452
3454,0.015441246415502676,-0.020122464130030951,0.0068104441228761014
3455,0.015427372793926133,-0.020127318719280838,0.0068423118824039965
3456,0.015413494992471384,-0.02013213317145034,0.0068741640406267974
3457,0.015399613037127042,-0.02013690749513232,0.0069060004880664785
3458,0.015385726953878416,-0.020141641699036626,0.0069378211153321599
3459,0.01537183676870741,-0.02014633579199001,0.0069696258131205285
3460,0.015357942507592478,-0.020150989782936061,0.0070014144722162748
3461,0.015344044196508548,-0.020155603680935146,0.0070331869834925204
3462,0.015330141861426953,-0.020160177495164324,0.0070649432379112469
3463,0.015316235528315335,-0.020164711234917282,0.0070966831265237189
3464,0.015302325223137613,-0.020169204909604267,0.0071284065404709175
3465,0.015288410971853872,-0.020173658528751991,0.0071601133709839658
3466,0.015274492800420317,-0.020178072102003598,0.0071918035093845555
3467,0.015260570734789189,-0.02018244563911856,0.0072234768470853718
3468,0.015246644800908713,-0.020186779149972616,0.0072551332755905222
3469,0.015232715024722999,-0.020191072644557693,0.0072867726864959577
3470,0.015218781432171981,-0.02019532613298183,0.0073183949714899022
3471,0.015204844049191365,-0.02019953962546912,0.0073500000223532718
3472,0.015190902901712525,-0.020203713132359608,0.0073815877309601026
3473,0.01517695801566246,-0.020207846664109238,0.0074131579892779747
3474,0.015163009416963708,-0.020211940231289773,0.007444710689368428
3475,0.015149057131534272,-0.020215993844588706,0.0074762457233873919
3476,0.015135101185287559,-0.020220007514809197,0.0075077629835856021
3477,0.015121141604132308,-0.020223981252869998,0.0075392623623090262
3478,0.015107178413972511,-0.020227915069805362,0.007570743751999281
3479,0.015093211640707359,-0.020231808976764975,0.0076022070451940617
3480,0.015079241310231145,-0.020235662985013874,0.0076336521345275491
3481,0.015065267448433211,-0.020239477105932366,0.007665078912730835
3482,0.015051290081197877,-0.020243251351015946,0.007696487272632337
3483,0.015037309234404356,-0.020246985731875233,0.0077278771071582278
3484,0.01502332493392671,-0.020250680260235878,0.0077592483093328387
3485,0.015009337205633749,-0.020254334947938497,0.0077906007722790922
3486,0.014995346075388983,-0.020257949806938569,0.0078219343892189045
3487,0.01498135156905054,-0.020261524849306364,0.0078532490534736071
3488,0.014967353712471104,-0.020265060087226866,0.0078845446584643666
3489,0.014953352531497828,-0.02026855553299969,0.0079158210977126001
3490,0.014939348051972279,-0.020272011199038993,0.0079470782648403768
3491,0.014925340299730363,-0.020275427097873399,0.0079783160535708466
3492,0.014911329300602256,-0.020278803242145902,0.0080095343577286527
3493,0.014897315080412322,-0.020282139644613801,0.0080407330712403344
3494,0.014883297664979062,-0.020285436318148609,0.0080719120881347552
3495,0.014869277080115035,-0.020288693275735969,0.0081030713025435023
3496,0.01485525335162678,-0.020291910530475556,0.0081342106087013023
3497,0.014841226505314763,-0.020295088095581018,0.0081653299009464327
3498,0.014827196566973292,-0.020298225984379865,0.0081964290737211332
3499,0.01481316356239044,-0.020301324210313387,0.0082275080215720147
3500,0.01479912751734801,-0.020304382786936592,0.0082585666391504654
3501,0.014785088457621417,-0.020307401727918086,0.0082896048212130653
3502,0.014771046408979657,-0.020310381047040013,0.0083206224626219943
3503,0.014757001397185212,-0.020313320758197934,0.0083516194583454322
3504,0.014742953447994004,-0.020316220875400783,0.0083825957034579807
3505,0.014728902587155304,-0.020319081412770751,0.0084135510931410574
3506,0.014714848840411668,-0.020321902384543185,0.0084444855226833027
3507,0.014700792233498875,-0.020324683805066537,0.0084753988874809952
3508,0.014686732792145845,-0.020327425688802234,0.0085062910830384451
3509,0.014672670542074582,-0.020330128050324626,0.0085371620049684103
3510,0.014658605509000094,-0.020332790904320861,0.008568011548992489
3511,0.014644537718630331,-0.020335414265590816,0.0085988396109415305
3512,0.014630467196666112,-0.020337998149046993,0.0086296460867560393
3513,0.014616393968801052,-0.020340542569714442,0.008660430872486571
3514,0.014602318060721495,-0.020343047542730652,0.0086911938642941378
3515,0.014588239498106455,-0.020345513083345472,0.0087219349584506094
3516,0.014574158306627533,-0.02034793920692101,0.0087526540513391173
3517,0.014560074511948851,-0.020350325928931552,0.0087833510394544449
3518,0.014545988139726984,-0.020352673264963442,0.0088140258194034423
3519,0.014531899215610891,-0.020354981230715018,0.0088446782879054095
3520,0.014517807765241844,-0.020357249841996505,0.0088753083417925042
3521,0.014503713814253371,-0.020359479114729906,0.0089059158780101406
3522,0.014489617388271167,-0.020361669064948937,0.0089365007936173801
3523,0.014475518512913031,-0.0203638197087989,0.0089670629857873281
3524,0.014461417213788807,-0.020365931062536612,0.0089976023518075383
3525,0.014447313516500316,-0.020368003142530289,0.0090281187890804016
3526,0.014433207446641266,-0.020370035965259471,0.0090586121951235412
3527,0.014419099029797204,-0.020372029547314915,0.0090890824675702083
3528,0.014404988291545448,-0.02037398390539847,0.0091195295041696812
3529,0.014390875257455001,-0.020375899056323032,0.0091499532027876467
3530,0.014376759953086493,-0.020377775017012399,0.0091803534614066044
3531,0.014362642403992118,-0.020379611804501194,0.0092107301781262484
3532,0.014348522635715552,-0.020381409435934767,0.0092410832511638716
3533,0.014334400673791896,-0.020383167928569097,0.0092714125788547416
3534,0.014320276543747606,-0.020384887299770674,0.0093017180596525039
3535,0.014306150271100423,-0.020386567567016421,0.0093319995921295612
3536,0.014292021881359295,-0.020388208747893571,0.009362257074977471
3537,0.014277891400024324,-0.020389810860099587,0.0093924904070073322
3538,0.014263758852586699,-0.020391373921442059,0.0094226994871501688
3539,0.014249624264528606,-0.020392897949838586,0.0094528842144573199
3540,0.014235487661323187,-0.020394382963316686,0.0094830444881008249
3541,0.01422134906843445,-0.020395828980013672,0.0095131802073738087
3542,0.014207208511317215,-0.020397236018176595,0.0095432912716908753
3543,0.01419306601541704,-0.020398604096162089,0.0095733775805884793
3544,0.014178921606170153,-0.020399933232436312,0.0096034390337253195
3545,0.014164775309003392,-0.020401223445574799,0.0096334755308827257
3546,0.014150627149334122,-0.020402474754262396,0.0096634869719650317
3547,0.014136477152570191,-0.020403687177293139,0.0096934732569999606
3548,0.014122325344109826,-0.020404860733570122,0.0097234342861390113
3549,0.014108171749341597,-0.020405995442105442,0.0097533699596578302
3550,0.014094016393644354,-0.020407091322020069,0.0097832801779566079
3551,0.014079859302387124,-0.020408148392543728,0.0098131648415604386
3552,0.014065700500929075,-0.02040916667301481,0.0098430238511197175
3553,0.014051540014619439,-0.02041014618288025,0.0098728571074105115
3554,0.014037377868797444,-0.020411086941695435,0.0099026645113349382
3555,0.01402321408879224,-0.020411988969124089,0.0099324459639215396
3556,0.014009048699922852,-0.020412852284938155,0.0099622013663256664
3557,0.013994881727498087,-0.020413676909017704,0.0099919306198298502
3558,0.013980713196816482,-0.020414462861350818,0.010021633625844174
3559,0.01396654313316624,-0.020415210162033473,0.010051310285906657
3560,0.013952371561825163,-0.020415918831269451,0.01008096050168362
3561,0.013938198508060563,-0.020416588889370198,0.010110584174970062
3562,0.013924023997129222,-0.02041722035675473,0.010140181207690039
3563,0.013909848054277314,-0.020417813253949535,0.010169751501897023
3564,0.01389567070474034,-0.020418367601588439,0.010199294959774292
3565,0.013881491973743059,-0.020418883420412513,0.010228811483635284
3566,0.013867311886499426,-0.020419360731269945,0.010258300975923977
3567,0.013853130468212521,-0.020419799555115938,0.010287763339215257
3568,0.01383894774407448,-0.0204201999130126,0.010317198476215279
3569,0.013824763739266444,-0.020420561826128811,0.010346606289761849
3570,0.013810578478958472,-0.020420885315740128,0.010375986682824785
3571,0.013796391988309491,-0.020421170403228675,0.010405339558506281
3572,0.01378220429246722,-0.02042141711008302,0.010434664820041281
3573,0.013768015416568108,-0.020421625457898048,0.010463962370797846
3574,0.013753825385737262,-0.020421795468374866,0.010493232114277501
3575,0.013739634225088395,-0.020421927163320693,0.010522473954115619
3576,0.013725441959723738,-0.020422020564648702,0.01055168779408178
3577,0.013711248614733995,-0.020422075694377973,0.01058087353808013
3578,0.013697054215198274,-0.020422092574633299,0.010610031090149748
3579,0.013682858786184008,-0.020422071227645132,0.010639160354465006
3580,0.013668662352746896,-0.020422011675749429,0.010668261235335923
3581,0.013654464939930848,-0.020421913941387551,0.010697333637208544
3582,0.013640266572767915,-0.020421778047106147,0.010726377464665288
3583,0.0136260672762782,-0.020421604015557013,0.0107553926224253
3584,0.013611867075469823,-0.020421391869497003,0.010784379015344818
3585,0.013597665995338848,-0.020421141631787904,0.010813336548417533
3586,0.013583464060869205,-0.020420853325396292,0.010842265126774947
3587,0.013569261297032641,-0.020420526973393437,0.010871164655686718
3588,0.013555057728788634,-0.020420162598955176,0.010900035040561027
3589,0.013540853381084357,-0.020419760225361794,0.010928876186944931
3590,0.013526648278854587,-0.020419319875997897,0.010957688000524709
3591,0.013512442447021654,-0.020418841574352305,0.010986470387126232
3592,0.013498235910495373,-0.020418325344017909,0.01101522325271531
3593,0.01348402869417298,-0.020417771208691572,0.011043946503398029
3594,0.013469820822939059,-0.020417179192173986,0.011072640045421122
3595,0.013455612321665492,-0.020416549318369569,0.011101303785172311
3596,0.013441403215211379,-0.020415881611286327,0.01112993762918066
3597,0.013427193528422981,-0.020415176095035729,0.011158541484116923
3598,0.013412983286133657,-0.0204144327938326,0.011187115256793896
3599,0.013398772513163796,-0.020413651731994994,0.011215658854166765
3600,0.013384561234320757,-0.020412832933944049,0.011244172183333442
3601,0.0133703494743988,-0.020411976424203889,0.011272655151534932
3602,0.013356137258179027,-0.02041108222740148,0.011301107666155665
3603,0.013341924610429304,-0.020410150368266503,0.011329529634723843
3604,0.013327711555904218,-0.020409180871631252,0.011357920964911788
3605,0.013313498119344999,-0.020408173762430492,0.011386281564536287
3606,0.013299284325479461,-0.020407129065701326,0.011414611341558932
3607,0.013285070199021927,-0.020406046806583079,0.011442910204086462
3608,0.013270855764673187,-0.020404927010317157,0.011471178060371106
3609,0.013256641047120411,-0.020403769702246943,0.011499414818810927
3610,0.013242426071037103,-0.020402574907817661,0.011527620387950157
3611,0.013228210861083027,-0.020401342652576222,0.011555794676479545
3612,0.013213995441904144,-0.020400072962171122,0.011583937593236688
3613,0.013199779838132563,-0.020398765862352328,0.011612049047206379
3614,0.01318556407438645,-0.020397421378971107,0.011640128947520931
3615,0.013171348175269989,-0.020396039537979926,0.011668177203460519
3616,0.013157132165373307,-0.020394620365432315,0.011696193724453526
3617,0.013142916069272412,-0.020393163887482739,0.011724178420076862
3618,0.013128699911529138,-0.020391670130386442,0.011752131200056316
3619,0.013114483716691073,-0.020390139120499376,0.011780051974266877
3620,0.013100267509291497,-0.020388570884278003,0.011807940652733068
3621,0.013086051313849311,-0.020386965448279205,0.011835797145629292
3622,0.013071835154869005,-0.020385322839160131,0.011863621363280149
3623,0.013057619056840553,-0.020383643083678089,0.01189141321616077
3624,0.013043403044239387,-0.020381926208690376,0.011919172614897151
3625,0.013029187141526311,-0.020380172241154185,0.011946899470266482
3626,0.013014971373147451,-0.020378381208126455,0.011974593693197477
3627,0.013000755763534188,-0.020376553136763731,0.012002255194770701
3628,0.012986540337103088,-0.020374688054322031,0.012029883886218893
3629,0.012972325118255844,-0.020372785988156724,0.012057479678927296
3630,0.012958110131379231,-0.020370846965722382,0.012085042484433994
3631,0.012943895400845014,-0.020368871014572649,0.012112572214430213
3632,0.012929680951009912,-0.020366858162360103,0.012140068780760665
3633,0.012915466806215524,-0.020364808436836149,0.012167532095423868
3634,0.012901252990788257,-0.020362721865850832,0.012194962070572465
3635,0.012887039529039291,-0.020360598477352748,0.012222358618513543
3636,0.012872826445264487,-0.020358438299388874,0.012249721651708973
3637,0.012858613763744354,-0.020356241360104461,0.012277051082775711
3638,0.012844401508743964,-0.020354007687742853,0.012304346824486117
3639,0.012830189704512895,-0.0203517373106454,0.012331608789768293
3640,0.012815978375285182,-0.020349430257251288,0.012358836891706387
3641,0.012801767545279247,-0.020347086556097415,0.012386031043540911
3642,0.012787557238697832,-0.020344706235818237,0.012413191158669063
3643,0.012773347479727949,-0.02034228932514566,0.012440317150645044
3644,0.012759138292540812,-0.020339835852908852,0.012467408933180364
3645,0.01274492970129178,-0.020337345848034157,0.01249446642014417
3646,0.012730721730120289,-0.020334819339544917,0.012521489525563555
3647,0.012716514403149803,-0.020332256356561357,0.012548478163623865
3648,0.012702307744487726,-0.02032965692830041,0.012575432248669015
3649,0.01268810177822538,-0.020327021084075615,0.012602351695201809
3650,0.012673896528437921,-0.020324348853296956,0.012629236417884236
3651,0.012659692019184281,-0.020321640265470727,0.012656086331537798
3652,0.012645488274507108,-0.020318895350199401,0.012682901351143801
3653,0.012631285318432703,-0.020316114137181436,0.012709681391843673
3654,0.012617083174970962,-0.020313296656211208,0.012736426368939265
3655,0.012602881868115317,-0.020310442937178805,0.012763136197893179
3656,0.012588681421842681,-0.02030755301006993,0.012789810794329046
3657,0.012574481860113375,-0.020304626904965734,0.012816450074031852
3658,0.012560283206871074,-0.020301664652042674,0.012843053952948233
3659,0.01254608548604275,-0.02029866628157237,0.012869622347186782
3660,0.012531888721538605,-0.020295631823921457,0.012896155173018349
3661,0.012517692937252014,-0.020292561309551451,0.01292265234687635
3662,0.01250349815705948,-0.020289454769018611,0.012949113785357062
3663,0.01248930440482055,-0.020286312232973766,0.012975539405219928
3664,0.01247511170437777,-0.020283133732162197,0.01300192912338786
3665,0.012460920079556615,-0.020279919297423472,0.013028282856947524
3666,0.012446729554165445,-0.020276668959691303,0.013054600523149653
3667,0.012432540151995431,-0.020273382749993407,0.013080882039409342
3668,0.012418351896820501,-0.020270060699451354,0.013107127323306343
3669,0.012404164812397287,-0.020266702839280441,0.013133336292585359
3670,0.01238997892246506,-0.02026330920078951,0.013159508865156344
3671,0.012375794250745668,-0.02025987981538082,0.013185644959094793
3672,0.012361610820943475,-0.020256414714549885,0.013211744492642041
3673,0.012347428656745311,-0.020252913929885347,0.013237807384205548
3674,0.012333247781820413,-0.020249377493068814,0.013263833552359201
3675,0.012319068219820357,-0.020245805435874717,0.013289822915843599
3676,0.012304889994379014,-0.020242197790170158,0.013315775393566346
3677,0.012290713129112471,-0.02023855458791475,0.013341690904602339
3678,0.01227653764761899,-0.020234875861160496,0.013367569368194061
3679,0.012262363573478936,-0.020231161642051607,0.013393410703751864
3680,0.012248190930254737,-0.020227411962824363,0.013419214830854256
3681,0.012234019741490803,-0.020223626855806968,0.013444981669248188
3682,0.012219850030713488,-0.020219806353419394,0.013470711138849354
3683,0.012205681821431016,-0.02021595048817322,0.013496403159742452
3684,0.012191515137133437,-0.020212059292671527,0.013522057652181483
3685,0.012177350001292565,-0.020208132799608678,0.013547674536590035
3686,0.012163186437361912,-0.020204171041770223,0.013573253733561564
3687,0.012149024468776632,-0.020200174052032685,0.013598795163859667
3688,0.012134864118953472,-0.020196141863363482,0.013624298748418376
3689,0.012120705411290709,-0.020192074508820705,0.013649764408342424
3690,0.01210654836916809,-0.020187972021553032,0.013675192064907542
3691,0.012092393015946789,-0.020183834434799507,0.013700581639560718
3692,0.012078239374969321,-0.020179661781889433,0.013725933053920492
3693,0.012064087469559519,-0.020175454096242208,0.013751246229777223
3694,0.012049937323022446,-0.020171211411367147,0.013776521089093366
3695,0.012035788958644355,-0.02016693376086336,0.013801757554003747
3696,0.012021642399692632,-0.020162621178419573,0.013826955546815841
3697,0.012007497669415735,-0.020158273697813988,0.013852114990010052
3698,0.01199335479104314,-0.020153891352914118,0.013877235806239967
3699,0.011979213787785275,-0.020149474177676634,0.013902317918332638
3700,0.011965074682833476,-0.020145022206147212,0.013927361249288858
3701,0.011950937499359927,-0.020140535472460374,0.013952365722283431
3702,0.0119368022605176,-0.02013601401083933,0.013977331260665435
3703,0.011922668989440199,-0.020131457855595815,0.01400225778795848
3704,0.011908537709242105,-0.02012686704112995,0.014027145227861013
3705,0.011894408443018326,-0.020122241601930064,0.014051993504246543
3706,0.011880281213844426,-0.020117581572572558,0.014076802541163934
3707,0.011866156044776477,-0.020112886987721717,0.014101572262837649
3708,0.011852032958851006,-0.020108157882129569,0.014126302593668039
3709,0.011837911979084943,-0.020103394290635745,0.014150993458231592
3710,0.011823793128475549,-0.020098596248167282,0.014175644781281199
3711,0.011809676430000375,-0.020093763789738484,0.014200256487746407
3712,0.011795561906617201,-0.020088896950450765,0.014224828502733699
3713,0.011781449581263983,-0.020083995765492496,0.014249360751526739
3714,0.011767339476858799,-0.02007906027013882,0.014273853159586644
3715,0.011753231616299781,-0.020074090499751507,0.014298305652552218
3716,0.011739126022465076,-0.02006908648977879,0.014322718156240248
3717,0.011725022718212786,-0.020064048275755225,0.014347090596645733
3718,0.011710921726380909,-0.020058975893301492,0.01437142289994214
3719,0.011696823069787282,-0.020053869378124242,0.014395714992481672
3720,0.011682726771229538,-0.020048728766015978,0.014419966800795516
3721,0.011668632853485034,-0.020043554092854833,0.014444178251594096
3722,0.011654541339310815,-0.020038345394604445,0.014468349271767333
3723,0.011640452251443542,-0.020033102707313791,0.014492479788384881
3724,0.01162636561259945,-0.020027826067117002,0.014516569728696398
3725,0.01161228144547429,-0.020022515510233242,0.014540619020131786
3726,0.011598199772743272,-0.020017171072966498,0.014564627590301436
3727,0.011584120617061011,-0.020011792791705434,0.014588595366996481
3728,0.011570044001061479,-0.020006380702923248,0.014612522278189049
3729,0.011555969947357943,-0.020000934843177467,0.014636408252032497
3730,0.011541898478542914,-0.019995455249109818,0.014660253216861671
3731,0.011527829617188097,-0.019989941957446057,0.014684057101193145
3732,0.011513763385844334,-0.019984395004995791,0.014707819833725464
3733,0.011499699807041549,-0.019978814428652326,0.014731541343339392
3734,0.011485638903288692,-0.019973200265392486,0.014755221559098145
3735,0.011471580697073692,-0.01996755255227646,0.014778860410247644
3736,0.011457525210863408,-0.019961871326447635,0.014802457826216746
3737,0.011443472467103546,-0.019956156625132428,0.01482601373661749
3738,0.011429422488218656,-0.019950408485640114,0.014849528071245338
3739,0.011415375296612032,-0.019944626945362663,0.014873000760079406
3740,0.011401330914665685,-0.019938812041774594,0.014896431733282711
3741,0.011387289364740288,-0.019932963812432768,0.014919820921202394
3742,0.011373250669175113,-0.01992708229497625,0.014943168254369971
3743,0.011359214850287975,-0.019921167527126117,0.01496647366350155
3744,0.011345181930375202,-0.01991521954668532,0.014989737079498086
3745,0.011331151931711556,-0.019909238391538492,0.015012958433445595
3746,0.011317124876550207,-0.019903224099651791,0.015036137656615397
3747,0.011303100787122653,-0.019897176709072737,0.015059274680464354
3748,0.011289079685638687,-0.019891096257930022,0.015082369436635079
3749,0.01127506159428634,-0.019884982784433354,0.015105421856956177
3750,0.011261046535231819,-0.019878836326873293,0.015128431873442486
3751,0.011247034530619477,-0.019872656923621074,0.015151399418295283
3752,0.011233025602571738,-0.019866444613128434,0.015174324423902524
3753,0.011219019773189062,-0.019860199433927448,0.015197206822839067
3754,0.011205017064549884,-0.019853921424630359,0.015220046547866904
3755,0.011191017498710555,-0.019847610623929396,0.015242843531935365
3756,0.011177021097705317,-0.019841267070596622,0.015265597708181367
3757,0.011163027883546223,-0.019834890803483735,0.015288309009929613
3758,0.011149037878223102,-0.019828481861521936,0.015310977370692843
3759,0.011135051103703504,-0.019822040283721719,0.015333602724172024
3760,0.011121067581932646,-0.019815566109172726,0.015356185004256589
3761,0.011107087334833364,-0.019809059377043553,0.015378724145024647
3762,0.011093110384306057,-0.019802520126581596,0.015401220080743204
3763,0.011079136752228647,-0.019795948397112861,0.015423672745868377
3764,0.011065166460456521,-0.019789344228041818,0.015446082075045622
3765,0.011051199530822477,-0.019782707658851199,0.015468448003109947
3766,0.011037235985136682,-0.019776038729101841,0.015490770465086106
3767,0.011023275845186606,-0.0197693374784325,0.015513049396188834
3768,0.011009319132737,-0.019762603946559706,0.01553528473182306
3769,0.010995365869529814,-0.019755838173277546,0.015557476407584109
3770,0.010981416077284166,-0.019749040198457513,0.01557962435925791
3771,0.010967469777696285,-0.019742210062048342,0.015601728522821221
3772,0.010953526992439464,-0.019735347804075817,0.015623788834441822
3773,0.010939587743164015,-0.019728453464642606,0.015645805230478749
3774,0.010925652051497212,-0.019721527083928079,0.015667777647482468
3775,0.010911719939043232,-0.019714568702188132,0.015689706022195108
3776,0.010897791427383129,-0.019707578359755031,0.015711590291550653
3777,0.010883866538074763,-0.019700556097037206,0.015733430392675149
3778,0.010869945292652764,-0.019693501954519084,0.015755226262886918
3779,0.010856027712628478,-0.019686415972760943,0.01577697783969674
3780,0.010842113819489914,-0.019679298192398675,0.015798685060808074
3781,0.010828203634701704,-0.01967214865414367,0.015820347864117255
3782,0.010814297179705048,-0.01966496739878261,0.015841966187713687
3783,0.010800394475917663,-0.019657754467177293,0.015863539969880054
3784,0.010786495544733739,-0.01965050990026446,0.015885069149092511
3785,0.010772600407523888,-0.019643233739055601,0.01590655366402088
3786,0.010758709085635098,-0.019635926024636808,0.015927993453528851
3787,0.010744821600390682,-0.019628586798168573,0.015949388456674179
3788,0.010730937973090224,-0.01962121610088562,0.015970738612708875
3789,0.010717058225009547,-0.019613813974096724,0.015992043861079403
3790,0.010703182377400649,-0.01960638045918452,0.016013304141426869
3791,0.010689310451491662,-0.019598915597605349,0.016034519393587226
3792,0.010675442468486803,-0.019591419430889066,0.016055689557591443
3793,0.010661578449566323,-0.019583892000638852,0.016076814573665721
3794,0.010647718415886463,-0.019576333348531046,0.016097894382231661
3795,0.010633862388579409,-0.019568743516314956,0.016118928923906463
3796,0.010620010388753235,-0.019561122545812694,0.01613991813950311
3797,0.010606162437491868,-0.019553470478918981,0.016160861970030565
3798,0.010592318555855032,-0.019545787357600972,0.016181760356693935
3799,0.010578478764878193,-0.01953807322389808,0.01620261324089468
3800,0.010564643085572532,-0.019530328119921773,0.016223420564230789
3801,0.010550811538924893,-0.01952255208785543,0.016244182268496957
3802,0.010536984145897713,-0.01951474516995412,0.016264898295684768
3803,0.01052316092742901,-0.019506907408544459,0.016285568587982881
3804,0.010509341904432305,-0.019499038846024407,0.016306193087777223
3805,0.0104955270977966,-0.019491139524863074,0.016326771737651138
3806,0.010481716528386314,-0.019483209487600569,0.016347304480385585
3807,0.01046791021704125,-0.019475248776847792,0.016367791258959322
3808,0.010454108184576533,-0.019467257435286264,0.016388232016549074
3809,0.010440310451782581,-0.01945923550566794,0.016408626696529698
3810,0.010426517039425045,-0.019451183030815031,0.016428975242474372
3811,0.010412727968244769,-0.019443100053619801,0.016449277598154774
3812,0.010398943258957747,-0.01943498661704442,0.016469533707541235
3813,0.010385162932255073,-0.019426842764120746,0.016489743514802934
3814,0.010371387008802895,-0.019418668537950174,0.016509906964308058
3815,0.010357615509242378,-0.019410463981703405,0.01653002400062397
3816,0.010343848454189633,-0.019402229138620306,0.016550094568517377
3817,0.01033008586423571,-0.019393964052009712,0.016570118612954505
3818,0.010316327759946516,-0.019385668765249237,0.016590096079101276
3819,0.010302574161862798,-0.019377343321785104,0.016610026912323449
3820,0.010288825090500079,-0.019368987765131917,0.016629911058186803
3821,0.010275080566348627,-0.019360602138872533,0.016649748462457307
3822,0.010261340609873394,-0.019352186486657843,0.016669539071101275
3823,0.010247605241513981,-0.019343740852206592,0.016689282830285517
3824,0.010233874481684602,-0.019335265279305198,0.01670897968637753
3825,0.010220148350774023,-0.019326759811807565,0.016728629585945634
3826,0.010206426869145529,-0.019318224493634888,0.016748232475759153
3827,0.010192710057136871,-0.019309659368775493,0.016767788302788546
3828,0.010178997935060231,-0.019301064481284609,0.016787297014205602
3829,0.010165290523202166,-0.019292439875284218,0.016806758557383554
3830,0.010151587841823585,-0.019283785594962858,0.016826172879897284
3831,0.010137889911159673,-0.01927510168457542,0.016845539929523441
3832,0.010124196751419874,-0.019266388188442979,0.016864859654240599
3833,0.010110508382787842,-0.019257645150952605,0.016884132002229432
3834,0.010096824825421385,-0.019248872616557163,0.016903356921872861
3835,0.010083146099452439,-0.019240070629775157,0.016922534361756194
3836,0.010069472224987013,-0.019231239235190493,0.016941664270667272
3837,0.010055803222105142,-0.019222378477452319,0.016960746597596655
3838,0.010042139110860859,-0.019213488401274851,0.016979781291737727
3839,0.01002847991128214,-0.019204569051437165,0.016998768302486877
3840,0.010014825643370872,-0.019195620472783004,0.017017707579443615
3841,0.010001176327102792,-0.019186642710220605,0.017036599072410747
3842,0.009987531982427458,-0.019177635808722497,0.017055442731394511
3843,0.0099738926292682051,-0.019168599813325325,0.017074238506604719
3844,0.0099602582875221012,-0.019159534769129651,0.017092986348454901
3845,0.009946628977059906,-0.019150440721299771,0.017111686207562454
3846,0.0099330047177260249,-0.019141317715063506,0.017130338034748772
3847,0.009919385529338463,-0.019132165795712038,0.017148941781039387
3848,0.0099057714316888,-0.019122985008599713,0.017167497397664114
3849,0.00989216244454213,-0.019113775399143839,0.017186004836057197
3850,0.0098785585876370301,-0.019104537012824517,0.017204464047857446
3851,0.0098649598806855136,-0.019095269895184421,0.017222874984908355
3852,0.009851366343372997,-0.019085974091828647,0.017241237599258264
3853,0.0098377779953582409,-0.019076649648424482,0.017259551843160473
3854,0.0098241948562733262,-0.019067296610701234,0.017277817669073388
3855,0.0098106169457235996,-0.019057915024450034,0.01729603502966064
3856,0.0097970442832876394,-0.019048504935523656,0.017314203877791236
3857,0.0097834768885172192,-0.019039066389836313,0.017332324166539684
3858,0.0097699147809372569,-0.019029599433363478,0.017350395849186122
3859,0.0097563579800457791,-0.019020104112141684,0.017368418879216446
3860,0.0097428065053138807,-0.019010580472268321,0.017386393210322443
3861,0.0097292603761856764,-0.019001028559901469,0.017404318796401905
3862,0.0097157196120782763,-0.018991448421259681,0.017422195591558783
3863,0.0097021842323817276,-0.018981840102621807,0.017440023550103271
3864,0.0096886542564589839,-0.01897220365032681,0.017457802626551975
3865,0.0096751297036458631,-0.01896253911077353,0.017475532775628012
3866,0.0096616105932510101,-0.018952846530420547,0.017493213952261139
3867,0.0096480969445558538,-0.018943125955785959,0.017510846111587874
3868,0.009634588776814567,-0.018933377433447186,0.017528429208951618
3869,0.0096210861092540199,-0.018923601010040782,0.017545963199902766
3870,0.0096075889610737607,-0.018913796732262247,0.017563448040198847
3871,0.0095940973514459498,-0.018903964646865827,0.01758088368580462
3872,0.0095806112995153424,-0.018894104800664325,0.017598270092892207
3873,0.009567130824399233,-0.018884217240528897,0.017615607217841198
3874,0.009553655945187426,-0.018874302013388865,0.017632895017238769
3875,0.0095401866809421993,-0.01886435916623154,0.017650133447879812
3876,0.0095267230506982537,-0.018854388746101999,0.01766732246676702
3877,0.0095132650734626768,-0.018844390800102896,0.017684462031111021
3878,0.0094998127682149134,-0.018834365375394284,0.017701552098330478
3879,0.009486366153906722,-0.018824312519193406,0.017718592626052226
3880,0.0094729252494621264,-0.018814232278774507,0.017735583572111337
3881,0.0094594900737773949,-0.018804124701468632,0.017752524894551265
3882,0.009446060645720988,-0.018793989834663447,0.017769416551623937
3883,0.0094326369841335241,-0.018783827725803018,0.017786258501789862
3884,0.0094192191078277462,-0.018773638422387624,0.017803050703718234
3885,0.0094058070355884787,-0.018763421971973594,0.01781979311628706
3886,0.0093924007861725875,-0.018753178422173059,0.017836485698583229
3887,0.0093790003783089451,-0.018742907820653791,0.017853128409902635
3888,0.0093656058306983946,-0.018732610215138994,0.017869721209750278
3889,0.0093522171620137109,-0.018722285653407108,0.017886264057840363
3890,0.0093388343908995634,-0.018711934183291624,0.017902756914096398
3891,0.0093254575359724787,-0.018701555852680875,0.01791919973865129
3892,0.0093120866158208013,-0.018691150709517847,0.017935592491847466
3893,0.0092987216490046584,-0.018680718801799976,0.017951935134236933
3894,0.0092853626540559241,-0.018670260177578966,0.017968227626581415
3895,0.0092720096494781704,-0.018659774884960564,0.017984469929852413
3896,0.0092586626537466583,-0.018649262972104393,0.018000662005231313
3897,0.0092453216853082727,-0.018638724487223729,0.018016803814109496
3898,0.0092319867625814921,-0.018628159478585326,0.0180328953180884
3899,0.0092186579039563628,-0.018617567994509199,0.018048936478979632
3900,0.009205335127794461,-0.018606950083368448,0.018064927258805052
3901,0.0091920184524288406,-0.018596305793589035,0.018080867619796871
3902,0.0091787078961640227,-0.018585635173649622,0.018096757524397728
3903,0.0091654034772759331,-0.018574938272081332,0.018112596935260791
3904,0.0091521052140118922,-0.018564215137467584,0.01812838581524983
3905,0.0091388131245905453,-0.018553465818443863,0.018144124127439307
3906,0.0091255272272018663,-0.018542690363697552,0.018159811835114462
3907,0.009112247540007095,-0.018531888821967723,0.018175448901771411
3908,0.0090989740811387131,-0.018521061242044924,0.018191035291117208
3909,0.0090857068687003988,-0.018510207672771006,0.018206570967069922
3910,0.009072445920767001,-0.018499328163038904,0.018222055893758745
3911,0.0090591912553845081,-0.018488422761792456,0.018237490035524061
3912,0.0090459428905699957,-0.018477491518026183,0.018252873356917512
3913,0.0090327008443116114,-0.018466534480785106,0.0182682058227021
3914,0.0090194651345685255,-0.018455551699164539,0.018283487397852242
3915,0.0090062357792709078,-0.018444543222309887,0.018298718047553866
3916,0.0089930127963198832,-0.018433509099416455,0.018313897737204463
3917,0.0089797962035874975,-0.018422449379729242,0.018329026432413176
3918,0.0089665860189166932,-0.018411364112542752,0.018344104099000887
3919,0.0089533822601212659,-0.018400253347200787,0.01835913070300026
3920,0.0089401849449858382,-0.018389117133096246,0.018374106210655838
3921,0.0089269940912658167,-0.018377955519670929,0.018389030588424095
3922,0.0089138097166873605,-0.018366768556415315,0.018403903802973524
3923,0.0089006318389473534,-0.018355556292868405,0.01841872582118469
3924,0.0088874604757133609,-0.018344318778617478,0.018433496610150299
3925,0.0088742956446236105,-0.018333056063297926,0.018448216137175271
3926,0.0088611373632869351,-0.018321768196593022,0.018462884369776812
3927,0.0088479856492827726,-0.018310455228233748,0.018477501275684469
3928,0.0088348405201611052,-0.018299117207998584,0.0184920668228402
3929,0.0088217019934424355,-0.018287754185713295,0.018506580979398422
3930,0.008808570086617758,-0.018276366211250738,0.018521043713726093
3931,0.0087954448171485098,-0.018264953334530678,0.018535454994402761
3932,0.0087823262024665644,-0.018253515605519549,0.01854981479022063
3933,0.0087692142599741837,-0.0182420530742303,0.018564123070184617
3934,0.0087561090070439815,-0.018230565790722162,0.018578379803512405
3935,0.0087430104610188974,-0.01821905380510044,0.018592584959634516
3936,0.0087299186392121586,-0.018207517167516334,0.018606738508194338
3937,0.0087168335589072627,-0.018195955928166727,0.018620840419048226
3938,0.0087037552373579272,-0.018184370137293994,0.018634890662265504
3939,0.0086906836917880759,-0.018172759845185786,0.018648889208128568
3940,0.0086776189393917898,-0.018161125102174828,0.018662836027132899
3941,0.0086645609973332819,-0.018149465958638741,0.018676731089987134
3942,0.0086515098827468703,-0.018137782464999794,0.018690574367613115
3943,0.0086384656127369407,-0.018126074671724744,0.018704365831145934
3944,0.0086254282043779235,-0.018114342629324626,0.018718105451933989
3945,0.0086123976747142506,-0.018102586388354547,0.018731793201539025
3946,0.008599374040760336,-0.018090805999413474,0.018745429051736182
3947,0.0085863573195005365,-0.018079001513144028,0.018759012974514048
3948,0.0085733475278891181,-0.018067172980232315,0.018772544942074684
3949,0.0085603446828502426,-0.018055320451407682,0.018786024926833698
3950,0.008547348801277917,-0.018043443977442543,0.018799452901420259
3951,0.0085343599000359694,-0.018031543609152156,0.018812828838677152
3952,0.0085213779959580332,-0.018019619397394444,0.018826152711660833
3953,0.0085084031058474865,-0.018007671393069771,0.018839424493641444
3954,0.0084954352464774521,-0.017995699647120743,0.018852644158102862
3955,0.0084824744345907543,-0.017983704210532022,0.018865811678742739
3956,0.0084695206868998837,-0.01797168513433009,0.018878927029472546
3957,0.0084565740200869821,-0.017959642469583079,0.01889199018441759
3958,0.0084436344508037973,-0.017947576267400549,0.018905001117917073
3959,0.0084307019956716602,-0.017935486578933298,0.018917959804524112
3960,0.0084177766712814593,-0.017923373455373138,0.018930866219005766
3961,0.0084048584941936073,-0.017911236947952703,0.018943720336343086
3962,0.0083919474809380102,-0.01789907710794526,0.018956522131731143
3963,0.0083790436480140409,-0.01788689398666447,0.018969271580579046
3964,0.008366147011890512,-0.017874687635464227,0.018981968658509984
3965,0.008353257589005644,-0.017862458105738416,0.018994613341361242
3966,0.0083403753957670308,-0.017850205448920735,0.019007205605184235
3967,0.0083275004485516297,-0.017837929716484485,0.019019745426244548
3968,0.0083146327637057069,-0.01782563095994236,0.019032232781021945
3969,0.0083017723575448347,-0.017813309230846241,0.019044667646210402
3970,0.0082889192463538441,-0.017800964580787004,0.019057049998718129
3971,0.0082760734463868113,-0.01778859706139431,0.019069379815667586
3972,0.0082632349738670143,-0.017776206724336389,0.019081657074395516
3973,0.0082504038449869189,-0.01776379362131986,0.019093881752452958
3974,0.008237580075908137,-0.017751357804089499,0.019106053827605263
3975,0.0082247636827614233,-0.017738899324428046,0.019118173277832138
3976,0.0082119546816466129,-0.017726418234156022,0.019130240081327628
3977,0.0081991530886326245,-0.0177139145851315,0.019142254216500162
3978,0.0081863589197574155,-0.017701388429249884,0.019154215661972562
3979,0.0081735721910279578,-0.017688839818443755,0.019166124396582041
3980,0.0081607929184202271,-0.017676268804682618,0.019177980399380255
3981,0.0081480211178791475,-0.017663675439972729,0.019189783649633269
3982,0.0081352568053185848,-0.017651059776356871,0.019201534126821608
3983,0.0081224999966213202,-0.017638421865914172,0.019213231810640257
3984,0.0081097507076390053,-0.017625761760759858,0.019224876680998655
3985,0.0080970089541921586,-0.017613079513045079,0.019236468718020726
3986,0.0080842747520701221,-0.017600375174956717,0.019248007902044877
3987,0.0080715481170310459,-0.017587648798717152,0.019259494213624016
3988,0.0080588290648018566,-0.017574900436584065,0.019270927633525545
3989,0.0080461176110782334,-0.01756213014085024,0.019282308142731373
3990,0.0080334137715245765,-0.017549337963843357,0.019293635722437925
3991,0.0080207175617739938,-0.017536523957925775,0.019304910354056133
3992,0.0080080289974282584,-0.017523688175494344,0.019316132019211455
3993,0.007995348094057806,-0.017510830668980189,0.019327300699743862
3994,0.0079826748672016772,-0.017497951490848516,0.019338416377707852
3995,0.0079700093323675312,-0.017485050693598386,0.01934947903537244
3996,0.0079573515050315822,-0.01747212832976253,0.019360488655221164
3997,0.0079447014006386023,-0.017459184451907122,0.019371445219952082
3998,0.0079320590346018873,-0.017446219112631604,0.019382348712477761
3999,0.0079194244223032249,-0.017433232364568445,0.019393199115925287
4000,0.0079067975790928762,-0.01742022426038296,0.01940399641363625
4001,0.0078941785202895579,-0.017407194852773103,0.019414740589166743
4002,0.0078815672611804097,-0.01739414419446925,0.019425431626287359
4003,0.0078689638170209696,-0.017381072338234001,0.019436069508983172
4004,0.0078563682030351519,-0.017367979336861974,0.019446654221453741
4005,0.0078437804344152207,-0.017354865243179595,0.019457185748113098
4006,0.0078312005263217691,-0.01734173011004489,0.019467664073589724
4007,0.0078186284938836937,-0.01732857399034729,0.019478089182726557
4008,0.0078060643521981705,-0.017315396937007413,0.019488461060580969
4009,0.007793508116330638,-0.017302199002976866,0.019498779692424761
4010,0.0077809598013147624,-0.017288980241238042,0.019509045063744138
4011,0.0077684194221524202,-0.017275740704803904,0.019519257160239698
4012,0.0077558869938136729,-0.017262480446717778,0.019529415967826418
4013,0.0077433625312367492,-0.017249199520053167,0.019539521472633641
4014,0.0077308460493280152,-0.017235897977913518,0.019549573661005057
4015,0.0077183375629619553,-0.017222575873432035,0.019559572519498667
4016,0.0077058370869811455,-0.017209233259771473,0.019569518034886789
4017,0.0076933446361962384,-0.017195870190123905,0.019579410194156016
4018,0.0076808602253859324,-0.017182486717710558,0.019589248984507212
4019,0.007668383869296959,-0.017169082895781569,0.019599034393355488
4020,0.0076559155826440494,-0.017155658777615806,0.019608766408330147
4021,0.0076434553801099136,-0.017142214416520637,0.019618445017274711
4022,0.0076310032763452261,-0.017128749865831752,0.019628070208246851
4023,0.0076185592859686043,-0.017115265178912941,0.019637641969518393
4024,0.007606123423566577,-0.017101760409155866,0.01964716028957526
4025,0.0075936957036935654,-0.017088235609979914,0.019656625157117472
4026,0.0075812761408718737,-0.017074690834831919,0.019666036561059107
4027,0.0075688647495916481,-0.017061126137186019,0.019675394490528259
4028,0.0075564615443108676,-0.017047541570543407,0.019684698934867021
4029,0.0075440665394553271,-0.017033937188432137,0.019693949883631455
4030,0.0075316797494185987,-0.017020313044406932,0.019703147326591539
4031,0.0075193011885620296,-0.017006669192048945,0.019712291253731161
4032,0.0075069308712147091,-0.016993005684965593,0.01972138165524806
4033,0.0074945688116734585,-0.016979322576790318,0.019730418521553807
4034,0.0074822150242027973,-0.016965619921182399,0.019739401843273763
4035,0.0074698695230349344,-0.016951897771826745,0.019748331611247037
4036,0.0074575323223697405,-0.016938156182433668,0.019757207816526446
4037,0.0074452034363747229,-0.016924395206738704,0.019766030450378495
4038,0.0074328828791850278,-0.016910614898502388,0.019774799504283309
4039,0.0074205706649033932,-0.01689681531151006,0.019783514969934603
4040,0.0074082668076001432,-0.016882996499571649,0.019792176839239662
4041,0.0073959713213131708,-0.01686915851652147,0.019800785104319256
4042,0.0073836842200479093,-0.016855301416218018,0.019809339757507621
4043,0.0073714055177773142,-0.01684142525254376,0.019817840791352421
4044,0.0073591352284418524,-0.016827530079404934,0.019826288198614678
4045,0.0073468733659494733,-0.016813615950731321,0.019834681972268751
4046,0.0073346199441755924,-0.016799682920476084,0.019843022105502258
4047,0.0073223749769630751,-0.016785731042615503,0.019851308591716056
4048,0.0073101384781222153,-0.016771760371148824,0.019859541424524185
4049,0.007297910461430716,-0.016757770960098013,0.019867720597753803
4050,0.0072856909406336743,-0.016743762863507573,0.019875846105445148
4051,0.0072734799294435571,-0.016729736135444321,0.019883917941851473
4052,0.0072612774415401864,-0.016715690829997191,0.019891936101439009
4053,0.0072490834905707202,-0.016701627001277034,0.019899900578886905
4054,0.0072368980901496328,-0.01668754470341639,0.019907811369087165
4055,0.0072247212538587005,-0.0166734439905693,0.019915668467144591
4056,0.00721255299524698,-0.016659324916911099,0.019923471868376747
4057,0.0072003933278307931,-0.016645187536638201,0.019931221568313874
4058,0.0071882422650937083,-0.016631031903967898,0.01993891756269885
4059,0.0071760998204865208,-0.016616858073138153,0.019946559847487118
4060,0.0071639660074272376,-0.016602666098407388,0.019954148418846629
4061,0.0071518408393010571,-0.016588456034054292,0.019961683273157789
4062,0.0071397243294603575,-0.0165742279343776,0.019969164407013382
4063,0.0071276164912246753,-0.016559981853695886,0.019976591817218517
4064,0.007115517337880687,-0.016545717846347372,0.019983965500790547
4065,0.0071034268826821959,-0.016531435966689711,0.01999128545495903
4066,0.0070913451388501169,-0.016517136269099786,0.01999855167716565
4067,0.0070792721195724502,-0.016502818807973493,0.020005764165064138
4068,0.0070672078380042769,-0.016488483637725541,0.02001292291652022
4069,0.0070551523072677359,-0.016474130812789256,0.02002002792961154
4070,0.0070431055404520087,-0.016459760387616353,0.020027079202627598
4071,0.0070310675506133026,-0.016445372416676759,0.020034076734069671
4072,0.0070190383507748371,-0.016430966954458375,0.020041020522650731
4073,0.0070070179539268246,-0.016416544055466893,0.020047910567295404
4074,0.0069950063730264576,-0.016402103774225581,0.020054746867139858
4075,0.0069830036209978874,-0.016387646165275081,0.020061529421531766
4076,0.0069710097107322198,-0.016373171283173192,0.020068258230030198
4077,0.006959024655087488,-0.016358679182494684,0.020074933292405561
4078,0.006947048466888644,-0.016344169917831067,0.020081554608639522
4079,0.0069350811589275413,-0.016329643543790413,0.02008812217892492
4080,0.0069231227439629167,-0.016315100114997115,0.020094636003665695
4081,0.0069111732347203851,-0.016300539686091724,0.020101096083476815
4082,0.0068992326438924107,-0.016285962311730708,0.020107502419184176
4083,0.0068873009841383054,-0.01627136804658626,0.020113855011824531
4084,0.0068753782680842056,-0.016256756945346097,0.020120153862645405
4085,0.0068634645083230587,-0.016242129062713245,0.020126398973105024
4086,0.0068515597174146157,-0.016227484453405831,0.020132590344872209
4087,0.0068396639078854059,-0.016212823172156887,0.020138727979826306
4088,0.0068277770922287352,-0.016198145273714153,0.020144811880057085
4089,0.0068158992829046635,-0.01618345081283985,0.020150842047864676
4090,0.0068040304923399899,-0.016168739844310474,0.020156818485759457
4091,0.006792170732928246,-0.016154012422916614,0.02016274119646198
4092,0.0067803200170296748,-0.016139268603462726,0.02016861018290286
4093,0.0067684783569712257,-0.01612450844076694,0.020174425448222722
4094,0.0067566457650465326,-0.016109731989660838,0.020180186995772065
4095,0.006744822253515902,-0.016094939304989266,0.020185894829111199
4096,0.0067330078346063086,-0.016080130441610122,0.020191548952010141
4097,0.0067212025205113692,-0.016065305454394149,0.02019714936844853
4098,0.0067094063233913408,-0.016050464398224742,0.020202696082615514
4099,0.0066976192553731004,-0.016035607327997716,0.020208189098909667
4100,0.006685841328550139,-0.016020734298621126,0.020213628421938881
4101,0.0066740725549825405,-0.016005845365015054,0.020219014056520289
4102,0.0066623129466969779,-0.015990940582111406,0.020224346007680138
4103,0.0066505625156866944,-0.015976020004853698,0.02022962428065371
4104,0.006638821273911499,-0.015961083688196865,0.020234848880885215
4105,0.0066270892332977423,-0.015946131687107044,0.020240019814027684
4106,0.0066153664057383172,-0.015931164056561368,0.02024513708594286
4107,0.0066036528030926382,-0.015916180851547775,0.020250200702701119
4108,0.0065919484371866344,-0.015901182127064796,0.020255210670581343
4109,0.0065802533198127356,-0.015886167938121351,0.020260166996070837
4110,0.006568567462729864,-0.015871138339736541,0.020265069685865191
4111,0.0065568908776634195,-0.015856093386939444,0.020269918746868194
4112,0.0065452235763052719,-0.015841033134768919,0.020274714186191735
4113,0.0065335655703137431,-0.01582595763827338,0.020279456011155661
4114,0.0065219168713136046,-0.015810866952510626,0.020284144229287711
4115,0.0065102774908960591,-0.015795761132547607,0.020288778848323356
4116,0.0064986474406187357,-0.015780640233460229,0.020293359876205733
4117,0.0064870267320056747,-0.015765504310333155,0.020297887321085509
4118,0.0064754153765473211,-0.015750353418259592,0.020302361191320756
4119,0.0064638133857005137,-0.015735187612341096,0.020306781495476871
4120,0.0064522207708884709,-0.015720006947687361,0.020311148242326434
4121,0.0064406375435007834,-0.01570481147941602,0.020315461440849097
4122,0.006429063714893408,-0.015689601262652442,0.020319721100231468
4123,0.006417499296388649,-0.015674376352529527,0.020323927229867009
4124,0.0064059442992751552,-0.015659136804187485,0.020328079839355889
4125,0.0063943987348079072,-0.015643882672773668,0.020332178938504888
4126,0.0063828626142082073,-0.01562861401344233,0.020336224537327263
4127,0.0063713359486636751,-0.015613330881354449,0.02034021664604263
4128,0.0063598187493282346,-0.015598033331677516,0.020344155275076846
4129,0.0063483110273220992,-0.015582721419585326,0.020348040435061884
4130,0.0063368127937317763,-0.015567395200257779,0.020351872136835699
4131,0.0063253240596100463,-0.015552054728880677,0.020355650391442118
4132,0.0063138448359759593,-0.015536700060645522,0.020359375210130707
4133,0.0063023751338148262,-0.015521331250749311,0.020363046604356654
4134,0.0062909149640782052,-0.015505948354394335,0.020366664585780628
4135,0.0062794643376839002,-0.01549055142678797,0.020370229166268645
4136,0.0062680232655159523,-0.015475140523142474,0.02037374035789196
4137,0.0062565917584246232,-0.015459715698674803,0.020377198172926929
4138,0.0062451698272263942,-0.015444277008606386,0.020380602623854865
4139,0.0062337574827039596,-0.015428824508162934,0.020383953723361929
4140,0.0062223547356062177,-0.015413358252574231,0.020387251484338981
4141,0.0062109615966482526,-0.015397878297073944,0.02039049591988145
4142,0.0061995780765113475,-0.015382384696899397,0.020393687043289203
4143,0.0061882041858429531,-0.015366877507291389,0.020396824868066397
4144,0.0061768399352566975,-0.015351356783493987,0.020399909407921361
4145,0.0061654853353323756,-0.015335822580754322,0.02040294067676645
4146,0.0061541403966159352,-0.01532027495432239,0.020405918688717911
4147,0.0061428051296194795,-0.01530471395945085,0.020408843458095738
4148,0.0061314795448212511,-0.01528913965139481,0.020411714999423534
4149,0.006120163652665633,-0.015273552085411649,0.020414533327428378
4150,0.0061088574635631372,-0.015257951316760787,0.02041729845704067
4151,0.0060975609878903981,-0.015242337400703508,0.020420010403393998
4152,0.0060862742359901727,-0.015226710392502748,0.020422669181825
4153,0.0060749972181713217,-0.015211070347422889,0.02042527480787321
4154,0.0060637299447088159,-0.015195417320729574,0.020427827297280914
4155,0.0060524724258437211,-0.015179751367689474,0.020430326665993009
4156,0.0060412246717831989,-0.015164072543570132,0.02043277293015686
4157,0.0060299866927004987,-0.015148380903639722,0.020435166106122147
4158,0.0060187584987349474,-0.015132676503166872,0.020437506210440708
4159,0.0060075400999919501,-0.015116959397420445,0.0204397932598664
4160,0.0059963315065429791,-0.015101229641669352,0.020442027271354964
4161,0.0059851327284255757,-0.015085487291182352,0.020444208262063852
4162,0.0059739437756433393,-0.015069732401227843,0.020446336249352069
4163,0.005962764658165926,-0.01505396502707367,0.020448411250780049
4164,0.0059515953859290358,-0.015038185223986915,0.02045043328410949
4165,0.0059404359688344198,-0.015022393047233705,0.020452402367303179
4166,0.0059292864167498653,-0.015006588552079007,0.020454318518524868
4167,0.0059181467395091952,-0.014990771793786429,0.020456181756139107
4168,0.0059070169469122623,-0.014974942827618022,0.020457992098711068
4169,0.0058958970487249501,-0.014959101708834082,0.020459749565006416
4170,0.0058847870546791612,-0.01494324849269294,0.020461454173991145
4171,0.0058736869744728118,-0.014927383234450772,0.020463105944831403
4172,0.0058625968177698391,-0.014911505989361402,0.020464704896893348
4173,0.0058515165942001866,-0.014895616812676095,0.020466251049742978
4174,0.0058404463133598069,-0.014879715759643359,0.02046774442314598
4175,0.0058293859848106491,-0.014863802885508745,0.020469185037067551
4176,0.0058183356180806682,-0.014847878245514656,0.020470572911672247
4177,0.0058072952226638115,-0.014831941894900141,0.020471908067323817
4178,0.0057962648080200144,-0.014815993888900692,0.020473190524585037
4179,0.0057852443835752073,-0.014800034282748061,0.020474420304217544
4180,0.0057742339587213073,-0.014784063131670045,0.020475597427181674
4181,0.0057632335428162065,-0.014768080490890291,0.02047672191463628
4182,0.005752243145183784,-0.014752086415628101,0.020477793787938573
4183,0.0057412627751138937,-0.014736080961098233,0.020478813068643961
4184,0.005730292441862365,-0.014720064182510702,0.020479779778505864
4185,0.0057193321546509966,-0.014704036135070587,0.020480693939475547
4186,0.0057083819226675598,-0.014687996873977824,0.020481555573701966
4187,0.0056974417550657921,-0.014671946454427012,0.020482364703531566
4188,0.0056865116609653961,-0.014655884931607223,0.020483121351508132
4189,0.0056755916494520406,-0.014639812360701793,0.020483825540372601
4190,0.0056646817295773486,-0.014623728796888129,0.020484477293062898
4191,0.0056537819103589107,-0.014607634295337518,0.020485076632713751
4192,0.0056428922007802709,-0.014591528911214909,0.020485623582656511
4193,0.00563201260979093,-0.014575412699678738,0.020486118166418987
4194,0.0056211431463063441,-0.014559285715880726,0.020486560407725268
4195,0.0056102838192079235,-0.014543148014965685,0.020486950330495531
4196,0.0055994346373430311,-0.014526999652071304,0.020487287958845871
4197,0.0055885956095249774,-0.014510840682327967,0.020487573317088111
4198,0.005577766744533026,-0.014494671160858555,0.020487806429729631
4199,0.005566948051112389,-0.014478491142778249,0.020487987321473177
4200,0.0055561395379742249,-0.014462300683194335,0.020488116017216691
4201,0.0055453412137956466,-0.014446099837206008,0.020488192542053113
4202,0.0055345530872197082,-0.014429888659904164,0.020488216921270206
4203,0.0055237751668554139,-0.014413667206371227,0.020488189180350364
4204,0.0055130074612777143,-0.014397435531680934,0.020488109344970425
4205,0.0055022499790275056,-0.014381193690898148,0.020487977441001497
4206,0.0054915027286116334,-0.014364941739078657,0.020487793494508754
4207,0.0054807657185028842,-0.014348679731268986,0.02048755753175124
4208,0.0054700389571399983,-0.014332407722506199,0.020487269579181712
4209,0.0054593224529276597,-0.014316125767817704,0.020486929663446427
4210,0.0054486162142364991,-0.01429983392222106,0.020486537811384948
4211,0.0054379202494030995,-0.014283532240723765,0.020486094050029963
4212,0.0054272345667299854,-0.014267220778323092,0.020485598406607086
4213,0.0054165591744856365,-0.014250899590005873,0.020485050908534665
4214,0.0054058940809044807,-0.0142345687307483,0.020484451583423584
4215,0.0053952392941868993,-0.014218228255515759,0.020483800459077078
4216,0.0053845948224992253,-0.014201878219262606,0.020483097563490527
4217,0.0053739606739737454,-0.014185518676931999,0.020482342924851266
4218,0.0053633368567087029,-0.014169149683455669,0.020481536571538381
4219,0.0053527233787682947,-0.014152771293753768,0.020480678532122518
4220,0.0053421202481826798,-0.014136383562734641,0.020479768835365689
4221,0.0053315274729479707,-0.014119986545294652,0.020478807510221037
4222,0.0053209450610262488,-0.014103580296317987,0.020477794585832685
4223,0.0053103730203455553,-0.014087164870676457,0.02047673009153551
4224,0.0052998113587998984,-0.014070740323229315,0.020475614056854937
4225,0.005289260084249253,-0.014054306708823046,0.020474446511506737
4226,0.0052787192045195656,-0.014037864082291187,0.020473227485396827
4227,0.0052681887274027527,-0.014021412498454131,0.020471957008621079
4228,0.00525766866065671,-0.014004952012118941,0.020470635111465088
4229,0.0052471590120053086,-0.013988482678079145,0.020469261824403989
4230,0.0052366597891383999,-0.013972004551114556,0.020467837178102227
4231,0.0052261709997118199,-0.013955517685991081,0.020466361203413375
4232,0.0052156926513473884,-0.013939022137460516,0.020464833931379916
4233,0.005205224751632917,-0.013922517960260361,0.020463255393233022
4234,0.0051947673081222077,-0.013906005209113635,0.020461625620392353
4235,0.0051843203283350606,-0.013889483938728674,0.020459944644465853
4236,0.005173883819757274,-0.013872954203798955,0.020458212497249533
4237,0.0051634577898406493,-0.013856416059002886,0.020456429210727246
4238,0.0051530422460029932,-0.013839869559003626,0.020454594817070498
4239,0.0051426371956281268,-0.013823314758448904,0.020452709348638222
4240,0.00513224264606588,-0.013806751711970806,0.020450772837976555
4241,0.0051218586046321048,-0.013790180474185605,0.020448785317818633
4242,0.0051114850786086732,-0.013773601099693547,0.020446746821084379
4243,0.0051011220752434847,-0.013757013643078698,0.020444657380880277
4244,0.0050907696017504734,-0.013740418158908722,0.020442517030499159
4245,0.0050804276653096028,-0.013723814701734694,0.020440325803419982
4246,0.0050700962730668795,-0.013707203326090933,0.020438083733307612
4247,0.0050597754321343516,-0.013690584086494782,0.020435790854012599
4248,0.0050494651495901202,-0.013673957037446451,0.020433447199570975
4249,0.0050391654324783396,-0.013657322233428805,0.020431052804204004
4250,0.0050288762878092225,-0.01364067972890718,0.020428607702317983
4251,0.0050185977225590496,-0.013624029578329207,0.02042611192850401
4252,0.0050083297436701651,-0.013607371836124595,0.020423565517537764
4253,0.0049980723580509961,-0.013590706556704978,0.020420968504379269
4254,0.0049878255725760486,-0.013574033794463699,0.02041832092417269
4255,0.0049775893940859108,-0.013557353603775635,0.020415622812246081
4256,0.0049673638293872661,-0.013540666038997009,0.020412874204111187
4257,0.0049571488852528933,-0.013523971154465192,0.020410075135463192
4258,0.0049469445684216752,-0.013507269004498532,0.020407225642180508
4259,0.0049367508855986033,-0.013490559643396157,0.020404325760324526
4260,0.0049265678434547893,-0.013473843125437788,0.020401375526139409
4261,0.0049163954486274638,-0.013457119504883555,0.020398374976051851
4262,0.0049062337077199888,-0.013440388835973803,0.020395324146670848
4263,0.0048960826273018575,-0.013423651172928921,0.020392223074787462
4264,0.0048859422139087083,-0.013406906569949136,0.020389071797374592
4265,0.004875812474042329,-0.01339015508121434,0.020385870351586739
4266,0.0048656934141706595,-0.013373396760883893,0.020382618774759775
4267,0.0048555850407278013,-0.013356631663096455,0.02037931710441071
4268,0.0048454873601140288,-0.013339859841969783,0.020375965378237451
4269,0.0048354003786957893,-0.013323081351600555,0.02037256363411856
4270,0.0048253241028057186,-0.013306296246064173,0.020369111910113032
4271,0.0048152585387426384,-0.0132895045794146,0.020365610244460049
4272,0.0048052036927715728,-0.013272706405684152,0.020362058675578738
4273,0.0047951595711237483,-0.013255901778883319,0.020358457242067949
4274,0.0047851261799966112,-0.013239090753000596,0.02035480598270599
4275,0.0047751035255538246,-0.013222273382002277,0.020351104936450402
4276,0.0047650916139252856,-0.013205449719832283,0.02034735414243773
4277,0.0047550904512071264,-0.013188619820411977,0.020343553639983247
4278,0.0047451000434617242,-0.013171783737639975,0.020339703468580734
4279,0.0047351203967177158,-0.013154941525391964,0.020335803667902247
4280,0.0047251515169699949,-0.013138093237520529,0.020331854277797851
4281,0.0047151934101797299,-0.013121238927854955,0.02032785533829537
4282,0.0047052460822743693,-0.013104378650201039,0.020323806889600168
4283,0.0046953095391476483,-0.013087512458340935,0.020319708972094883
4284,0.0046853837866596025,-0.013070640406032943,0.020315561626339202
4285,0.0046754688306365737,-0.013053762547011342,0.020311364893069585
4286,0.0046655646768712193,-0.013036878934986205,0.020307118813199021
4287,0.0046556713311225167,-0.013019989623643202,0.0203028234278168
4288,0.004645788799115781,-0.013003094666643442,0.020298478778188248
4289,0.0046359170865426748,-0.01298619411762327,0.020294084905754479
4290,0.0046260561990612058,-0.012969288030194105,0.020289641852132154
4291,0.0046162061422957501,-0.01295237645794225,0.020285149659113197
4292,0.0046063669218370526,-0.012935459454428703,0.020280608368664584
4293,0.0045965385432422436,-0.01291853707318898,0.020276018022928055
4294,0.0045867210120348438,-0.012901609367732944,0.020271378664219891
4295,0.0045769143337047779,-0.012884676391544616,0.020266690335030632
4296,0.004567118513708379,-0.012867738198081987,0.020261953078024846
4297,0.0045573335574684059,-0.012850794840776855,0.020257166936040835
4298,0.0045475594703740501,-0.012833846373034637,0.020252331952090436
4299,0.0045377962577809487,-0.012816892848234188,0.020247448169358705
4300,0.0045280439250111873,-0.012799934319727613,0.02024251563120371
4301,0.0045183024773533219,-0.012782970840840104,0.020237534381156223
4302,0.0045085719200623816,-0.012766002464869754,0.0202325044629195
4303,0.0044988522583598823,-0.012749029245087378,0.020227425920369003
4304,0.0044891434974338382,-0.012732051234736325,0.020222298797552142
4305,0.0044794456424387744,-0.012715068487032315,0.020217123138688016
4306,0.0044697586984957325,-0.012698081055163249,0.020211898988167137
4307,0.0044600826706922871,-0.012681088992289037,0.020206626390551187
4308,0.0044504175640825566,-0.012664092351541423,0.020201305390572747
4309,0.0044407633836872134,-0.012647091186023793,0.020195936033135031
4310,0.0044311201344934947,-0.012630085548811017,0.020190518363311618
4311,0.0044214878214552181,-0.012613075492949254,0.020185052426346203
4312,0.004411866449492788,-0.012596061071455784,0.020179538267652296
4313,0.0044022560234932137,-0.012579042337318826,0.020173975932813004
4314,0.0043926565483101178,-0.01256201934349737,0.020168365467580728
4315,0.0043830680287637496,-0.012544992142920991,0.020162706917876895
4316,0.0043734904696409961,-0.012527960788489679,0.020157000329791699
4317,0.0043639238756953969,-0.012510925333073653,0.020151245749583834
4318,0.0043543682516471536,-0.012493885829513204,0.020145443223680219
4319,0.0043448236021831448,-0.012476842330618507,0.020139592798675734
4320,0.0043352899319569387,-0.012459794889169434,0.020133694521332936
4321,0.0043257672455888066,-0.012442743557915406,0.020127748438581807
4322,0.0043162555476657328,-0.012425688389575189,0.02012175459751946
4323,0.0043067548427414334,-0.012408629436836748,0.020115713045409871
4324,0.0042972651353363608,-0.012391566752357046,0.020109623829683607
4325,0.0042877864299377235,-0.012374500388761882,0.020103486997937549
4326,0.0042783187309995002,-0.012357430398645721,0.020097302597934626
4327,0.0042688620429424491,-0.012340356834571509,0.020091070677603528
4328,0.0042594163701541229,-0.012323279749070512,0.020084791285038435
4329,0.0042499817169888874,-0.012306199194642134,0.020078464468498734
4330,0.0042405580877679276,-0.012289115223753741,0.020072090276408768
4331,0.0042311454867792675,-0.012272027888840501,0.020065668757357508
4332,0.0042217439182777802,-0.012254937242305195,0.020059199960098317
4333,0.0042123533864852044,-0.012237843336518053,0.020052683933548639
4334,0.0042029738955901572,-0.012220746223816581,0.020046120726789751
4335,0.0041936054497481515,-0.012203645956505393,0.020039510389066446
4336,0.0041842480530816049,-0.012186542586856027,0.020032852969786789
4337,0.00417490170967986,-0.012169436167106782,0.020026148518521796
4338,0.0041655664235991981,-0.012152326749462549,0.020019397085005181
4339,0.004156242198862849,-0.012135214386094632,0.020012598719133062
4340,0.0041469290394610132,-0.012118099129140586,0.020005753470963668
4341,0.0041376269493508706,-0.012100981030704035,0.01999886139071707
4342,0.0041283359324565975,-0.012083860142854511,0.01999192252877487
4343,0.0041190559926693859,-0.012066736517627276,0.019984936935679962
4344,0.0041097871338474515,-0.012049610207023158,0.019977904662136191
4345,0.0041005293598160557,-0.01203248126300838,0.019970825759008097
4346,0.0040912826743675183,-0.012015349737514384,0.019963700277320626
4347,0.0040820470812612322,-0.011998215682437677,0.019956528268258823
4348,0.0040728225842236827,-0.011981079149639643,0.019949309783167564
4349,0.0040636091869484577,-0.011963940190946385,0.019942044873551265
4350,0.0040544068930962697,-0.011946798858148555,0.019934733591073568
4351,0.0040452157062949683,-0.011929655203001181,0.019927375987557078
4352,0.0040360356301395528,-0.011912509277223505,0.019919972114983055
4353,0.0040268666681922,-0.011895361132498807,0.019912522025491125
4354,0.0040177088239822661,-0.011878210820474249,0.019905025771378988
4355,0.0040085621010063155,-0.0118610583927607,0.019897483405102123
4356,0.0039994265027281303,-0.011843903900932557,0.019889894979273483
4357,0.0039903020325787282,-0.01182674739652761,0.019882260546663248
4358,0.0039811886939563786,-0.011809588931046836,0.019874580160198458
4359,0.0039720864902266246,-0.011792428555954262,0.019866853872962765
4360,0.0039629954247222951,-0.011775266322676786,0.01985908173819613
4361,0.0039539155007435219,-0.011758102282604013,0.019851263809294525
4362,0.0039448467215577581,-0.011740936487088086,0.019843400139809616
4363,0.0039357890903997956,-0.011723768987443529,0.019835490783448494
4364,0.0039267426104717803,-0.011706599834947073,0.019827535794073349
4365,0.0039177072849432342,-0.011689429080837494,0.019819535225701203
4366,0.0039086831169510674,-0.011672256776315443,0.019811489132503562
4367,0.0038996701095995994,-0.011655082972543295,0.019803397568806166
4368,0.0038906682659605786,-0.01163790772064497,0.019795260589088665
4369,0.0038816775890731939,-0.011620731071705774,0.01978707824798431
4370,0.0038726980819440977,-0.011603553076772237,0.019778850600279663
4371,0.0038637297475474226,-0.011586373786851945,0.019770577700914276
4372,0.0038547725888247986,-0.011569193252913387,0.019762259604980417
4373,0.0038458266086853761,-0.011552011525885773,0.019753896367722748
4374,0.0038368918100058365,-0.011534828656658896,0.019745488044538025
4375,0.0038279681956304174,-0.011517644696082938,0.019737034690974771
4376,0.0038190557683709272,-0.011500459694968339,0.019728536362733015
4377,0.0038101545310067681,-0.011483273704085611,0.019719993115663938
4378,0.0038012644862849472,-0.011466086774165196,0.019711405005769598
4379,0.0037923856369201031,-0.01144889895589728,0.019702772089202604
4380,0.003783517985594525,-0.011431710299931659,0.019694094422265832
4381,0.003774661534958161,-0.011414520856877551,0.01968537206141209
4382,0.0037658162876286522,-0.011397330677303457,0.019676605063243823
4383,0.003756982246191341,-0.011380139811736991,0.019667793484512797
4384,0.0037481594131992969,-0.011362948310664714,0.019658937382119795
4385,0.0037393477911733335,-0.011345756224531994,0.019650036813114301
4386,0.0037305473826020272,-0.011328563603742813,0.019641091834694192
4387,0.0037217581899417376,-0.011311370498659639,0.019632102504205419
4388,0.0037129802156166268,-0.011294176959603245,0.01962306887914169
4389,0.003704213462018682,-0.011276983036852564,0.019613991017144186
4390,0.0036954579315077317,-0.011259788780644518,0.019604868976001215
4391,0.0036867136264114703,-0.011242594241173872,0.019595702813647923
4392,0.0036779805490254718,-0.011225399468593068,0.019586492588165954
4393,0.0036692587016132179,-0.011208204513012066,0.019577238357783158
4394,0.0036605480864061127,-0.011191009424498195,0.019567940180873263
4395,0.0036518487056035028,-0.011173814253075976,0.019558598115955551
4396,0.0036431605613727021,-0.011156619048726986,0.019549212221694555
4397,0.0036344836558490105,-0.011139423861389691,0.019539782556899754
4398,0.0036258179911357324,-0.011122228740959287,0.019530309180525215
4399,0.0036171635693042028,-0.011105033737287547,0.019520792151669315
4400,0.0036085203923938041,-0.011087838900182672,0.019511231529574392
4401,0.003599888462411987,-0.011070644279409111,0.019501627373626443
4402,0.0035912677813342933,-0.011053449924687439,0.019491979743354794
4403,0.0035826583511043776,-0.011036255885694169,0.019482288698431802
4404,0.0035740601736340277,-0.011019062212061623,0.019472554298672493
4405,0.0035654732508031842,-0.011001868953377757,0.019462776604034279
4406,0.0035568975844599681,-0.010984676159186014,0.019452955674616627
4407,0.0035483331764206943,-0.010967483878985176,0.019443091570660723
4408,0.0035397800284699002,-0.010950292162229203,0.019433184352549145
4409,0.003531238142360363,-0.010933101058327069,0.019423234080805565
4410,0.0035227075198131248,-0.010915910616642635,0.019413240816094399
4411,0.0035141881625175122,-0.010898720886494469,0.019403204619220495
4412,0.0035056800721311589,-0.010881531917155707,0.01939312555112882
4413,0.003497183250280032,-0.0108643437578539,0.01938300367290411
4414,0.0034886976985584487,-0.010847156457770854,0.019372839045770557
4415,0.0034802234185290991,-0.010829970066042484,0.019362631731091474
4416,0.0034717604117230714,-0.010812784631758651,0.01935238179036897
4417,0.0034633086796398765,-0.010795600203963029,0.019342089285243641
4418,0.0034548682237474653,-0.010778416831652943,0.019331754277494215
4419,0.0034464390454822537,-0.010761234563779211,0.019321376829037232
4420,0.0034380211462491459,-0.010744053449245998,0.019310957001926716
4421,0.0034296145274215601,-0.010726873536910679,0.019300494858353855
4422,0.0034212191903414449,-0.010709694875583669,0.01928999046064666
4423,0.0034128351363193099,-0.01069251751402828,0.01927944387126963
4424,0.0034044623666342421,-0.010675341500960576,0.019268855152823439
4425,0.0033961008825339344,-0.010658166885049215,0.019258224368044582
4426,0.0033877506852347064,-0.010640993714915298,0.019247551579805049
4427,0.0033794117759215303,-0.010623822039132242,0.019236836851112007
4428,0.0033710841557480528,-0.010606651906225601,0.019226080245107458
4429,0.0033627678258366183,-0.010589483364672941,0.0192152818250679
4430,0.0033544627872782932,-0.01057231646290367,0.019204441654403985
4431,0.0033461690411328905,-0.010555151249298912,0.019193559796660209
4432,0.003337886588428996,-0.010537987772191346,0.019182636315514562
4433,0.0033296154301639858,-0.010520826079865061,0.019171671274778198
4434,0.0033213555673040577,-0.010503666220555409,0.019160664738395075
4435,0.0033131070007842512,-0.010486508242448862,0.01914961677044166
4436,0.0033048697315084712,-0.010469352193682859,0.019138527435126566
4437,0.0032966437603495192,-0.010452198122345668,0.019127396796790215
4438,0.0032884290881491085,-0.010435046076476233,0.019116224919904501
4439,0.0032802257157178954,-0.010417896104064028,0.019105011869072468
4440,0.003272033643835502,-0.010400748253048915,0.01909375770902795
4441,0.0032638528732505424,-0.010383602571321001,0.019082462504635231
4442,0.0032556834046806428,-0.010366459106720486,0.019071126320888733
4443,0.0032475252388124739,-0.010349317907037527,0.019059749222912637
4444,0.0032393783763017695,-0.010332179020012083,0.019048331275960579
4445,0.0032312428177733543,-0.01031504249333378,0.019036872545415275
4446,0.0032231185638211708,-0.010297908374641769,0.019025373096788218
4447,0.0032150056150083029,-0.010280776711524572,0.019013832995719293
4448,0.0032069039718670006,-0.010263647551519945,0.019002252307976468
4449,0.0031988136348987078,-0.010246520942114734,0.018990631099455434
4450,0.0031907346045740863,-0.010229396930744735,0.018978969436179272
4451,0.0031826668813330419,-0.010212275564794551,0.018967267384298093
4452,0.0031746104655847505,-0.010195156891597449,0.018955525010088715
4453,0.0031665653577076847,-0.010178040958435216,0.0189437423799543
4454,0.0031585315580496369,-0.010160927812538023,0.018931919560424029
4455,0.0031505090669277525,-0.010143817501084278,0.018920056618152725
4456,0.0031424978846285438,-0.010126710071200485,0.018908153619920542
4457,0.0031344980114079305,-0.010109605569961115,0.018896210632632592
4458,0.003126509447491255,-0.010092504044388452,0.018884227723318617
4459,0.003118532193073315,-0.010075405541452455,0.018872204959132628
4460,0.0031105662483183897,-0.01005831010807063,0.018860142407352572
4461,0.0031026116133602618,-0.01004121779110787,0.018848040135379968
4462,0.0030946682883022498,-0.010024128637376339,0.018835898210739565
4463,0.003086736273217231,-0.010007042693635318,0.018823716701078991
4464,0.0030788155681476716,-0.0099899600065910706,0.018811495674168406
4465,0.0030709061731056509,-0.0099728806228967029,0.018799235197900152
4466,0.0030630080880728887,-0.0099558045891520262,0.018786935340288403
4467,0.0030551213130007742,-0.0099387319519034269,0.018774596169468815
4468,0.0030472458478103931,-0.0099216627576437216,0.018762217753698178
4469,0.0030393816923925533,-0.0099045970528120197,0.018749800161354052
4470,0.0030315288466078124,-0.0098875348837935868,0.018737343460934426
4471,0.0030236873102865072,-0.0098704762969197106,0.018724847721057366
4472,0.0030158570832287809,-0.0098534213384675641,0.018712313010460651
4473,0.003008038165204608,-0.0098363700546600687,0.018699739398001437
4474,0.0030002305559538251,-0.009819322491665762,0.0186871269526559
4475,0.0029924342551861591,-0.0098022786955986613,0.01867447574351886
4476,0.0029846492625812521,-0.0097852387125181243,0.018661785839803456
4477,0.0029768755777886918,-0.0097682025884287173,0.018649057310840766
4478,0.002969113200428039,-0.0097511703692800822,0.018636290226079474
4479,0.002961362130088855,-0.0097341421009668038,0.018623484655085509
4480,0.0029536223663307348,-0.0097171178293282701,0.018610640667541683
4481,0.0029458939086833271,-0.0097000976001485502,0.018597758333247335
4482,0.0029381767566463686,-0.0096830814591562439,0.018584837722117969
4483,0.0029304709096897121,-0.0096660694520243617,0.018571878904184925
4484,0.0029227763672533551,-0.0096490616243701931,0.018558881949594975
4485,0.0029150931287474638,-0.0096320580217551695,0.018545846928610006
4486,0.0029074211935524084,-0.0096150586896847252,0.01853277391160664
4487,0.0028997605610187908,-0.0095980636736081801,0.018519662969075895
4488,0.0028921112304674691,-0.009581073018918607,0.018506514171622801
4489,0.0028844732011895908,-0.0095640867709526831,0.018493327589966049
4490,0.0028768464724466228,-0.009547104974990582,0.018480103294937648
4491,0.0028692310434703752,-0.0095301276762558337,0.018466841357482545
4492,0.0028616269134630365,-0.0095131549199151868,0.018453541848658266
4493,0.0028540340815971996,-0.0094961867510784913,0.018440204839634575
4494,0.0028464525470158946,-0.0094792232147985576,0.01842683040169309
4495,0.0028388823088326119,-0.009462264356071037,0.018413418606226927
4496,0.0028313233661313411,-0.0094453102198342933,0.018399969524740347
4497,0.0028237757179665913,-0.009428360850969264,0.01838648322884838
4498,0.0028162393633634269,-0.0094114162942993337,0.018372959790276477
4499,0.0028087143013174965,-0.0093944765945902283,0.018359399280860143
4500,0.0028012005307950613,-0.009377541796549857,0.018345801772544565
4501,0.0027936980507330274,-0.0093606119448281979,0.018332167337384252
4502,0.0027862068600389739,-0.009343687084017175,0.018318496047542685
4503,0.0027787269575911843,-0.0093267672586505208,0.01830478797529192
4504,0.0027712583422386762,-0.009309852513203664,0.018291043193012269
4505,0.0027638010128012312,-0.0092929428920935902,0.018277261773191888
4506,0.0027563549680694275,-0.0092760384396787243,0.018263443788426443
4507,0.0027489202068046695,-0.0092591392002588039,0.018249589311418738
4508,0.0027414967277392152,-0.0092422452180747471,0.018235698414978338
4509,0.0027340845295762148,-0.0092253565373085489,0.018221771172021221
4510,0.0027266836109897299,-0.0092084732020831193,0.018207807655569383
4511,0.0027192939706247774,-0.0091915952564622008,0.018193807938750504
4512,0.0027119156070973499,-0.0091747227444502095,0.018179772094797552
4513,0.0027045485189944513,-0.0091578557099921409,0.018165700197048447
4514,0.0026971927048741293,-0.0091409941969734197,0.018151592318945652
4515,0.0026898481632655013,-0.009124138249219798,0.01813744853403583
4516,0.002682514892668793,-0.0091072879104972214,0.018123268915969479
4517,0.0026751928915553645,-0.0090904432245117097,0.018109053538500557
4518,0.0026678821583677433,-0.0090736042349092386,0.018094802475486105
4519,0.0026605826915196539,-0.0090567709852756063,0.018080515800885884
4520,0.002653294489396055,-0.0090399435191363276,0.018066193588762006
4521,0.0026460175503531624,-0.0090231218799564986,0.018051835913278556
4522,0.0026387518727184877,-0.009006306111140689,0.018037442848701239
4523,0.0026314974547908708,-0.0089894962560328161,0.018023014469396983
4524,0.0026242542948405057,-0.0089726923579160189,0.018008550849833591
4525,0.0026170223911089791,-0.0089558944600125531,0.017994052064579356
4526,0.0026098017418092955,-0.0089391026054836554,0.017979518188302707
4527,0.0026025923451259169,-0.0089223168374294292,0.0179649492957718
4528,0.0025953941992147892,-0.0089055371988887317,0.017950345461854183
4529,0.0025882073022033751,-0.008888763732839049,0.017935706761516401
4530,0.0025810316521906913,-0.0088719964821963853,0.017921033269823639
4531,0.002573867247247336,-0.0088552354898151341,0.017906325061939329
4532,0.0025667140854155231,-0.0088384807984879712,0.017891582213124788
4533,0.0025595721647091135,-0.0088217324509457257,0.017876804798738852
4534,0.0025524414831136497,-0.0088049904898572749,0.01786199289423749
4535,0.0025453220385863898,-0.0087882549578294309,0.017847146575173427
4536,0.0025382138290563363,-0.0087715258974068091,0.017832265917195781
4537,0.0025311168524242713,-0.0087548033510717188,0.017817350996049676
4538,0.0025240311065627928,-0.0087380873612440541,0.017802401887575876
4539,0.0025169565893163408,-0.0087213779702811738,0.017787418667710393
4540,0.0025098932985012333,-0.0087046752204777804,0.017772401412484141
4541,0.0025028412319057025,-0.0086879791540658176,0.017757350198022524
4542,0.0024958003872899252,-0.0086712898132143418,0.01774226510054509
4543,0.0024887707623860566,-0.0086546072400294233,0.017727146196365135
4544,0.0024817523548982616,-0.0086379314765540199,0.017711993561889336
4545,0.0024747451625027539,-0.0086212625647678707,0.017696807273617363
4546,0.0024677491828478258,-0.0086046005465873817,0.017681587408141509
4547,0.0024607644135538819,-0.0085879454638655168,0.017666334042146317
4548,0.0024537908522134729,-0.0085712973583916812,0.017651047252408202
4549,0.0024468284963913302,-0.0085546562718916055,0.017635727115795041
4550,0.0024398773436243985,-0.0085380222460272343,0.017620373709265835
4551,0.0024329373914218724,-0.0085213953223966295,0.017604987109870317
4552,0.002426008637265227,-0.0085047755425338434,0.017589567394748568
4553,0.0024190910786082553,-0.0084881629479088075,0.017574114641130633
4554,0.0024121847128770984,-0.0084715575799272427,0.017558628926336146
4555,0.002405289537470285,-0.0084549594799305187,0.017543110327773961
4556,0.0023984055497587599,-0.0084383686891955668,0.017527558922941756
4557,0.0023915327470859244,-0.0084217852489347662,0.017511974789425663
4558,0.0023846711267676655,-0.0084052092002958306,0.017496358004899886
4559,0.0023778206860923961,-0.0083886405843617076,0.017480708647126319
4560,0.0023709814223210816,-0.008372079442150451,0.017465026793954147
4561,0.0023641533326872813,-0.0083555258146151331,0.017449312523319487
4562,0.0023573364143971813,-0.0083389797426437363,0.017433565913245012
4563,0.0023505306646296313,-0.0083224412670590345,0.017417787041839557
4564,0.002343736080536174,-0.0083059104286184911,0.017401975987297716
4565,0.0023369526592410842,-0.0082893872680141461,0.017386132827899491
4566,0.0023301803978414029,-0.0082728718258725242,0.017370257642009893
4567,0.0023234192934069734,-0.0082563641427545152,0.017354350508078566
4568,0.0023166693429804734,-0.0082398642591552697,0.017338411504639405
4569,0.0023099305435774556,-0.0082233722155041038,0.017322440710310163
4570,0.002303202892186378,-0.0082068880521643881,0.017306438203792081
4571,0.0022964863857686427,-0.0081904118094334403,0.017290404063869509
4572,0.0022897810212586288,-0.0081739435275424294,0.017274338369409496
4573,0.0022830867955637301,-0.0081574832466562545,0.017258241199361431
4574,0.0022764037055643875,-0.0081410310068734566,0.017242112632756615
4575,0.002269731748114128,-0.008124586848226107,0.017225952748707939
4576,0.0022630709200395999,-0.0081081508106797123,0.017209761626409466
4577,0.0022564212181406078,-0.0080917229341331103,0.017193539345136045
4578,0.0022497826391901471,-0.0080753032584183516,0.01717728598424292
4579,0.0022431551799344421,-0.0080588918233006172,0.017161001623165362
4580,0.0022365388370929823,-0.008042488668478117,0.017144686341418275
4581,0.0022299336073585588,-0.0080260938335819758,0.017128340218595824
4582,0.0022233394873972965,-0.0080097073581761359,0.017111963334371014
4583,0.0022167564738486941,-0.0079933292817572586,0.017095555768495325
4584,0.0022101845633256596,-0.0079769596437546265,0.017079117600798333
4585,0.0022036237524145469,-0.0079605984835300365,0.017062648911187309
4586,0.0021970740376751922,-0.0079442458403777162,0.017046149779646858
4587,0.0021905354156409491,-0.0079279017535242025,0.017029620286238497
4588,0.0021840078828187274,-0.0079115662621282567,0.017013060511100277
4589,0.0021774914356890249,-0.0078952394052807483,0.016996470534446407
4590,0.0021709860707059721,-0.0078789212220045871,0.016979850436566864
4591,0.0021644917842973603,-0.0078626117512546004,0.016963200297826993
4592,0.0021580085728646879,-0.0078463110319174495,0.016946520198667145
4593,0.0021515364327831881,-0.0078300191028115237,0.016929810219602257
4594,0.0021450753604018713,-0.0078137360026868455,0.016913070441221482
4595,0.0021386253520435591,-0.0077974617702249761,0.016896300944187804
4596,0.0021321864040049249,-0.0077811964440389087,0.016879501809237616
4597,0.0021257585125565286,-0.0077649400626729941,0.016862673117180395
4598,0.0021193416739428519,-0.0077486926646028187,0.016845814948898245
4599,0.0021129358843823397,-0.0077324542882351351,0.016828927385345541
4600,0.0021065411400674372,-0.0077162249719077451,0.016812010507548544
4601,0.002100157437164624,-0.0077000047538894239,0.016795064396605011
4602,0.0020937847718144552,-0.0076837936723798154,0.016778089133683782
4603,0.002087423140131594,-0.0076675917655093353,0.01676108480002441
4604,0.0020810725382048559,-0.0076513990713390862,0.016744051476936774
4605,0.0020747329620972393,-0.0076352156278607529,0.016726989245800659
4606,0.0020684044078459712,-0.0076190414729965274,0.016709898188065415
4607,0.0020620868714625374,-0.0076028766445989963,0.016692778385249515
4608,0.0020557803489327244,-0.0075867211804510641,0.016675629918940203
4609,0.002049484836216657,-0.0075705751182658524,0.016658452870793088
4610,0.0020432003292488368,-0.0075544384956866177,0.016641247322531749
4611,0.0020369268239381782,-0.0075383113502866484,0.016624013355947355
4612,0.0020306643161680472,-0.0075221937195691828,0.016606751052898258
4613,0.0020244128017963023,-0.0075060856409673157,0.016589460495309617
4614,0.0020181722766553275,-0.0074899871518439073,0.016572141765173003
4615,0.002011942736552075,-0.0074738982894914903,0.016554794944545995
4616,0.0020057241772681021,-0.0074578190911321948,0.016537420115551801
4617,0.0019995165945596101,-0.0074417495939176391,0.016520017360378867
4618,0.0019933199841574802,-0.0074256898349288536,0.016502586761280469
4619,0.0019871343417673147,-0.0074096398511761851,0.016485128400574322
4620,0.0019809596630694761,-0.0073935996795992179,0.016467642360642215
4621,0.0019747959437191255,-0.0073775693570666883,0.016450128723929612
4622,0.0019686431793462579,-0.0073615489203763783,0.016432587572945228
4623,0.001962501365555746,-0.0073455384062550456,0.016415018990260658
4624,0.0019563704979273775,-0.0073295378513583411,0.016397423058509997
4625,0.0019502505720158888,-0.0073135472922706991,0.016379799860389413
4626,0.001944141583351013,-0.0072975667655052713,0.016362149478656784
4627,0.001938043527437511,-0.0072815963075038371,0.016344471996131288
4628,0.001931956399755216,-0.0072656359546367181,0.016326767495693024
4629,0.00192588019575907,-0.0072496857432026935,0.016309036060282604
4630,0.0019198149108791624,-0.0072337457094289077,0.016291277772900768
4631,0.0019137605405207725,-0.0072178158894707989,0.016273492716607992
4632,0.0019077170800644058,-0.0072018963194120074,0.016255680974524088
4633,0.0019016845248658325,-0.0071859870352642893,0.016237842629827789
4634,0.001895662870256131,-0.0071700880729674461,0.016219977765756413
4635,0.0018896521115417252,-0.0071541994683892258,0.01620208646560542
4636,0.0018836522440044213,-0.0071383212573252492,0.016184168812728019
4637,0.001877663262901454,-0.0071224534754989301,0.016166224890534802
4638,0.0018716851634655192,-0.0071065961585613877,0.016148254782493331
4639,0.0018657179409048189,-0.0070907493420913764,0.016130258572127756
4640,0.0018597615904030974,-0.0070749130615951807,0.016112236343018383
4641,0.0018538161071196817,-0.0070590873525065564,0.016094188178801323
4642,0.0018478814861895255,-0.0070432722501866498,0.016076114163168093
4643,0.0018419577227232428,-0.0070274677899238979,0.016058014379865176
4644,0.0018360448118071521,-0.0070116740069339724,0.01603988891269369
4645,0.0018301427485033174,-0.0069958909363596906,0.016021737845508959
4646,0.0018242515278495833,-0.0069801186132709284,0.016003561262220099
4647,0.0018183711448596213,-0.006964357072664561,0.015985359246789687
4648,0.0018125015945229649,-0.0069486063494643641,0.015967131883233291
4649,0.0018066428718050529,-0.0069328664785209488,0.015948879255619112
4650,0.0018007949716472684,-0.0069171374946116766,0.015930601448067589
4651,0.001794957888966979,-0.0069014194324405849,0.015912298544750982
4652,0.0017891316186575792,-0.0068857123266383158,0.015893970629893013
4653,0.0017833161555885282,-0.006870016211762032,0.015875617787768446
4654,0.0017775114946053927,-0.0068543311222953422,0.015857240102702681
4655,0.0017717176305298865,-0.0068386570926482291,0.015838837659071386
4656,0.0017659345581599116,-0.0068229941571569712,0.015820410541300088
4657,0.0017601622722695992,-0.0068073423500840695,0.015801958833863792
4658,0.0017544007676093486,-0.0067917017056181644,0.015783482621286527
4659,0.001748650038905869,-0.0067760722578739706,0.015764981988141025
4660,0.0017429100808622239,-0.0067604540408922097,0.0157464570190483
4661,0.0017371808881578672,-0.0067448470886395176,0.015727907798677235
4662,0.0017314624554486851,-0.0067292514350083855,0.015709334411744189
4663,0.0017257547773670385,-0.0067136671138170751,0.015690736943012599
4664,0.0017200578485218037,-0.0066980941588095618,0.015672115477292612
4665,0.0017143716634984128,-0.0066825326036554465,0.015653470099440663
4666,0.001708696216858898,-0.006666982481949902,0.015634800894359091
4667,0.0017030315031419268,-0.0066514438272135771,0.015616107946995719
4668,0.001697377516862848,-0.0066359166728925433,0.015597391342343482
4669,0.0016917342525137337,-0.0066204010523582251,0.015578651165440037
4670,0.001686101704563418,-0.0066048969989073204,0.01555988750136735
4671,0.0016804798674575389,-0.0065894045457617328,0.015541100435251289
4672,0.001674868735618579,-0.0065739237260685011,0.015522290052261245
4673,0.0016692683034459101,-0.0065584545728997346,0.015503456437609735
4674,0.0016636785653158337,-0.0065429971192525384,0.015484599676552004
4675,0.0016580995155816218,-0.0065275513980489535,0.015465719854385629
4676,0.0016525311485735585,-0.0065121174421358795,0.015446817056450126
4677,0.0016469734585989825,-0.0064966952842850081,0.015427891368126527
4678,0.0016414264399423268,-0.0064812849571927508,0.015408942874837007
4679,0.0016358900868651642,-0.0064658864934801843,0.015389971662044491
4680,0.0016303643936062464,-0.0064504999256929747,0.015370977815252249
4681,0.0016248493543815476,-0.0064351252863013159,0.015351961420003502
4682,0.0016193449633843061,-0.0064197626076998599,0.015332922561881028
4683,0.0016138512147850662,-0.0064044119222076458,0.01531386132650675
4684,0.001608368102731717,-0.0063890732620680395,0.015294777799541344
4685,0.0016028956213495421,-0.0063737466594486749,0.015275672066683857
4686,0.0015974337647412541,-0.0063584321464413788,0.015256544213671305
4687,0.0015919825269870426,-0.0063431297550621199,0.015237394326278277
4688,0.0015865419021446135,-0.0063278395172509262,0.015218222490316529
4689,0.0015811118842492314,-0.0063125614648718324,0.015199028791634589
4690,0.0015756924673137615,-0.0062972956297128102,0.015179813316117353
4691,0.0015702836453287141,-0.0062820420434857131,0.015160576149685715
4692,0.0015648854122622886,-0.0062668007378262206,0.015141317378296163
4693,0.0015594977620604093,-0.0062515717442937525,0.015122037087940349
4694,0.0015541206886467746,-0.0062363550943714272,0.015102735364644728
4695,0.0015487541859228963,-0.0062211508194659863,0.015083412294470147
4696,0.0015433982477681435,-0.0062059589509077511,0.01506406796351146
4697,0.0015380528680397855,-0.0061907795199505414,0.015044702457897116
4698,0.001532718040573033,-0.0061756125577716271,0.015025315863788765
4699,0.0015273937591810834,-0.0061604580954716676,0.015005908267380878
4700,0.0015220800176551598,-0.0061453161640746389,0.014986479754900304
4701,0.0015167768097645597,-0.0061301867945278005,0.014967030412605943
4702,0.0015114841292566911,-0.0061150700177016078,0.014947560326788293
4703,0.0015062019698571204,-0.0060999658643896724,0.01492806958376908
4704,0.0015009303252696148,-0.0060848743653086944,0.014908558269900852
4705,0.0014956691891761843,-0.0060697955510984119,0.014889026471566596
4706,0.0014904185552371252,-0.0060547294523215387,0.014869474275179326
4707,0.0014851784170910624,-0.0060396760994637028,0.014849901767181685
4708,0.0014799487683549945,-0.0060246355229333975,0.014830309034045567
4709,0.0014747296026243356,-0.0060096077530619211,0.014810696162271701
4710,0.0014695209134729587,-0.0059945928201033168,0.014791063238389263
4711,0.0014643226944532402,-0.0059795907542343285,0.014771410348955488
4712,0.0014591349390961012,-0.0059646015855543298,0.014751737580555256
4713,0.0014539576409110526,-0.0059496253440852786,0.014732045019800704
4714,0.0014487907933862384,-0.0059346620597716618,0.014712332753330839
4715,0.0014436343899884784,-0.0059197117624804401,0.014692600867811132
4716,0.0014384884241633118,-0.0059047744820009875,0.01467284944993311
4717,0.0014333528893350413,-0.0058898502480450431,0.014653078586413973
4718,0.001428227778906777,-0.0058749390902466617,0.014633288363996215
4719,0.0014231130862604818,-0.0058600410381621599,0.014613478869447217
4720,0.0014180088047570096,-0.0058451561212700537,0.014593650189558821
4721,0.0014129149277361556,-0.0058302843689710167,0.014573802411146981
4722,0.0014078314485166962,-0.0058154258105878294,0.014553935621051351
4723,0.0014027583603964326,-0.0058005804753653127,0.014534049906134864
4724,0.0013976956566522367,-0.0057857483924702909,0.014514145353283365
4725,0.0013926433305400953,-0.0057709295909915415,0.014494222049405222
4726,0.0013876013752951513,-0.0057561240999397332,0.014474280081430892
4727,0.0013825697841317486,-0.0057413319482473813,0.014454319536312561
4728,0.0013775485502434805,-0.0057265531647688094,0.014434340501023749
4729,0.0013725376668032255,-0.0057117877782800735,0.014414343062558876
4730,0.0013675371269631987,-0.00569703581747894,0.014394327307932912
4731,0.0013625469238549947,-0.0056822973109848266,0.014374293324180974
4732,0.0013575670505896276,-0.0056675722873387466,0.014354241198357893
4733,0.0013525975002575781,-0.005652860775003269,0.014334171017537865
4734,0.001347638265928841,-0.0056381628023624781,0.014314082868814047
4735,0.0013426893406529648,-0.0056234783977219113,0.014293976839298157
4736,0.0013377507174590973,-0.0056088075893085164,0.014273853016120056
4737,0.0013328223893560294,-0.0055941504052706096,0.014253711486427376
4738,0.0013279043493322413,-0.0055795068736778251,0.014233552337385137
4739,0.0013229965903559459,-0.0055648770225210729,0.014213375656175323
4740,0.0013180991053751325,-0.0055502608797124865,0.014193181529996506
4741,0.0013132118873176142,-0.0055356584730853892,0.014172970046063459
4742,0.0013083349290910692,-0.0055210698303942386,0.014152741291606753
4743,0.0013034682235830871,-0.0055064949793145841,0.014132495353872348
4744,0.0012986117636612131,-0.0054919339474430329,0.014112232320121234
4745,0.0012937655421729937,-0.0054773867622971923,0.014091952277629006
4746,0.0012889295519460217,-0.0054628534513156395,0.0140716553136855
4747,0.001284103785787977,-0.0054483340418578618,0.014051341515594345
4748,0.0012792882364866748,-0.0054338285612042271,0.014031010970672629
4749,0.0012744828968101122,-0.0054193370365559473,0.014010663766250493
4750,0.0012696877595065107,-0.0054048594950350196,0.013990299989670722
4751,0.001264902817304359,-0.0053903959636841959,0.013969919728288345
4752,0.0012601280629124612,-0.0053759464694669318,0.013949523069470258
4753,0.0012553634890199797,-0.0053615110392673639,0.013929110100594829
4754,0.0012506090882964829,-0.0053470896998902475,0.013908680909051513
4755,0.0012458648533919868,-0.0053326824780609312,0.013888235582240428
4756,0.001241130776937003,-0.005318289400425313,0.013867774207572011
4757,0.001236406851542583,-0.0053039104935498028,0.013847296872466584
4758,0.0012316930698003628,-0.0052895457839212852,0.013826803664353996
4759,0.0012269894242826075,-0.0052751952979470653,0.013806294670673184
4760,0.0012222959075422592,-0.0052608590619548585,0.013785769978871841
4761,0.0012176125121129784,-0.0052465371021927229,0.013765229676405975
4762,0.0012129392305091917,-0.0052322294448290448,0.013744673850739545
4763,0.0012082760552261378,-0.0052179361159524849,0.013724102589344055
4764,0.0012036229787399089,-0.0052036571415719473,0.013703515979698155
4765,0.0011989799935075019,-0.0051893925476165495,0.01368291410928728
4766,0.0011943470919668592,-0.0051751423599355759,0.013662297065603232
4767,0.0011897242665369176,-0.0051609066042984583,0.013641664936143813
4768,0.0011851115096176506,-0.0051466853063947228,0.013621017808412416
4769,0.001180508813590115,-0.0051324784918339566,0.013600355769917629
4770,0.0011759161708164961,-0.0051182861861457773,0.013579678908172851
4771,0.0011713335736401548,-0.0051041084147798055,0.01355898731069591
4772,0.0011667610143856714,-0.0050899452031056194,0.013538281065008666
4773,0.0011621984853588943,-0.0050757965764127331,0.013517560258636636
4774,0.0011576459788469817,-0.0050616625599105517,0.013496824979108589
4775,0.0011531034871184493,-0.0050475431787283427,0.013476075313956143
4776,0.0011485710024232143,-0.0050334384579152,0.013455311350713383
4777,0.0011440485169926444,-0.0050193484224400195,0.013434533176916494
4778,0.0011395360230396004,-0.0050052730971914617,0.013413740880103353
4779,0.0011350335127584864,-0.0049912125069779267,0.01339293454781316
4780,0.0011305409783252899,-0.004977166676527517,0.013372114267586024
4781,0.0011260584118976315,-0.0049631356304880017,0.013351280126962571
4782,0.0011215858056148093,-0.0049491193934268016,0.013330432213483588
4783,0.0011171231515978437,-0.0049351179898309352,0.013309570614689582
4784,0.001112670441949528,-0.0049211314441070207,0.013288695418120467
4785,0.0011082276687544679,-0.0049071597805812146,0.013267806711315097
4786,0.0011037948240791334,-0.0048932030234992074,0.013246904581810935
4787,0.0010993718999719009,-0.0048792611970261785,0.01322598911714362
4788,0.0010949588884631022,-0.0048653343252467833,0.013205060404846642
4789,0.0010905557815650679,-0.0048514224321651112,0.013184118532450903
4790,0.0010861625712721744,-0.0048375255417046617,0.013163163587484331
4791,0.0010817792495608919,-0.0048236436777083251,0.013142195657471534
4792,0.0010774058083898278,-0.0048097768639383471,0.013121214829933366
4793,0.0010730422396997743,-0.0047959251240762999,0.013100221192386559
4794,0.001068688535413753,-0.0047820884817230593,0.01307921483234333
4795,0.0010643446874370646,-0.0047682669603987858,0.013058195837311021
4796,0.0010600106876573335,-0.0047544605835429,0.013037164294791704
4797,0.0010556865279445517,-0.0047406693745140425,0.013016120292281759
4798,0.0010513722001511286,-0.0047268933565900581,0.012995063917271536
4799,0.0010470676961119353,-0.0047131325529679744,0.012973995257244936
4800,0.0010427730076443527,-0.0046993869867639759,0.012952914399679055
4801,0.0010384881265483163,-0.0046856566810133792,0.012931821432043782
4802,0.0010342130446063633,-0.0046719416586706065,0.0129107164418014
4803,0.0010299477535836799,-0.0046582419426091717,0.012889599516406242
4804,0.0010256922452281448,-0.0046445575556216491,0.012868470743304272
4805,0.0010214465112703794,-0.0046308885204196515,0.0128473302099327
4806,0.0010172105434237918,-0.0046172348596338168,0.012826178003719631
4807,0.0010129843333846252,-0.00460359659581378,0.012805014212083646
4808,0.0010087678728320025,-0.0045899737514281469,0.012783838922433425
4809,0.0010045611534279721,-0.0045763663488644808,0.012762652222167371
4810,0.0010003641668175592,-0.0045627744104292794,0.012741454198673233
4811,0.00099617690462881032,-0.0045491979583479709,0.012720244939327744
4812,0.00099199935847283597,-0.0045356370147648598,0.012699024531496177
4813,0.00098783151994386313,-0.0045220916017431369,0.012677793062532014
4814,0.00098367338061927981,-0.0045085617412648563,0.012656550619776568
4815,0.00097952493205967885,-0.0044950474552308993,0.012635297290558537
4816,0.00097538616580890921,-0.0044815487654609716,0.012614033162193698
4817,0.00097125707339412205,-0.0044680656936935906,0.012592758321984502
4818,0.00096713764632581282,-0.0044545982615860442,0.012571472857219655
4819,0.00096302787609787392,-0.0044411464907143953,0.012550176855173782
4820,0.00095892775418763979,-0.0044277104025734629,0.012528870403107056
4821,0.00095483727205593046,-0.0044142900185767889,0.012507553588264751
4822,0.00095075642114710284,-0.0044008853600566392,0.012486226497876927
4823,0.00094668519288909755,-0.0043874964482639896,0.012464889219158046
4824,0.00094262357869348069,-0.0043741233043684885,0.012443541839306533
4825,0.00093857156995549602,-0.0043607659494584632,0.012422184445504464
4826,0.00093452915805411181,-0.004347424404540905,0.012400817124917175
4827,0.00093049633435206606,-0.0043340986905414441,0.012379439964692859
4828,0.00092647309019591154,-0.0043207888283043373,0.012358053051962187
4829,0.0009224594169160653,-0.0043074948385924509,0.012336656473837936
4830,0.00091845530582685721,-0.0042942167420872614,0.012315250317414626
4831,0.00091446074822657333,-0.0042809545593888295,0.01229383466976813
4832,0.00091047573539750494,-0.0042677083110157915,0.01227240961795528
4833,0.00090650025860599705,-0.0042544780174053488,0.012250975249013535
4834,0.00090253430910249303,-0.0042412636989132557,0.012229531649960556
4835,0.0008985778781215823,-0.0042280653758137998,0.012208078907793848
4836,0.00089463095688204907,-0.0042148830682998094,0.0121866171094904
4837,0.00089069353658691825,-0.0042017167964826241,0.012165146342006283
4838,0.00088676560842350155,-0.0041885665803920854,0.012143666692276275
4839,0.00088284716356344781,-0.0041754324399765428,0.012122178247213518
4840,0.00087893819316278742,-0.0041623143951028318,0.012100681093709107
4841,0.00087503868836198196,-0.0041492124655562682,0.012079175318631749
4842,0.00087114864028596723,-0.0041361266710406254,0.012057661008827325
4843,0.0008672680400442067,-0.0041230570311781541,0.012036138251118603
4844,0.00086339687873073282,-0.0041100035655095447,0.012014607132304784
4845,0.00085953514742419831,-0.0040969662934939345,0.011993067739161175
4846,0.00085568283718792128,-0.0040839452345088978,0.011971520158438798
4847,0.00085183993906993289,-0.0040709404078504317,0.011949964476864004
4848,0.00084800644410302627,-0.0040579518327329622,0.011928400781138142
4849,0.00084418234330480252,-0.0040449795282893278,0.011906829157937148
4850,0.00084036762767771976,-0.0040320235135707823,0.011885249693911202
4851,0.00083656228820913581,-0.0040190838075469673,0.0118636624756843
4852,0.00083276631587136376,-0.0040061604291059408,0.011842067589853969
4853,0.00082897970162171069,-0.0039932533970541374,0.011820465122990812
4854,0.00082520243640253068,-0.0039803627301163852,0.011798855161638186
4855,0.00082143451114127049,-0.0039674884469358945,0.011777237792311808
4856,0.00081767591675051602,-0.003954630566074248,0.011755613101499378
4857,0.00081392664412804254,-0.00394178910601141,0.011733981175660251
4858,0.00081018668415686003,-0.0039289640851457126,0.011712342101225024
4859,0.00080645602770526255,-0.0039161555217938617,0.011690695964595198
4860,0.00080273466562687397,-0.0039033634341909258,0.011669042852142784
4861,0.00079902258876069518,-0.0038905878404903319,0.011647382850209935
4862,0.00079531978793115213,-0.0038778287587638641,0.011625716045108562
4863,0.00079162625394814498,-0.0038650862070016725,0.011604042523120011
4864,0.0007879419776070936,-0.0038523602031122601,0.011582362370494662
4865,0.00078426694968898841,-0.0038396507649224947,0.011560675673451591
4866,0.00078060116096043391,-0.0038269579101775936,0.011538982518178168
4867,0.00077694460217369785,-0.003814281656541128,0.011517282990829693
4868,0.00077329726406675809,-0.0038016220215950185,0.011495577177529021
4869,0.00076965913736335247,-0.0037889790228395476,0.011473865164366239
4870,0.00076603021277302479,-0.0037763526776933517,0.011452147037398257
4871,0.00076241048099117401,-0.0037637430034934312,0.011430422882648486
4872,0.00075879993269910024,-0.0037511500174951394,0.011408692786106428
4873,0.00075519855856405233,-0.0037385737368721876,0.011386956833727311
4874,0.00075160634923927534,-0.0037260141787166454,0.011365215111431739
4875,0.00074802329536406047,-0.0037134713600389538,0.011343467705105335
4876,0.00074444938756379312,-0.0037009452977679277,0.011321714700598407
4877,0.0007408846164499959,-0.0036884360087507391,0.011299956183725493
4878,0.0007373289726203806,-0.0036759435097529396,0.011278192240265075
4879,0.00073378244665889421,-0.0036634678174584535,0.011256422955959175
4880,0.00073024502913576848,-0.0036510089484695966,0.011234648416513037
4881,0.00072671671060756571,-0.0036385669193070647,0.011212868707594721
4882,0.00072319748161722621,-0.0036261417464099432,0.011191083914834735
4883,0.00071968733269411661,-0.0036137334461357074,0.011169294123825691
4884,0.0007161862543540792,-0.0036013420347602416,0.011147499420121965
4885,0.00071269423709948072,-0.0035889675284778459,0.011125699889239339
4886,0.00070921127141925411,-0.0035766099434012188,0.011103895616654572
4887,0.00070573734778895227,-0.0035642692955614843,0.011082086687805097
4888,0.00070227245667079307,-0.0035519456009081921,0.011060273188088646
4889,0.00069881658851370966,-0.0035396388753093314,0.01103845520286291
4890,0.00069536973375339533,-0.0035273491345513301,0.011016632817445152
4891,0.00069193188281235221,-0.0035150763943390603,0.010994806117111844
4892,0.00068850302609994136,-0.003502820670295862,0.010972975187098347
4893,0.00068508315401242712,-0.0034905819779635352,0.010951140112598508
4894,0.00068167225693302707,-0.0034783603328023527,0.010929300978764319
4895,0.00067827032523196009,-0.0034661557501910779,0.010907457870705574
4896,0.00067487734926649327,-0.003453968245426966,0.010885610873489495
4897,0.00067149331938098889,-0.0034417978337257715,0.010863760072140356
4898,0.00066811822590695351,-0.0034296445302217566,0.01084190555163914
4899,0.00066475205916308655,-0.0034175083499677194,0.010820047396923214
4900,0.00066139480945532996,-0.0034053893079350017,0.010798185692885983
4901,0.00065804646707690972,-0.0033932874190134741,0.010776320524376444
4902,0.00065470702230839019,-0.0033812026980115746,0.010754451976198917
4903,0.00065137646541772027,-0.0033691351596563208,0.010732580133112683
4904,0.00064805478666027762,-0.0033570848185932966,0.010710705079831557
4905,0.00064474197627892164,-0.0033450516893866892,0.010688826901023615
4906,0.00064143802450404011,-0.0033330357865193026,0.010666945681310838
4907,0.00063814292155359371,-0.0033210371243925464,0.010645061505268671
4908,0.00063485665763316791,-0.0033090557173264734,0.010623174457425761
4909,0.00063157922293601866,-0.0032970915795597815,0.010601284622263559
4910,0.00062831060764312265,-0.0032851447252498426,0.010579392084216014
4911,0.00062505080192322296,-0.0032732151684727018,0.010557496927669172
4912,0.00062179979593287725,-0.0032613029232230928,0.010535599236960829
4913,0.00061855757981650779,-0.0032494080034144684,0.010513699096380225
4914,0.00061532414370644723,-0.0032375304228790002,0.010491796590167643
4915,0.00061209947772298883,-0.00322567019536761,0.010469891802514114
4916,0.00060888357197442968,-0.0032138273345499579,0.010447984817560969
4917,0.00060567641655712276,-0.0032020018540144888,0.010426075719399575
4918,0.00060247800155552637,-0.0031901937672684432,0.010404164592071004
4919,0.00059928831704224544,-0.003178403087737855,0.010382251519565578
4920,0.00059610735307808621,-0.0031666298287675908,0.010360336585822614
4921,0.00059293509971210278,-0.003154874003621373,0.010338419874730083
4922,0.00058977154698164065,-0.0031431356254817645,0.010316501470124162
4923,0.0005866166849123897,-0.0031314147074502185,0.010294581455788987
4924,0.00058347050351843191,-0.0031197112625470994,0.010272659915456308
4925,0.00058033299280228811,-0.0031080253037116868,0.010250736932805087
4926,0.00057720414275496334,-0.0030963568438021924,0.010228812591461156
4927,0.00057408394335599681,-0.0030847058955957821,0.010206886974996877
4928,0.00057097238457351214,-0.0030730724717886113,0.010184960166930837
4929,0.00056786945636426228,-0.0030614565849958315,0.010163032250727465
4930,0.00056477514867367732,-0.0030498582477516104,0.010141103309796673
4931,0.00056168945143591597,-0.0030382774725091649,0.010119173427493577
4932,0.00055861235457390962,-0.0030267142716407748,0.010097242687118094
4933,0.00055554384799941193,-0.0030151686574377955,0.010075311171914604
4934,0.00055248392161304791,-0.0030036406421107076,0.010053378965071656
4935,0.00054943256530436016,-0.0029921302377891121,0.01003144614972158
4936,0.00054638976895185942,-0.0029806374565217791,0.010009512808940196
4937,0.00054335552242306588,-0.0029691623102766317,0.0099875790257463546
4938,0.00054032981557456782,-0.0029577048109408234,0.0099656448831017801
4939,0.00053731263825205838,-0.0029462649703207097,0.0099437104639105434
4940,0.00053430398029039137,-0.002934842800141908,0.0099217758510188516
4941,0.000531303831513625,-0.0029234383120493026,0.0098998411272146411
4942,0.0005283121817350701,-0.0029120515176070706,0.0098779063752272422
4943,0.00052532902075734164,-0.0029006824282987271,0.0098559716777270965
4944,0.00052235433837240274,-0.0028893310555271304,0.0098340371173253668
4945,0.00051938812436161668,-0.0028779974106145274,0.009812102776573654
4946,0.00051643036849578739,-0.002866681504802542,0.0097901687379635376
4947,0.00051348106053521842,-0.0028553833492522599,0.0097682350839264336
4948,0.00051054019022974979,-0.0028441029550441959,0.0097463018968330511
4949,0.0005076077473188125,-0.0028328403331783622,0.0097243692589932002
4950,0.00050468372153147456,-0.0028215954945742731,0.0097024372526553857
4951,0.00050176810258649061,-0.0028103684500709984,0.0096805059600065455
4952,0.00049886088019234366,-0.0027991592104271439,0.0096585754631715679
4953,0.00049596204404729984,-0.0027879677863209247,0.0096366458442130997
4954,0.00049307158383945669,-0.0027767941883501982,0.0096147171851312229
4955,0.00049018948924678721,-0.0027656384270324662,0.0095927895678630404
4956,0.00048731574993718699,-0.0027545005128049062,0.0095708630742823517
4957,0.00048445035556852301,-0.002743380456024402,0.0095489377861993005
4958,0.00048159329578868537,-0.0027322782669675942,0.0095270137853601389
4959,0.00047874456023563042,-0.0027211939558308912,0.0095050911534468145
4960,0.00047590413853743335,-0.0027101275327305217,0.0094831699720767174
4961,0.00047307202031233206,-0.0026990790077025409,0.0094612503228022737
4962,0.00047024819516877403,-0.0026880483907028656,0.0094393322871106008
4963,0.0004674326527054698,-0.0026770356916073277,0.0094174159464232871
4964,0.00046462538251143044,-0.0026660409202116557,0.009395501382095859
4965,0.00046182637416603017,-0.0026550640862315865,0.009373588675417743
4966,0.00045903561723903961,-0.0026441051993028168,0.00935167790761165
4967,0.00045625310129068363,-0.0026331642689810908,0.0093297691598334502
4968,0.00045347881587168342,-0.0026222413047422067,0.0093078625131717326
4969,0.00045071275052331009,-0.0026113363159820792,0.0092859580486475985
4970,0.00044795489477742726,-0.0026004493120167452,0.0092640558472142105
4971,0.00044520523815653839,-0.0025895803020823957,0.0092421559897564853
4972,0.0004424637701738343,-0.0025787292953354099,0.0092202585570907419
4973,0.00043973048033324713,-0.0025678963008524207,0.0091983636299645191
4974,0.00043700535812949825,-0.0025570813276303596,0.0091764712890562462
4975,0.00043428839304813366,-0.0025462843845864142,0.0091545816149746634
4976,0.00043157957456558388,-0.0025355054805581397,0.0091326946882587627
4977,0.00042887889214920526,-0.0025247446243034546,0.0091108105893773217
4978,0.00042618633525733497,-0.0025140018245007204,0.0090889293987287279
4979,0.00042350189333933172,-0.0025032770897487353,0.0090670511966405229
4980,0.0004208255558356227,-0.0024925704285667749,0.009045176063369062
4981,0.00041815731217775956,-0.0024818818493946696,0.0090233040790993705
4982,0.0004154971517884494,-0.0024712113605927506,0.0090014353239444653
4983,0.00041284506408162765,-0.0024605589704420321,0.0089795698779455754
4984,0.00041020103846247979,-0.0024499246871441008,0.0089577078210712601
4985,0.00040756506432750695,-0.0024393085188212566,0.0089358492332174879
4986,0.00040493713106457452,-0.0024287104735165621,0.0089139941942073357
4987,0.00040231722805293864,-0.0024181305591937552,0.0088921427837902172
4988,0.00039970534466331507,-0.0024075687837374123,0.0088702950816420111
4989,0.0003971014702579146,-0.0023970251549529221,0.0088484511673645027
4990,0.00039450559419050471,-0.0023864996805666033,0.0088266111204853559
4991,0.00039191770580644371,-0.0023759923682256687,0.0088047750204575167
4992,0.00038933779444272652,-0.0023655032254982552,0.0087829429466588522
4993,0.00038676584942804999,-0.0023550322598735705,0.0087611149783922322
4994,0.00038420186008284341,-0.002344579478761836,0.008739291194884832
4995,0.00038164581571931188,-0.0023341448894942996,0.0087174716752877347
4996,0.00037909770564151105,-0.0023237284993234452,0.0086956564986762162
4997,0.00037655751914536945,-0.0023133303154228794,0.0086738457440488827
4998,0.00037402524551872205,-0.002302950344887296,0.008652039490327024
4999,0.00037150087404141431,-0.0022925885947328575,0.0086302378163556036
