sample,taper0,taper1,taper2
0,0.00059039172805319131,0.0036371955243949634,0.013671460737748326
1,0.00060041708690106524,0.0036782619735127591,0.013757666372673781
2,0.00061052077393308367,0.0037195083209842915,0.013843915510605882
3,0.00062070305339456807,0.0037609343876347568,0.013930206197976556
4,0.0006309641890242198,0.0038025399894160861,0.014016536476526327
5,0.00064130444404678327,0.0038443249374005037,0.014102904383352809
6,0.00065172408116566936,0.0038862890377739778,0.01418930795095859
7,0.00066222336255562797,0.0039284320918301354,0.014275745207300541
8,0.00067280254985539701,0.0039707538959641662,0.01436221417583889
9,0.00068346190416034567,0.0040132542416668523,0.014448712875586444
10,0.00069420168601511513,0.0040559329155187163,0.01453523932115805
11,0.00070502215540624649,0.0040987896991842594,0.014621791522820079
12,0.0007159235717548308,0.0041418243694064487,0.014708367486540587
13,0.00072690619390912675,0.0041850366980011842,0.014794965214039136
14,0.00073797028013718234,0.0042284264518519087,0.014881582702836887
15,0.00074911608811946331,0.0042719933929044164,0.014968217946307136
16,0.00076034387494147736,0.0043157372781617688,0.015054868933725983
17,0.00077165389708637835,0.0043596578596792473,0.015141533650322848
18,0.00078304641042758658,0.0044037548845595178,0.015228210077331541
19,0.00079452167022139885,0.0044480280949478999,0.01531489619204135
20,0.00080607993109959729,0.0044924772280277459,0.015401589967848345
21,0.00081772144706205522,0.0045371020160159606,0.015488289374306838
22,0.00082944647146933727,0.004581902186158603,0.015574992377180937
23,0.00084125525703531096,0.00462687746072671,0.015661696938496547
24,0.00085314805581974257,0.004672027557012153,0.015748401016593243
25,0.00086512511922089282,0.004717352187323629,0.01583510256617638
26,0.00087718669796811935,0.0047628510589828327,0.015921799538369478
27,0.00088933304211447669,0.0048085238743207429,0.016008489880766797
28,0.00090156440102930632,0.0048543703306739728,0.01609517153748586
29,0.00091388102339083404,0.0049003901203813162,0.016181842449220336
30,0.00092628315717876606,0.0049465829307804021,0.016268500553293045
31,0.0009387710496668837,0.0049929484442044628,0.016355143783709114
32,0.00095134494741563728,0.0050394863379792532,0.016441770071209276
33,0.00096400509626473759,0.0050861962844200633,0.016528377343323287
34,0.0009767517413257576,0.0051330779508289136,0.016614963524423695
35,0.00098958512697472291,0.0051801309994918424,0.01670152653577954
36,0.0010025054968447057,0.0052273550876762989,0.016788064295610257
37,0.0010155130938184237,0.0052747498676287193,0.016874574719139827
38,0.0010286081600208413,0.0053223149865722266,0.016961055718651072
39,0.0010417909368117622,0.005370050086704407,0.017047505203539967
40,0.001055061664778431,0.0054179548051952716,0.01713392108037021
41,0.0010684205837281368,0.005466028774185323,0.017220301252927946
42,0.0010818679326808154,0.0055142716207837745,0.017306643622276584
43,0.0010954039498616544,0.0055626829670668643,0.017392946086811814
44,0.0011090288726936981,0.0056112624300763249,0.017479206542316654
45,0.0011227429377904628,0.0056600096218180048,0.017565422882016839
46,0.0011365463809485466,0.0057089241492605776,0.017651592996636181
47,0.0011504394371402397,0.0057580056143343994,0.017737714774452067
48,0.0011644223405061491,0.0058072536139305263,0.017823786101351241
49,0.001178495324347815,0.0058566677398998067,0.017909804860885524
50,0.0011926586211203347,0.0059062475790521672,0.01799576893432784
51,0.0012069124624249925,0.0059559927131559946,0.018081676200728279
52,0.0012212570790018889,0.0060059027189376651,0.01816752453697033
53,0.0012356927007225777,0.0060559771680812023,0.01825331181782722
54,0.0012502195565827037,0.0061062156272280619,0.018339035916018397
55,0.0012648378746946466,0.0061566176579770683,0.018424694702266129
56,0.0012795478822801639,0.0062071828168844562,0.018510286045352188
57,0.0012943498056630508,0.0062579106554640817,0.018595807812174781
58,0.0013092438702617924,0.0063088007201877357,0.018681257867805442
59,0.0013242303005822288,0.006359852552485625,0.018766634075546195
60,0.0013393093202102176,0.0064110656887469411,0.018851934296986696
61,0.0013544811518043101,0.0064624396603206102,0.018937156392061585
62,0.001369746017088429,0.0065139739935161541,0.01902229821910793
63,0.0013851041368445525,0.0065656682096046923,0.019107357634922783
64,0.0014005557309054032,0.006617521824820078,0.01919233249482084
65,0.0014161010181471449,0.0066695343503601727,0.019277220652692217
66,0.0014317402164820854,0.0067217052923882453,0.019362019961060333
67,0.0014474735428513822,0.0067740341520345091,0.019446728271139871
68,0.0014633012132177629,0.0068265204253978272,0.019531343432894928
69,0.0014792234425582437,0.0068791636035474956,0.019615863295097159
70,0.0014952404448568641,0.00693196317252522,0.019700285705384141
71,0.001511352433097417,0.0069849186133471792,0.019784608510317707
72,0.0015275596192561977,0.0070380294020062637,0.019868829555442471
73,0.0015438622142947564,0.0070912950094744335,0.01995294668534444
74,0.0015602604281526561,0.0071447149017052104,0.020036957743709689
75,0.0015767544697402433,0.0071982885396363163,0.020120860573383161
76,0.0015933445469314229,0.0072520153791924419,0.020204653016427526
77,0.0016100308665564431,0.0073058948712881521,0.020288332914182163
78,0.0016268136343946908,0.0073599264618309295,0.020371898107322216
79,0.0016436930551674892,0.0074141095917243495,0.020455346435917694
80,0.0016606693325309171,0.0074684436968714121,0.020538675739492768
81,0.0016777426690686226,0.0075229282081779886,0.020621883857085022
82,0.0016949132662846561,0.0075775625515564164,0.020704968627304872
83,0.0017121813245963124,0.0076323461479292322,0.020787927888395046
84,0.0017295470433269801,0.0076872784132330516,0.02087075947829016
85,0.0017470106206989985,0.0077423587584225561,0.020953461234676281
86,0.0017645722538265276,0.0077975865894746327,0.021036030995050647
87,0.0017822321387084325,0.0078529613073926863,0.021118466596781477
88,0.0017999904702211743,0.0079084823082110362,0.021200765877167821
89,0.0018178474421117075,0.0079641489829994881,0.021282926673499455
90,0.0018358032469903967,0.0080199607178680146,0.021364946823116845
91,0.0018538580763239421,0.0080759168939716006,0.02144682416347125
92,0.0018720121204283088,0.0081320168875152147,0.021528556532184794
93,0.0018902655684616822,0.0081882600697589149,0.021610141767110659
94,0.0019086186084174238,0.0082446458070231151,0.021691577706393371
95,0.0019270714271170397,0.0083011734606939468,0.021772862188529033
96,0.001945624210203166,0.0083578423872288071,0.021853993052425715
97,0.0019642771421325674,0.0084146519381620068,0.021934968137463855
98,0.0019830304061691376,0.0084716014601105838,0.022015785283556747
99,0.0020018841843769271,0.0085286902947802369,0.022096442331211021
100,0.0020208386576131762,0.008585917778971424,0.022176937121587279
101,0.0020398940055213633,0.0086432832445855583,0.022257267496560661
102,0.0020590504065242585,0.008700786018631371,0.022337431298781522
103,0.0020783080378170039,0.008758425423231412,0.022417426371736146
104,0.0020976670753602039,0.0088162007756286947,0.02249725055980754
105,0.0021171276938730188,0.0088741113881934432,0.022576901708336167
106,0.0021366900668262885,0.0089321565684300202,0.02265637766368082
107,0.0021563543664356549,0.0089903356189839773,0.022735676273279496
108,0.002176120763654716,0.0090486478376492398,0.022814795385710306
109,0.0021959894281681773,0.0091070925173754331,0.02289373285075242
110,0.0022159605283850318,0.0091656689462753464,0.022972486519447055
111,0.0022360342314317445,0.0092243764076325417,0.023051054244158445
112,0.0022562107031454609,0.0092832141799090995,0.023129433878634954
113,0.0022764901080672265,0.0093421815367534852,0.023207623278070071
114,0.0022968726094352251,0.0094012777470085934,0.023285620299163572
115,0.0023173583691780252,0.009460502074719877,0.023363422800182568
116,0.0023379475479078492,0.009519853779143661,0.023441028641022692
117,0.0023586403049138641,0.009579332114755576,0.023518435683269247
118,0.0023794367981554757,0.0096389363312591302,0.023595641790258373
119,0.0024003371842556478,0.009698665673594422,0.02367264482713826
120,0.0024213416184942389,0.009758519381946976,0.023749442660930358
121,0.0024424502548013494,0.0098184966917567607,0.023826033160590589
122,0.0024636632457506933,0.0098785968337272816,0.023902414197070589
123,0.0024849807425529804,0.0099388190338348514,0.023978583643378914
124,0.002506402895049325,0.0099991625133380134,0.024054539374642362
125,0.0025279298517046612,0.010059626488787049,0.02413027926816717
126,0.0025495617596011885,0.010120210172033675,0.024205801203500292
127,0.0025712987644318243,0.010180912770240856,0.024281103062490681
128,0.002593141010493686,0.010241733485892761,0.024356182729350563
129,0.0026150886406815792,0.010302671516804843,0.024431038090716652
130,0.0026371417964815131,0.010363726056134063,0.024505667035711449
131,0.0026593006179642326,0.010424896292389262,0.02458006745600444
132,0.0026815652437787705,0.010486181409441664,0.024654237245873432
133,0.0027039358111460221,0.010547580586535515,0.024728174302265728
134,0.0027264124558523239,0.01060909299829885,0.024801876524859358
135,0.0027489953122430792,0.01067071781475442,0.024875341816124334
136,0.0027716845132163726,0.010732454201330725,0.02494856808138381
137,0.0027944801902166343,0.010794301318873217,0.025021553228875296
138,0.0028173824732282979,0.010856258323655599,0.025094295169811806
139,0.0028403914907694991,0.010918324367391314,0.025166791818442998
140,0.0028635073698857834,0.010980498597245106,0.025239041092116329
141,0.0028867302361438407,0.011042780155844778,0.025311040911338137
142,0.0029100602136252576,0.011105168181293056,0.025382789199834721
143,0.0029334974249202914,0.011167661807179572,0.025454283884613411
144,0.0029570419911216644,0.011230260162593019,0.025525522896023542
145,0.0029806940318183868,0.011292962372133428,0.025596504167817506
146,0.0030044536650895904,0.011355767555924559,0.025667225637211657
147,0.0030283210074983943,0.011418674829626474,0.025737685244947274
148,0.0030522961740857835,0.011481683304448185,0.025807880935351437
149,0.0030763792783645187,0.011544792087160484,0.025877810656397836
150,0.0031005704323130629,0.011608000280108889,0.025947472359767656
151,0.0031248697463695332,0.011671306981226738,0.026016864000910279
152,0.003149277329425674,0.011734711284048387,0.026085983539104057
153,0.0031737932888208534,0.011798212277722583,0.026154828937516958
154,0.0031984177303360879,0.011861809047025926,0.026223398163267204
155,0.0032231507581880793,0.011925500672376516,0.026291689187483879
156,0.0032479924750232836,0.011989286229847674,0.026359699985367389
157,0.0032729429819120088,0.012053164791181854,0.026427428536250044
158,0.00329800237834252,0.012117135423804649,0.026494872823656385
159,0.0033231707622151841,0.01218119719083894,0.026562030835363598
160,0.0033484482298366362,0.0122453491511192,0.026628900563461847
161,0.0033738348759139625,0.012309590359205895,0.026695480004414466
162,0.0033993307935489174,0.012373919865400028,0.0267617671591182
163,0.0034249360742321538,0.01243833671575784,0.026827760032963263
164,0.0034506508078374965,0.012502839952105608,0.02689345663589348
165,0.0034764750826162217,0.012567428612054588,0.026958854982466179
166,0.0035024089851913762,0.012632101729016104,0.0270239530919122
167,0.0035284526005521155,0.012696858332216754,0.027088748988195709
168,0.0035546060120480636,0.012761697446713729,0.027153240700073949
169,0.0035808693013837148,0.012826618093410305,0.027217426261156998
170,0.0036072425486128367,0.012891619289071428,0.027281303709967331
171,0.0036337258321329259,0.012956700046339439,0.027344871089999404
172,0.0036603192286796698,0.013021859373749943,0.027408126449779122
173,0.0036870228133214474,0.013087096275747796,0.027471067842923191
174,0.0037138366594538551,0.013152409752703223,0.027533693328198466
175,0.0037407608387942507,0.013217798800928052,0.027596000969581126
176,0.003767795421376337,0.013283262412692112,0.027657988836315824
177,0.0037949404755447638,0.013348799576239715,0.027719655002974703
178,0.0038221960679497573,0.013414409275806286,0.027780997549516344
179,0.0038495622635417882,0.013480090491635139,0.027842014561344643
180,0.0038770391255662524,0.013545842199994353,0.027902704129367534
181,0.0039046267155581939,0.013611663373193784,0.027963064350055682
182,0.003932325093337046,0.01367755297960223,0.028023093325501021
183,0.0039601343170014049,0.013743509983664668,0.028082789163475227
184,0.0039880544429238282,0.013809533345919646,0.028142149977488071
185,0.0040160855257456718,0.013875622023016834,0.028201173886845687
186,0.0040442276183719431,0.013941774967734643,0.028259859016708699
187,0.0040724807719661905,0.014007991128998002,0.028318203498150289
188,0.0041008450359454217,0.014074269451896264,0.028376205468214108
189,0.004129320457975056,0.01414060887770122,0.028433863069972119
190,0.0041579070839638911,0.014207008343885233,0.028491174452582296
191,0.0041866049580591182,0.01427346678413953,0.028548137771346217
192,0.0042154141226413509,0.014339983128392571,0.028604751187766533
193,0.0042443346183196964,0.014406556302828581,0.028661012869604319
194,0.0042733664839268515,0.014473185229906182,0.028716920990936347
195,0.0043025097565142266,0.014539868828377161,0.028772473732212173
196,0.0043317644713471099,0.014606606013305348,0.028827669280311156
197,0.0043611306618998504,0.014673395696085629,0.028882505828599279
198,0.0043906083598510819,0.014740236784463068,0.028936981576985949
199,0.0044201975950789642,0.014807128182552157,0.028991094731980561
200,0.0044498983956564745,0.014874068790856178,0.029044843506748984
201,0.0044797107878467163,0.014941057506286709,0.02909822612116993
202,0.004509634796098263,0.015008093222183225,0.029151240801891139
203,0.0045396704430405357,0.015075174828332819,0.029203885782385468
204,0.0045698177494792177,0.015142301210990076,0.02925615930300686
205,0.0046000767343916827,0.015209471252897018,0.029308059611046076
206,0.0046304474149224742,0.0152766838333032,0.029359584960786406
207,0.0046609298063788086,0.015343937827985911,0.029410733613559163
208,0.004691523922226117,0.015411232109270506,0.029461503837799056
209,0.0047222297740836059,0.015478565546050824,0.02951189390909939
210,0.0047530473717198709,0.015545937003809771,0.029561902110267175
211,0.0047839767230485252,0.015613345344639987,0.029611526731378037
212,0.0048150178341238711,0.015680789427264617,0.029660766069830969
213,0.0048461707091366013,0.01574826810705824,0.029709618430402995
214,0.0048774353504095359,0.015815780236067875,0.029758082125303557
215,0.0049088117583933888,0.015883324663034114,0.02980615547422889
216,0.0049402999316625739,0.01595090023341238,0.029853836804416129
217,0.0049718998669110439,0.016018505789394285,0.0299011244506973
218,0.0050036115589481541,0.016086140169929125,0.029948016755553163
219,0.0050354350006945759,0.016153802210745433,0.029994512069166854
220,0.0050673701831782294,0.016221490744372725,0.030040608749477365
221,0.005099417095530261,0.016289204600163278,0.030086305162232908
222,0.0051315757249810511,0.016356942604314077,0.030131599681044015
223,0.005163846056856259,0.016424703579888841,0.030176490687436577
224,0.0051962280745728971,0.016492486346840186,0.030220976570904608
225,0.0052287217596354513,0.016560289722031871,0.030265055728962938
226,0.0052613270916320228,0.01662811251926118,0.030308726567199615
227,0.0052940440482305154,0.016695953549281384,0.030351987499328225
228,0.0053268726051748554,0.016763811619824338,0.030394836947239996
229,0.005359812736281242,0.016831685535623173,0.030437273341055709
230,0.0053928644134344497,0.016899574098435108,0.030479295119177449
231,0.0054260276065841422,0.01696747610706436,0.030520900728340166
232,0.0054593022837412415,0.01703539035738514,0.030562088623663015
233,0.00549268841097433,0.017103315642364805,0.030602857268700576
234,0.0055261859524060762,0.017171250752087083,0.030643205135493821
235,0.005559794870209721,0.017239194473775407,0.030683130704620944
236,0.0055935151246055735,0.017307145591816349,0.030722632465247944
237,0.0056273466738575627,0.017375102887783166,0.030761708915179049
238,0.0056612894742698238,0.017443065140459464,0.030800358560906953
239,0.0056953434801833075,0.017511031125862959,0.030838579917662805
240,0.0057295086439724434,0.017578999617269293,0.030876371509466063
241,0.005763784916041831,0.017646969385236033,0.030913731869174087
242,0.0057981722448229725,0.017714939197626692,0.030950659538531558
243,0.0058326705767710414,0.017782907819634937,0.030987153068219739
244,0.005867279856361692,0.017850874013808835,0.03102321101790545
245,0.0059020000260878985,0.01791883654007519,0.031058831956289838
246,0.005936831026456842,0.017986794155764058,0.031094014461157064
247,0.0059717727959868235,0.018054745615633253,0.031128757119422583
248,0.0060068252712042339,0.018122689671893052,0.031163058527181372
249,0.0060419883866405441,0.018190625074230929,0.031196917289755863
250,0.006077262074829338,0.018258550569836423,0.031230332021743721
251,0.0061126462663033936,0.018326464903426098,0.031263301347065335
252,0.0061481408895917924,0.018394366817268595,0.031295823899011151
253,0.0061837458712170716,0.018462255051209756,0.031327898320288733
254,0.0062194611356924121,0.018530128342697887,0.031359523263069643
255,0.0062552866055188691,0.018597985426809086,0.031390697389036076
256,0.0062912222011826478,0.01866582503627269,0.031421419369427286
257,0.0063272678411524005,0.01873364590149678,0.031451687885085781
258,0.0063634234418765865,0.018801446750593805,0.031481501626503289
259,0.0063996889177808441,0.018869226309406312,0.031510859293866482
260,0.0064360641812654306,0.018936983301532716,0.031539759597102472
261,0.0064725491427026858,0.01900471644835322,0.031568201255924112
262,0.0065091437104345369,0.019072424469055799,0.031596182999875023
263,0.0065458477907700463,0.019140106080662262,0.031623703568374392
264,0.006582661287982996,0.019207759998054422,0.031650761710761553
265,0.006619584104309518,0.019275384934000359,0.031677356186340287
266,0.0066566161399457605,0.019342979599180753,0.031703485764422959
267,0.0066937572930456006,0.019410542702215334,0.031729149224374323
268,0.0067310074597183795,0.019478072949689364,0.031754345355655147
269,0.0067683665340267062,0.019545569046180274,0.031779072957865563
270,0.0068058344079842837,0.019613029694284342,0.031803330840788221
271,0.0068434109715537735,0.019680453594643467,0.031827117824431116
272,0.0068810961126447127,0.01974783944597203,0.03185043273907022
273,0.006918889717111471,0.019815185945083854,0.031873274425291864
274,0.0069567916687512388,0.019882491786919212,0.031895641734034842
275,0.0069948018493020646,0.019949755664571953,0.031917533526632312
276,0.0070329201384409304,0.020016976269316679,0.031938948674853355
277,0.0070711464137818789,0.020084152290636044,0.031959886060944374
278,0.0071094805508741601,0.020151282416248095,0.031980344577670204
279,0.0071479224232004496,0.020218365332133715,0.032000323128354921
280,0.0071864719021750767,0.020285399722564129,0.032019820626922435
281,0.0072251288571423215,0.020352384270128518,0.032038835997936832
282,0.0072638931553747395,0.020419317655761698,0.032057368176642419
283,0.0073027646620715293,0.020486198558771828,0.03207541610900351
284,0.0073417432403569483,0.020553025656868309,0.032092978751743974
285,0.0073808287512787691,0.02061979762618962,0.032110055072386498
286,0.007420021053806773,0.020686513141331343,0.032126644049291574
287,0.0074593200048312866,0.020753170875374219,0.03214274467169622
288,0.0074987254591617689,0.020819769499912256,0.032158355939752456
289,0.0075382372695254373,0.020886307685080957,0.032173476864565488
290,0.0075778552865659338,0.020952784099585595,0.032188106468231586
291,0.0076175793588420309,0.021019197410729558,0.032202243783875782
292,0.0076574093328264006,0.021085546284442779,0.032215887855689185
293,0.0076973450529043887,0.021151829385310222,0.03222903773896605
294,0.0077373863613728697,0.021218045376600447,0.032241692500140633
295,0.0077775330984391246,0.021284192920294268,0.032253851216823698
296,0.0078177851022197733,0.021350270677113429,0.032265512977838744
297,0.0078581422087397393,0.021416277306549387,0.032276676883257985
298,0.0078986042519312571,0.021482211466892168,0.032287342044438054
299,0.0079391710636329462,0.021548071815259244,0.032297507584055321
300,0.0079798424735888912,0.02161385700762454,0.032307172636141093
301,0.0080206183094478026,0.021679565698847443,0.032316336346116394
302,0.0080614983967621946,0.021745196542701937,0.032324997870826475
303,0.008102482558987616,0.021810748191905746,0.03233315637857509
304,0.0081435706174819399,0.021876219298149601,0.032340811049158452
305,0.0081847623915046654,0.021941608512126492,0.032347961073898895
306,0.0082260576982162974,0.022006914483561062,0.032354605655678187
307,0.0082674563526777371,0.022072135861239003,0.032360744008970675
308,0.0083089581678497497,0.022137271293036553,0.032366375359876035
309,0.0083505629545924647,0.022202319425950034,0.032371498946151746
310,0.0083922705216648921,0.022267278906125447,0.032376114017245265
311,0.0084340806757245354,0.022332148378888139,0.03238021983432595
312,0.0084759932213270047,0.022396926488772517,0.03238381567031659
313,0.0085180079609256977,0.022461611879551806,0.032386900809924728
314,0.008560124694871515,0.022526203194267902,0.032389474549673614
315,0.0086023432214126349,0.022590699075261247,0.032391536197932898
316,0.0086446633366942995,0.02265509816420077,0.032393085074949007
317,0.0086870848347586956,0.022719399102113895,0.032394120512875192
318,0.0087296075075448346,0.022783600529416581,0.032394641855801293
319,0.0087722311448885076,0.022847701085943417,0.032394648459783203
320,0.0088149555345222626,0.022911699410977798,0.032394139692871977
321,0.0088577804620754465,0.02297559414328211,0.0323931149351427
322,0.0089007057110742777,0.023039383921127986,0.032391573578723
323,0.008943731062941971,0.023103067382326613,0.032389515027821197
324,0.0089868562969989182,0.023166643164259124,0.032386938698754281
325,0.0090300811904628787,0.023230109903906941,0.032383844019975468
326,0.0090734055184492658,0.023293466237882268,0.032380230432101413
327,0.0091168290539714314,0.023356710802458585,0.032376097387939222
328,0.0091603515679410333,0.023419842233601183,0.03237144435251306
329,0.0092039728291684175,0.023482859166997761,0.032366270803090451
330,0.0092476926043630683,0.023545760238089047,0.032360576229208293
331,0.0092915106581340865,0.023608544082099486,0.032354360132698497
332,0.0093354267529907366,0.02367120933406798,0.03234762202771338
333,0.0093794406493430162,0.023733754628878626,0.032340361440750649
334,0.0094235521055022753,0.023796178601291528,0.032332577910678152
335,0.0094677608776818998,0.023858479885973637,0.032324270988758209
336,0.0095120667199980191,0.023920657117529665,0.032315440238671722
337,0.0095564693844702678,0.023982708930532979,0.032306085236541861
338,0.0096009686210225941,0.024044633959556583,0.032296205570957491
339,0.0096455641774841235,0.0241064308392041,0.032285800842996239
340,0.0096902557995900401,0.024168098204140846,0.032274870666247228
341,0.0097350432309825426,0.024229634689124889,0.032263414666833509
342,0.0097799262132118418,0.024291038929038118,0.032251432483434143
343,0.0098249044857371837,0.024352309558917467,0.032238923767305951
344,0.0098699777859279549,0.024413445213986047,0.032225888182304936
345,0.0099151458490647857,0.02447444452968434,0.032212325404907392
346,0.0099604084083407436,0.024535306141701491,0.032198235124230604
347,0.01000576519486256,0.024596028686006556,0.032183617042053331
348,0.010051215937651889,0.024656610798879808,0.032168470872835857
349,0.010096760363646623,0.024717051116944094,0.032152796343739735
350,0.010142398197702254,0.024777348277196166,0.032136593194647227
351,0.010188129162593292,0.024837500917038107,0.032119861178180331
352,0.010233952979014704,0.02489750767430875,0.03210260005971953
353,0.010279869365583423,0.024957367187315099,0.032084809617422223
354,0.010325878038839888,0.02501707809486382,0.032066489642240709
355,0.010371978713249652,0.025076639036292765,0.032047639937939965
356,0.010418171101205001,0.02513604865150245,0.032028260321114964
357,0.010464454913026664,0.025195305580987638,0.032008350621207757
358,0.01051082985696552,0.025254408465868905,0.03198791068052409
359,0.01055729563920439,0.025313355947924207,0.031966940354249788
360,0.010603851963859866,0.02537214666962051,0.031945439510466744
361,0.010650498532984177,0.025430779274145436,0.031923408030168569
362,0.010697235046567114,0.025489252405438902,0.031900845807275854
363,0.010744061202537984,0.02554756470822479,0.031877752748651213
364,0.010790976696767634,0.025605714828042657,0.031854128774113796
365,0.010837981223070503,0.025663701411279403,0.031829973816453618
366,0.010885074473206718,0.025721523105201032,0.031805287821445413
367,0.010932256136884264,0.025779178557984367,0.031780070747862238
368,0.010979525901761168,0.025836666418748828,0.031754322567488696
369,0.011026883453447746,0.025893985337588177,0.031728043265133725
370,0.011074328475508904,0.025951133965602287,0.031701232838643179
371,0.011121860649466457,0.026008110954928981,0.031673891298911974
372,0.011169479654801525,0.0260649149587758,0.031646018669895859
373,0.011217185168956971,0.026121544631451825,0.031617614988622894
374,0.011264976867339864,0.026177998628399507,0.031588680305204543
375,0.011312854423324003,0.026234275606226494,0.031559214682846407
376,0.011360817508252507,0.026290374222737476,0.031529218197858644
377,0.01140886579144041,0.026346293136966025,0.031498690939665966
378,0.011456998940177331,0.026402031009206461,0.031467633010817307
379,0.011505216619730188,0.026457586501045714,0.031436044526995194
380,0.01155351849334596,0.026512958275395189,0.031403925617024701
381,0.011601904222254475,0.02656814499652262,0.031371276422881997
382,0.011650373465671274,0.026623145330083982,0.031338097099702665
383,0.011698925880800503,0.026677957943155313,0.031304387815789564
384,0.011747561122837841,0.026732581504264632,0.031270148752620346
385,0.011796278844973522,0.026787014683423791,0.031235380104854646
386,0.011845078698395338,0.026841256152160372,0.031200082080340887
387,0.011893960332291743,0.026895304583549561,0.031164254900122753
388,0.011942923393854972,0.026949158652246015,0.031127898798445262
389,0.011991967528284221,0.027002817034515746,0.031091014022760488
390,0.012041092378788866,0.027056278408267961,0.031053600833732965
391,0.012090297586591718,0.027109541453086961,0.031015659505244632
392,0.012139582790932369,0.027162604850263991,0.030977190324399571
393,0.012188947629070525,0.027215467282829059,0.030938193591528183
394,0.012238391736289427,0.027268127435582854,0.030898669620191208
395,0.012287914745899289,0.027320583995128513,0.030858618737183211
396,0.012337516289240813,0.027372835649903497,0.030818041282535815
397,0.012387195995688745,0.027424881090211396,0.030776937609520504
398,0.012436953492655431,0.027476719008253724,0.030735308084651108
399,0.012486788405594484,0.027528348098161765,0.030693153087685908
400,0.012536700358004469,0.027579767056028326,0.030650473011629344
401,0.012586688971432608,0.027630974579939509,0.030607268262733411
402,0.01263675386547859,0.027681969370006491,0.030563539260498648
403,0.012686894657798367,0.027732750128397265,0.030519286437674795
404,0.012737110964108038,0.02778331555936837,0.03047451024026105
405,0.012787402398187753,0.027833664369296629,0.03042921112750599
406,0.012837768571885684,0.027883795266710823,0.030383389571907102
407,0.012888209095122026,0.027933706962323387,0.03033704605920997
408,0.012938723575893049,0.027983398169062059,0.030290181088407083
409,0.012989311620275201,0.028032867602101556,0.030242795171736246
410,0.013039972832429246,0.028082113978895186,0.030194888834678694
411,0.013090706814604447,0.028131136019206408,0.030146462615956781
412,0.013141513167142805,0.028179932445140471,0.030097517067531304
413,0.013192391488483361,0.028228501981175956,0.0300480527545985
414,0.013243341375166494,0.028276843354196304,0.029998070255586623
415,0.013294362421838306,0.028324955293521328,0.029947570162152225
416,0.013345454221255043,0.028372836530938722,0.029896553079175981
417,0.01339661636428755,0.028420485800735491,0.029845019624758194
418,0.013447848439925775,0.028467901839729384,0.029792970430213925
419,0.013499150035283337,0.028515083387300341,0.029740406140067725
420,0.013550520735602116,0.02856202918542183,0.02968732741204818
421,0.013601960124256893,0.028608737978692178,0.029633734917081763
422,0.013653467782760048,0.028655208514365954,0.029579629339286557
423,0.0137050432907663,0.028701439542385205,0.029525011375965544
424,0.013756686226077465,0.028747429815410706,0.029469881737599502
425,0.013808396164647289,0.028793178088853229,0.029414241147839585
426,0.013860172680586333,0.028838683120904682,0.029358090343499493
427,0.013912015346166866,0.02888394367256928,0.029301430074547288
428,0.013963923731827831,0.028928958507694679,0.029244261104096843
429,0.014015897406179856,0.028973726393003042,0.029186584208398918
430,0.014067935936010297,0.029018246098122091,0.02912840017683185
431,0.014120038886288322,0.029062516395616095,0.029069709811891907
432,0.014172205820170057,0.029106536061016878,0.02901051392918327
433,0.014224436299003766,0.029150303872854715,0.028950813357407602
434,0.014276729882335089,0.029193818612689246,0.028890608938353327
435,0.014329086127912295,0.029237079065140312,0.028829901526884454
436,0.014381504591691591,0.029280084017918751,0.028768691990929091
437,0.014433984827842514,0.029322832261857203,0.028706981211467589
438,0.014486526388753288,0.029365322590940761,0.028644770082520265
439,0.014539128825036322,0.029407553802337737,0.028582059511134843
440,0.014591791685533661,0.029449524696430199,0.028518850417373429
441,0.014644514517322533,0.029491234076844626,0.028455143734299217
442,0.014697296865720928,0.029532680750482418,0.02839094040796275
443,0.014750138274293223,0.029573863527550388,0.02832624139738784
444,0.014803038284855836,0.029614781221591197,0.028261047674557151
445,0.014855996437482959,0.029655432649513768,0.028195360224397358
446,0.014909012270512282,0.029695816631623635,0.028129180044764009
447,0.014962085320550825,0.029735931991653176,0.028062508146425937
448,0.015015215122480731,0.029775777556791908,0.027995345553049368
449,0.015068401209465178,0.029815352157716662,0.027927693301181652
450,0.015121643112954299,0.029854654628621705,0.027859552440234612
451,0.015174940362691163,0.029893683807248814,0.027790924032467548
452,0.015228292486717756,0.029932438534917328,0.027721809152969849
453,0.015281699011381057,0.029970917656554089,0.02765220888964327
454,0.015335159461339135,0.030009120020723364,0.027582124343183821
455,0.015388673359567282,0.030047044479656698,0.027511556627063317
456,0.0154422402273642,0.030084689889282718,0.027440506867510522
457,0.015495859584358208,0.030122055109256838,0.027368976203491973
458,0.015549530948513541,0.030159139002990974,0.027296965786692419
459,0.015603253836136638,0.030195940437683137,0.027224476781494918
460,0.015657027761882474,0.030232458284346987,0.027151510364960513
461,0.015710852238761012,0.030268691417841331,0.027078067726807632
462,0.015764726778143567,0.030304638716899552,0.027004150069391056
463,0.015818650889769335,0.030340299064158954,0.02692975860768055
464,0.015872624081751874,0.03037567134619008,0.026854894569239143
465,0.015926645860585713,0.030410754453525955,0.026779559194201042
466,0.015980715731152898,0.030445547280691206,0.026703753735249185
467,0.016034833196729662,0.030480048726231217,0.026627479457592411
468,0.016088997758993126,0.030514257692741124,0.026550737638942307
469,0.016143208918027986,0.030548173086894809,0.02647352956948967
470,0.016197466172333315,0.030581793819473745,0.026395856551880634
471,0.016251769018829347,0.030615118805395865,0.026317719901192416
472,0.016306116952864335,0.030648146963744266,0.026239120944908718
473,0.016360509468221419,0.030680877217795929,0.026160061022894764
474,0.016414946057125599,0.030713308495050308,0.026080541487371989
475,0.016469426210250659,0.030745439727257858,0.02600056370289236
476,0.016523949416726216,0.030777269850448499,0.025920129046312371
477,0.016578515164144748,0.030808797804960007,0.025839238906766645
478,0.016633122938568678,0.030840022535466291,0.0257578946856412
479,0.016687772224537527,0.030870942991005658,0.025676097796546362
480,0.016742462505075065,0.030901558125008929,0.025593849665289325
481,0.016797193261696524,0.030931866895327526,0.025511151729846356
482,0.016851963974415872,0.030961868264261498,0.025428005440334647
483,0.016906774121753062,0.030991561198587373,0.025344412258983814
484,0.016961623180741396,0.031020944669586058,0.025260373660107048
485,0.017016510626934867,0.031050017653070534,0.025175891130071921
486,0.017071435934415586,0.031078779129413543,0.025090966167270849
487,0.01712639857580122,0.0311072280835752,0.025005600282091176
488,0.017181398022252454,0.031135363505130447,0.024919794996884938
489,0.017236433743480561,0.031163184388296516,0.024833551845938256
490,0.017291505207754933,0.03119068973196024,0.024746872375440435
491,0.017346611881910685,0.031217878539705306,0.024659758143452636
492,0.017401753231356287,0.031244749819839393,0.024572210719876267
493,0.017456928720081262,0.031271302585421282,0.024484231686421006
494,0.017512137810663884,0.031297535854287795,0.024395822636572483
495,0.017567379964278942,0.031323448649080717,0.024306985175559615
496,0.017622654640705511,0.031349039997273606,0.024217720920321595
497,0.017677961298334807,0.031374308931198469,0.024128031499474553
498,0.017733299394178031,0.031399254488072424,0.02403791855327787
499,0.017788668383874294,0.03142387571002421,0.023947383733600159
500,0.017844067721698522,0.031448171644120615,0.023856428703884883
501,0.017899496860569467,0.031472141342392825,0.023765055139115643
502,0.017954955252057706,0.031495783861862699,0.02367326472578116
503,0.01801044234639369,0.031519098264568869,0.023581059161839873
504,0.01806595759247584,0.031542083617592837,0.023488440156684248
505,0.018121500437878666,0.031564738993084915,0.0233954094311047
506,0.018177070328860928,0.031587063468290107,0.023301968717253225
507,0.018232666710373827,0.03160905612557386,0.023208119758606666
508,0.018288289026069243,0.031630716052447709,0.023113864309929677
509,0.018343936718308012,0.031652042341594896,0.023019204137237341
510,0.018399609228168207,0.031673034090895773,0.022924141017757433
511,0.018455305995453489,0.031693690403453205,0.022828676739892393
512,0.01851102645870149,0.031714010387617834,0.022732813103180965
513,0.018566770055192212,0.031733993157013217,0.022636551918259459
514,0.018622536220956477,0.031753637830560892,0.022539895006822762
515,0.018678324390784401,0.031772943532505329,0.022442844201584961
516,0.018734133998233919,0.031791909392438783,0.022345401346239659
517,0.018789964475639315,0.031810534545326036,0.022247568295419989
518,0.018845815254119835,0.031828818131529032,0.02214934691465827
519,0.018901685763588274,0.031846759296831388,0.022050739080345362
520,0.018957575432759648,0.03186435719246284,0.021951746679689708
521,0.019013483689159869,0.031881610975123563,0.021852371610676012
522,0.019069409959134476,0.031898519807008342,0.021752615782023657
523,0.019125353667857375,0.031915082855830675,0.021652481113144755
524,0.019181314239339629,0.031931299294846796,0.021551969534101909
525,0.019237291096438285,0.031947168302879483,0.021451082985565639
526,0.019293283660865218,0.031962689064341895,0.021349823418771525
527,0.019349291353196026,0.031977860769261138,0.021248192795476992
528,0.019405313592878941,0.031992682613301897,0.021146193087917833
529,0.019461349798243769,0.032007153797789775,0.021043826278764347
530,0.019517399386510908,0.032021273529734627,0.020941094361077248
531,0.019573461773800333,0.032035041021853776,0.020837999338263212
532,0.019629536375140651,0.032048455492595052,0.020734543224030129
533,0.019685622604478176,0.032061516166159786,0.020630728042342041
534,0.019741719874686054,0.03207422227252564,0.0205265558273738
535,0.019797827597573401,0.032086573047469327,0.020422028623465392
536,0.01985394518389447,0.03209856773258922,0.020317148485075952
537,0.019910072043357856,0.032110205575327837,0.020211917476737513
538,0.019966207584635749,0.032121485828994226,0.020106337673008418
539,0.020022351215373178,0.032132407752786189,0.020000411158426441
540,0.020078502342197317,0.032142970611812434,0.019894140027461621
541,0.020134660370726823,0.032153173677114545,0.019787526384468776
542,0.02019082470558118,0.032163016225688894,0.019680572343639739
543,0.020246994750390091,0.032172497540508396,0.019573280028955295
544,0.020303169907802929,0.032181616910544129,0.019465651574136801
545,0.020359349579498101,0.032190373630786855,0.019357689122597541
546,0.020415533166192622,0.032198767002268411,0.019249394827393799
547,0.020471720067651564,0.032206796332082961,0.019140770851175586
548,0.020527909682697604,0.032214460933408129,0.019031819366137129
549,0.020584101409220592,0.032221760125526022,0.018922542553967057
550,0.020640294644187145,0.032228693233844079,0.018812942605798293
551,0.020696488783650265,0.032235259589915841,0.018703021722157653
552,0.020752683222758989,0.032241458531461598,0.018592782112915204
553,0.020808877355768082,0.032247289402388843,0.01848222599723327
554,0.020865070576047716,0.03225275155281266,0.018371355603515216
555,0.020921262276093224,0.032257844339075935,0.018260173169353921
556,0.020977451847534873,0.03226256712376948,0.018148680941479978
557,0.0210336386811476,0.032266919275751996,0.018036881175709618
558,0.021089822166860915,0.032270900170169925,0.017924776136892358
559,0.021146001693768662,0.032274509188477116,0.017812368098858375
560,0.021202176650138922,0.032277745718454452,0.017699659344365584
561,0.021258346423423915,0.032280609154229221,0.017586652165046492
562,0.02131451040026993,0.032283098896294472,0.017473348861354734
563,0.021370667966527243,0.03228521435152816,0.017359751742511358
564,0.02142681850726012,0.032286954933212188,0.017245863126450853
565,0.021482961406756804,0.032288320061051291,0.017131685339766878
566,0.021539096048539558,0.032289309161191812,0.017017220717657756
567,0.021595221815374693,0.032289921666240291,0.016902471603871705
568,0.021651338089282657,0.032290157015281977,0.016787440350651769
569,0.021707444251548146,0.032290014653899149,0.016672129318680534
570,0.021763539682730215,0.032289494034189355,0.016556540877024555
571,0.021819623762672428,0.032288594614783436,0.016440677403078544
572,0.021875695870513068,0.032287315860863475,0.016324541282509271
573,0.021931755384695276,0.032285657244180567,0.01620813490919925
574,0.021987801682977343,0.032283618243072465,0.016091460685190146
575,0.022043834142442896,0.032281198342481103,0.015974521020625913
576,0.022099852139511197,0.032278397033969883,0.015857318333695726
577,0.022155855049947461,0.032275213815741007,0.015739855050576648
578,0.022211842248873126,0.032271648192652422,0.015622133605375999
579,0.022267813110776219,0.032267699676234829,0.015504156440073576
580,0.022323767009521722,0.032263367784708438,0.015385926004463526
581,0.022379703318361935,0.03225865204299961,0.015267444756096054
582,0.02243562140994692,0.032253551982757325,0.01514871516021884
583,0.02249152065633488,0.032248067142369573,0.015029739689718255
584,0.022547400429002669,0.032242197066979492,0.014910520825060289
585,0.022603260098856201,0.032235941308501478,0.014791061054231286
586,0.022659099036241005,0.032229299425637056,0.014671362872678432
587,0.022714916610952693,0.032222270983890612,0.014551428783249993
588,0.022770712192247518,0.032214855555585079,0.014431261296135344
589,0.022826485148852937,0.03220705271987731,0.014310862928804758
590,0.02288223484897817,0.03219886206277342,0.014190236205948949
591,0.022937960660324802,0.032190283177143966,0.014069383659418426
592,0.022993661950097406,0.032181315662738894,0.013948307828162572
593,0.023049338085014186,0.032171959126202465,0.013827011258168547
594,0.023104988431317607,0.03216221318108789,0.013705496502399932
595,0.023160612354785094,0.032152077447871949,0.013583766120735171
596,0.023216209220739747,0.03214155155396934,0.013461822679905797
597,0.023271778394060999,0.032130635133746942,0.013339668753434415
598,0.023327319239195385,0.032119327828537915,0.013217306921572509
599,0.023382831120167317,0.032107629286655635,0.013094739771237996
600,0.023438313400589782,0.032095539163407481,0.012971969895952593
601,0.023493765443675201,0.032083057121108448,0.012848999895778949
602,0.023549186612246194,0.032070182829094636,0.012725832377257603
603,0.023604576268746413,0.032056915963736575,0.012602469953343706
604,0.023659933775251385,0.032043256208452373,0.012478915243343538
605,0.023715258493479364,0.032029203253720738,0.012355170872850839
606,0.023770549784802211,0.032014756797093827,0.012231239473682921
607,0.023825807010256279,0.031999916543209918,0.012107123683816595
608,0.023881029530553325,0.031984682203805966,0.011982826147323872
609,0.023936216706091418,0.031969053497729966,0.011858349514307504
610,0.0239913678969659,0.031953030150953188,0.011733696440836293
611,0.024046482462980315,0.031936611896582215,0.011608869588880239
612,0.024101559763657417,0.031919798474870857,0.011483871626245465
613,0.024156599158250108,0.031902589633231886,0.011358705226508978
614,0.024211600005752475,0.031884985126248599,0.011233373068953223
615,0.024266561664910789,0.031866984715686289,0.011107877838500469
616,0.024321483494234537,0.031848588170503428,0.010982222225646994
617,0.024376364852007469,0.031829795266862838,0.010856408926397089
618,0.024431205096298658,0.03181060578814255,0.010730440642196882
619,0.024486003584973545,0.031791019524946666,0.010604320079867996
620,0.024540759675705074,0.031771036275115891,0.010478049951541014
621,0.024595472725984741,0.031750655843738006,0.010351632974588765
622,0.02465014209313373,0.031729878043158161,0.01022507187155945
623,0.024704767134314052,0.031708702692989019,0.010098369370109593
624,0.024759347206539644,0.031687129620120665,0.0099715282029368048
625,0.024813881666687545,0.031665158658730416,0.0098445511077124015
626,0.024868369871509061,0.03164278965029247,0.0097174408270138471
627,0.024922811177640898,0.031620022443587324,0.009590200108257025
628,0.024977204941616413,0.031596856894711138,0.0094628317036283532
629,0.025031550519876752,0.03157329286708481,0.0093353383700167363
630,0.025085847268782092,0.031549330231462967,0.0092077228689453634
631,0.025140094544622838,0.031524968865942762,0.0090799879665033438
632,0.025194291703630883,0.031500208655972514,0.0089521364332771775
633,0.025248438101990796,0.031475049494360155,0.0088241710442820941
634,0.025302533095851117,0.031449491281281564,0.0086960945788932247
635,0.025356576041335618,0.031423533924288684,0.0085679098207766223
636,0.025410566294554539,0.031397177338317449,0.0084396195578201449
637,0.025464503211615887,0.031370421445695809,0.0083112265820641882
638,0.025518386148636725,0.031343266176150845,0.0081827336896322673
639,0.025572214461754453,0.031315711466816686,0.0080541436806614644
640,0.025625987507138147,0.031287757262241679,0.0079254593592327279
641,0.025679704640999838,0.03125940351439551,0.0077966835333010496
642,0.025733365219605859,0.031230650182676102,0.0076678190146254868
643,0.025786968599288168,0.031201497233916478,0.0075388686186990614
644,0.025840514136455675,0.03117194464239131,0.007409835164678513
645,0.025894001187605604,0.031141992389823396,0.007280721475313944
646,0.025947429109334848,0.03111164046538992,0.0071515303768783138
647,0.026000797258351291,0.031080888865728545,0.0070222646990968154
648,0.026054104991485229,0.031049737594943359,0.0068929272750761278
649,0.026107351665700718,0.03101818666461063,0.006763520941233548
650,0.02616053663810694,0.03098623609378439,0.0066340485372259929
651,0.026213659265969608,0.030953885909001843,0.0065045129058788898
652,0.026266718906722351,0.030921136144288628,0.0063749168931149505
653,0.026319714917978108,0.030887986841163888,0.0062452633478828198
654,0.026372646657540542,0.030854438048645148,0.0061155551220856297
655,0.026425513483415437,0.030820489823253062,0.0059857950705094233
656,0.026478314753822098,0.030786142229015958,0.0058559860507514791
657,0.026531049827204792,0.03075139533747424,0.0057261309231485319
658,0.026583718062244147,0.030716249227684574,0.0055962325507048745
659,0.026636318817868588,0.030680703986223908,0.0054662937990203764
660,0.026688851453265786,0.030644759707193374,0.005336317536218378
661,0.026741315327894023,0.03060841649222194,0.0052063066328735062
662,0.026793709801493697,0.030571674450469936,0.0050762639619393807
663,0.026846034234098721,0.030534533698632398,0.0049461923986762338
664,0.026898287986048,0.030496994360942237,0.0048160948205784289
665,0.026950470417996822,0.030459056569173214,0.0046859741073018886
666,0.027002580890928343,0.030420720462642763,0.0045558331405914391
667,0.027054618766165016,0.030381986188214624,0.0044256748042080648
668,0.027106583405380056,0.030342853900301319,0.0042955019838560784
669,0.02715847417060888,0.030303323760866457,0.0041653175671102043
670,0.027210290424260548,0.03026339593942682,0.0040351244433425876
671,0.027262031529129236,0.030223070613054303,0.0039049255036497175
672,0.027313696848405671,0.030182347966377698,0.0037747236407792806
673,0.027365285745688611,0.030141228191584289,0.003644521749056931
674,0.027416797584996277,0.030099711488421239,0.0035143227243129966
675,0.027468231730777802,0.030057798064196832,0.0033841294638091044
676,0.027519587547924693,0.030015488133781559,0.0032539448661647492
677,0.027570864401782295,0.029972781919608969,0.0031237718312837844
678,0.027622061658161237,0.029929679651676401,0.0029936132602808555
679,0.027673178683348877,0.029886181567545519,0.0028634720554077675
680,0.027724214844120749,0.029842287912342644,0.0027333511199797936
681,0.027775169507752023,0.029797998938758945,0.0026032533583019222
682,0.027826042042028945,0.029753314907050455,0.0024731816755950531
683,0.027876831815260277,0.029708236085037875,0.0023431389779221315
684,0.027927538196288744,0.029662762748106229,0.0022131281721142391
685,0.027978160554502481,0.02961689517920436,0.0020831521656966287
686,0.028028698259846448,0.029570633668844184,0.0019532138668147099
687,0.028079150682833901,0.02952397851509983,0.0018233161841599928
688,0.028129517194557765,0.029476930023606591,0.0016934620268959852
689,0.02817979716670212,0.029429488507559668,0.0015636543045840499
690,0.028229989971553585,0.02938165428771277,0.0014338959271092205
691,0.028280094982012755,0.029333427692376523,0.0013041898046059779
692,0.028330111571605601,0.029284809057416688,0.0011745388473839947
693,0.028380039114494889,0.029235798726252218,0.0010449459658538438
694,0.028429876985491574,0.029186397049853149,0.00091541407045267551
695,0.028479624560066207,0.029136604386738284,0.00078594607156986683
696,0.028529281214360366,0.029086421102972729,0.00065654487947264175
697,0.028578846325197946,0.029035847572165228,0.00052721340423166659
698,0.028628319270096646,0.02898488417546535,0.00039795455564662285
699,0.028677699427279265,0.028933531301560435,0.00026877124317175867
700,0.028726986175685146,0.028881789346672456,0.0001396663758414208
701,0.028776178894981481,0.028829658714554621,1.0642862195570687e-05
702,0.02882527696557469,0.028777139816487843,-0.00011829638979471485
703,0.028874279768621766,0.028724233071277024,-0.00024714847280175547
704,0.028923186686041602,0.028670938905247152,-0.00037591048021578968
705,0.028971997100526368,0.028617257752239209,-0.00050457950621950588
706,0.029020710395552769,0.028563190053605941,-0.00063315264586257913
707,0.029069325955393441,0.028508736258207427,-0.00076162699513621351
708,0.029117843165128183,0.028453896822406448,-0.00088999965104768499
709,0.029166261410655311,0.028398672210063741,-0.001018267711694886
710,0.029214580078702927,0.028343062892532998,-0.0011464282763408665
711,0.029262798556840216,0.028287069348655759,-0.0012744784454883718
712,0.02931091623348871,0.028230692064756074,-0.0014024153209543739
713,0.029358932497933515,0.028173931534635006,-0.0015302360059445948
714,0.029406846740334617,0.028116788259564977,-0.0016579376051280188
715,0.029454658351738123,0.028059262748283919,-0.0017855172247113926
716,0.029502366724087448,0.028001355516989242,-0.0019129719725137109
717,0.02954997125023456,0.02794306708933162,-0.0020402989580406853
718,0.029597471323951213,0.027884397996408641,-0.0021674952925591919
719,0.029644866339940117,0.027825348776758237,-0.0022945580891717042
720,0.02969215569384611,0.027765919976351926,-0.0024214844628906952
721,0.029739338782267376,0.027706112148587952,-0.0025482715307130178
722,0.029786415002766596,0.027645925854284187,-0.0026749164116942623
723,0.029833383753882076,0.027585361661670832,-0.002801416227023075
724,0.029880244435138908,0.027524420146383021,-0.0029277681000954544
725,0.029926996447060077,0.027463101891453193,-0.0030539691565890075
726,0.029973639191177591,0.027401407487303294,-0.0031800165245371753
727,0.03002017207004358,0.02733933753173683,-0.0033059073344034163
728,0.03006659448724136,0.027276892629930726,-0.0034316387191553532
729,0.030112905847396544,0.027214073394426986,-0.0035572078143388743
730,0.030159105556188052,0.027150880445124204,-0.0036826117581521944
731,0.030205193020359195,0.027087314409268922,-0.0038078476915198683
732,0.030251167647728661,0.027023375921446765,-0.0039329127581667553
733,0.030297028847201608,0.026959065623573433,-0.0040578041046919304
734,0.030342776028780549,0.026894384164885494,-0.0041825188806425507
735,0.030388408603576431,0.026829332201931032,-0.0043070542385876629
736,0.030433925983819578,0.026763910398560079,-0.0044314073341919485
737,0.030479327582870603,0.026698119425914948,-0.0045555753262894218
738,0.030524612815231413,0.026631959962420293,-0.0046795553769570586
739,0.030569781096556066,0.026565432693773067,-0.0048033446515883607
740,0.030614831843661702,0.026498538312932276,-0.0049269403189668663
741,0.030659764474539448,0.026431277520108567,-0.0050503395513395791
742,0.03070457840836523,0.026363651022753641,-0.005173539524490337
743,0.030749273065510702,0.026295659535549507,-0.005296537417813111
744,0.030793847867554021,0.026227303780397521,-0.0054193304143852223
745,0.030838302237290689,0.026158584486407305,-0.0055419157010404892
746,0.030882635598744324,0.026089502389885461,-0.0056642904684422969
747,0.030926847377177491,0.026020058234324111,-0.0057864519111565909
748,0.030970936999102434,0.025950252770389308,-0.0059083972277247749
749,0.031014903892291799,0.025880086755909183,-0.0060301236207365456
750,0.031058747485789403,0.025809560955862034,-0.0061516282969026207
751,0.031102467209920898,0.025738676142364157,-0.0062729084671273964
752,0.031146062496304493,0.025667433094657546,-0.0063939613465815014
753,0.03118953277786158,0.025595832599097403,-0.0065147841547742689
754,0.031232877488827405,0.025523875449139487,-0.006635374115626108
755,0.031276096064761671,0.02545156244532731,-0.0067557284575407803
756,0.03131918794255921,0.025378894395279128,-0.0068758444134775836
757,0.031362152560460446,0.025305872113674785,-0.0069957192210234305
758,0.031404989358062095,0.025232496422242363,-0.0071153501224648164
759,0.031447697776327575,0.025158768149744697,-0.0072347343648597002
760,0.031490277257597635,0.025084688131965703,-0.0073538692001092632
761,0.031532727245600772,0.025010257211696533,-0.0074727518850295754
762,0.031575047185463792,0.024935476238721589,-0.0075913796814231372
763,0.031617236523722156,0.024860346069804286,-0.0077097498561503087
764,0.031659294708330517,0.024784867568672767,-0.0078278596812006353
765,0.031701221188673065,0.024709041606005362,-0.007945706433764051
766,0.03174301541557395,0.024632869059415915,-0.0080632873963019588
767,0.031784676841307577,0.024556350813438921,-0.0081805998566181915
768,0.031826204919609066,0.024479487759514539,-0.0082976411079298575
769,0.031867599105684423,0.024402280795973376,-0.0084144084489380482
770,0.031908858856220967,0.024324730828021158,-0.0085308991838984397
771,0.031949983629397494,0.024246838767723218,-0.0086471106226917397
772,0.031990972884894581,0.024168605533988811,-0.008763040080894029
773,0.032031826083904778,0.024090032052555267,-0.0088786848798469431
774,0.032072542689142822,0.024011119255971991,-0.0089940423467277514
775,0.03211312216485579,0.023931868083584266,-0.0091091098146192581
776,0.032153563976833235,0.023852279481516955,-0.009223884622579611
777,0.032193867592417338,0.023772354402657941,-0.0093383641157119314
778,0.032234032480512959,0.023692093806641511,-0.0094525456452338261
779,0.032274058111597732,0.023611498659831507,-0.0095664265685467299
780,0.032313943957732093,0.023530569935304335,-0.0096800042493051311
781,0.03235368949256931,0.023449308612831798,-0.0097932760574856257
782,0.032393294191365433,0.02336771567886381,-0.0099062393694558243
783,0.032432757530989294,0.023285792126510885,-0.010018891568043121
784,0.032472078989932408,0.023203538955526504,-0.010131230042603283
785,0.032511258048318926,0.02312095717228934,-0.010243252189088907
786,0.032550294187915475,0.023038047789785264,-0.010354955410117703
787,0.032589186892140951,0.022954811827589242,-0.010466337115040617
788,0.032627935646076488,0.022871250311847047,-0.010577394720009799
789,0.032666539936475128,0.022787364275256815,-0.010688125648046411
790,0.032704999251771637,0.02270315475705045,-0.010798527329108248
791,0.032743313082092218,0.022618622802974886,-0.010908597200157208
792,0.032781480919264222,0.022533769465273128,-0.011018332705226586
793,0.032819502256825867,0.022448595802665196,-0.011127731295488193
794,0.032857376590035833,0.022363102880328927,-0.011236790429319313
795,0.032895103415882906,0.022277291769880532,-0.011345507572369469
796,0.032932682233095568,0.022191163549355103,-0.011453880197627015
797,0.032970112542151549,0.022104719303186866,-0.011561905785485554
798,0.033007393845287371,0.022017960122189366,-0.011669581823810169
799,0.033044525646507804,0.021930887103535433,-0.011776905808003472
800,0.033081507451595375,0.02184350135073701,-0.011883875241071465
801,0.033118338768119829,0.021755803973624848,-0.011990487633689217
802,0.033155019105447443,0.021667796088328035,-0.012096740504266346
803,0.03319154797475049,0.021579478817253361,-0.012202631379012315
804,0.033227924889016547,0.02149085328906453,-0.012308157792001537
805,0.033264149363057785,0.021401920638661254,-0.012413317285238283
806,0.033300220913520265,0.021312682007158152,-0.012518107408721382
807,0.033336139058893217,0.021223138541863508,-0.012622525720508735
808,0.033371903319518191,0.0211332913962579,-0.01272656978678163
809,0.0334075132175983,0.021043141729972667,-0.012830237181908838
810,0.033442968277207302,0.0209526907087682,-0.012933525488510535
811,0.033478268024298784,0.02086193950451214,-0.013036432297521978
812,0.033513411986715175,0.020770889295157354,-0.013138955208257011
813,0.033548399694196866,0.020679541264719842,-0.013241091828471328
814,0.033583230678391168,0.020587896603256429,-0.013342839774425554
815,0.033617904472861303,0.020495956506842342,-0.013444196670948089
816,0.033652420613095375,0.020403722177548652,-0.013545160151497756
817,0.033686778636515237,0.020311194823419542,-0.013645727858226214
818,0.033720978082485434,0.020218375658449424,-0.013745897442040163
819,0.033755018492321973,0.020125265902559947,-0.013845666562663334
820,0.03378889940930116,0.020031866781576847,-0.013945032888698229
821,0.033822620378668407,0.019938179527206615,-0.014043994097687681
822,0.033856180947646912,0.019844205377013088,-0.014142547876176142
823,0.033889580665446395,0.019749945574393839,-0.014240691919770785
824,0.033922819083271723,0.019655401368556463,-0.014338423933202334
825,0.033955895754331597,0.019560574014494684,-0.0144357416303857
826,0.03398881023384711,0.019465464772964344,-0.014532642734480366
827,0.034021562079060284,0.019370074910459275,-0.014629124977950535
828,0.034054150849242654,0.019274405699186974,-0.01472518610262505
829,0.034086576105703668,0.019178458417044197,-0.014820823859757077
830,0.034118837411799198,0.019082234347592347,-0.014916036010083532
831,0.03415093433293994,0.018985734780032799,-0.015010820323884285
832,0.034182866436599728,0.018888961009182016,-0.015105174581041115
833,0.03421463329232393,0.018791914335446594,-0.015199096571096407
834,0.034246234471737719,0.018694596064798116,-0.015292584093311629
835,0.034277669548554331,0.018597007508747897,-0.015385634956725536
836,0.034308938098583298,0.018499149984321596,-0.015478246980212133
837,0.03434003969973861,0.018401024814033669,-0.015570417992538388
838,0.034370973932046855,0.018302633325861708,-0.015662145832421693
839,0.034401740377655365,0.018203976853220651,-0.015753428348587062
840,0.034432338620840185,0.018105056734936831,-0.01584426339982407
841,0.034462768248014232,0.01800587431522193,-0.015934648855043559
842,0.034493028847735141,0.017906430943646759,-0.016024582593334044
843,0.034523120010713317,0.017806727975114952,-0.016114062504017888
844,0.034553041329819817,0.017706766769836482,-0.016203086486707215
845,0.034582792400094174,0.017606548693301097,-0.01629165245135953
846,0.03461237281875227,0.01750607511625157,-0.016379758318333094
847,0.034641782185194078,0.01740534741465689,-0.016467402018442032
848,0.034671020101011495,0.017304366969685243,-0.016554581493011176
849,0.034700086169995904,0.01720313516767694,-0.016641294693930588
850,0.03472897999814599,0.017101653400117149,-0.016727539583709903
851,0.034757701193675265,0.016999923063608587,-0.016813314135532293
852,0.034786249367019691,0.016897945559843995,-0.016898616333308247
853,0.034814624130845198,0.016795722295578547,-0.016983444171728996
854,0.034842825100055187,0.016693254682602111,-0.017067795656319724
855,0.034870851891798026,0.016590544137711407,-0.017151668803492448
856,0.034898704125474397,0.016487592082682009,-0.01723506164059865
857,0.034926381422744741,0.016384399944240249,-0.017317972205981608
858,0.03495388340753653,0.016280969154035003,-0.017400398549028445
859,0.034981209706051605,0.016177301148609331,-0.017482338730221893
860,0.035008359946773385,0.016073397369372029,-0.017563790821191777
861,0.035035333760474095,0.015969259262569032,-0.017644752904766175
862,0.035062130780221884,0.015864888279254714,-0.017725223075022344
863,0.035088750641388007,0.015760285875263062,-0.017805199437337303
864,0.035115192981653852,0.015655453511178752,-0.017884680108438133
865,0.035141457441017987,0.015550392652308072,-0.017963663216452021
866,0.035167543661803156,0.01544510476864977,-0.018042146900955933
867,0.035193451288663205,0.015339591334865749,-0.018120129313026069
868,0.035219179968589989,0.015233853830251675,-0.01819760861528695
869,0.035244729350920219,0.015127893738707456,-0.018274582981960257
870,0.035270099087342299,0.015021712548707624,-0.018351050598913322
871,0.035295288831903054,0.014915311753271569,-0.018427009663707354
872,0.0353202982410145,0.014808692849933698,-0.018502458385645331
873,0.035345126973460456,0.014701857340713477,-0.018577394985819607
874,0.035369774690403248,0.01459480673208534,-0.018651817697159182
875,0.035394241055390248,0.014487542534948515,-0.0187257247644767
876,0.035418525734360454,0.014380066264596718,-0.018799114444515101
877,0.035442628395650932,0.014272379440687761,-0.018871985005993987
878,0.035466548710003334,0.014164483587213035,-0.018944334729655666
879,0.035490286350570256,0.014056380232466897,-0.019016161908310861
880,0.035513840992921604,0.013948070909015939,-0.01908746484688412
881,0.035537212315050942,0.013839557153668155,-0.019158241862458941
882,0.035560399997381711,0.013730840507442036,-0.019228491284322507
883,0.035583403722773521,0.013621922515535494,-0.019298211454010162
884,0.035606223176528201,0.01351280472729475,-0.019367400725349523
885,0.035628858046396088,0.013403488696183078,-0.019436057464504306
886,0.035651308022581978,0.013293975979749465,-0.019504180050017805
887,0.035673572797751261,0.013184268139597164,-0.019571766872856049
888,0.035695652067035809,0.01307436674135215,-0.019638816336450631
889,0.035717545528039997,0.012964273354631474,-0.019705326856741215
890,0.035739252880846568,0.012853989553011527,-0.019771296862217722
891,0.035760773828022473,0.012743516913996189,-0.019836724793962153
892,0.035782108074624695,0.012632857018984898,-0.019901609105690131
893,0.035803255328205968,0.012522011453240613,-0.019965948263792058
894,0.03582421529882051,0.012410981805857691,-0.020029740747373976
895,0.035844987699029662,0.012299769669729654,-0.020092985048298068
896,0.035865572243907483,0.012188376641516882,-0.020155679671222837
897,0.03588596865104636,0.012076804321614192,-0.02021782313364295
898,0.035906176640562455,0.011965054314118345,-0.020279413965928732
899,0.03592619593510122,0.011853128226795446,-0.020340450711365334
900,0.035946026259842771,0.011741027671048256,-0.020400931926191527
901,0.035965667342507286,0.011628754261883426,-0.020460856179638217
902,0.035985118913360294,0.011516309617878634,-0.020520222053966541
903,0.036004380705217977,0.011403695361149619,-0.020579028144505688
904,0.036023452453452343,0.01129091311731715,-0.02063727305969032
905,0.036042333895996433,0.011177964515473902,-0.020694955421097682
906,0.036061024773349444,0.011064851188151243,-0.020752073863484349
907,0.036079524828581747,0.010951574771285935,-0.020808627034822624
908,0.036097833807339975,0.010838136904186762,-0.020864613596336595
909,0.036115951457851965,0.010724539229501047,-0.020920032222537837
910,0.036133877530931648,0.010610783393181118,-0.020974881601260761
911,0.036151611779983973,0.010496871044450688,-0.021029160433697604
912,0.036169153961009719,0.010382803835771118,-0.021082867434433081
913,0.036186503832610233,0.010268583422807658,-0.021136001331478676
914,0.036203661155992162,0.010154211464395553,-0.021188560866306553
915,0.036220625694972163,0.010039689622506105,-0.021240544793883164
916,0.036237397215981473,0.0099250195622126586,-0.021291951882702442
917,0.036253975488070515,0.0098102029516564868,-0.021342780914818678
918,0.036270360282913389,0.0096952414620126073,-0.021393030685879
919,0.036286551374812369,0.0095801367674555483,-0.021442700005155534
920,0.036302548540702272,0.0094648905451250077,-0.021491787695577177
921,0.03631835156015488,0.0093495044750914556,-0.021540292593760998
922,0.03633396021538321,0.0092339802403216629,-0.021588213550043301
923,0.036349374291245837,0.0091183195266441568,-0.021635549428510321
924,0.036364593575251007,0.0090025240227146041,-0.021682299107028537
925,0.036379617857560935,0.0088865954199811269,-0.021728461477274627
926,0.03639444693099577,0.0087705354126495477,-0.021774035444765062
927,0.036409080591037771,0.0086543456976485664,-0.021819019928885342
928,0.036423518635835227,0.0085380279745948633,-0.021863413862918811
929,0.036437760866206446,0.0084215839457581591,-0.02190721619407518
930,0.036451807085643682,0.0083050153160261729,-0.021950425883518625
931,0.036465657100316962,0.0081883237928695469,-0.021993041906395529
932,0.036479310719077868,0.0080715110863066909,-0.022035063251861858
933,0.036492767753463287,0.0079545789088685641,-0.02207648892311016
934,0.036506028017699151,0.0078375289755634094,-0.022117317937396175
935,0.036519091328704019,0.0077203630038414012,-0.022157549326065108
936,0.036531957506092699,0.0076030827135592591,-0.022197182134577491
937,0.03654462637217977,0.0074856898269447837,-0.022236215422534688
938,0.036557097751983084,0.0073681860685613334,-0.022274648263704015
939,0.03656937147322719,0.0072505731652722609,-0.022312479746043491
940,0.036581447366346685,0.0071328528462052754,-0.022349708971726195
941,0.036593325264489572,0.0070150268427167546,-0.022386335057164274
942,0.036605005003520527,0.0068970968883560009,-0.022422357133032537
943,0.036616486422024128,0.0067790647188294487,-0.022457774344291696
944,0.036627769361307967,0.0066609320719648044,-0.022492585850211206
945,0.03663885366540582,0.0065427006876751497,-0.02252679082439174
946,0.036649739181080727,0.0064243723079229842,-0.022560388454787285
947,0.036660425757827915,0.0063059486766842187,-0.02259337794372682
948,0.036670913247877829,0.0061874315399121152,-0.022625758507935662
949,0.036681201506198961,0.0060688226455011887,-0.02265752937855638
950,0.036691290390500793,0.0059501237432510543,-0.022688689801169368
951,0.036701179761236477,0.0058313365848302158,-0.022719239035812994
952,0.036710869481605672,0.0057124629237398283,-0.022749176357003395
953,0.03672035941755717,0.005593504515277405,-0.022778501053753869
954,0.036729649437791542,0.0054744631165004757,-0.022807212429593878
955,0.036738739413763738,0.0053553404861902115,-0.022835309802587668
956,0.036747629219685572,0.0052361383848149997,-0.022862792505352506
957,0.036756318732528215,0.005116858574493976,-0.022889659885076522
958,0.036764807832024606,0.0049975028189605175,-0.022915911303536169
959,0.036773096400671799,0.0048780728835257038,-0.022941546137113279
960,0.036781184323733333,0.0047585705350417203,-0.022966563776811742
961,0.036789071489241383,0.0046389975418652495,-0.022990963628273804
962,0.036796757787999068,0.0045193556738207944,-0.02301474511179594
963,0.036804243113582491,0.004399646702163992,-0.023037907662344387
964,0.036811527362342902,0.0042798723995448786,-0.023060450729570213
965,0.036818610433408727,0.0041600345399711155,-0.023082373777824069
966,0.036825492228687522,0.0040401348987711971,-0.023103676286170511
967,0.036832172652867909,0.0039201752525576108,-0.023124357748401922
968,0.036838651613421459,0.0038001573791899747,-0.023144417673052049
969,0.036844929020604496,0.0036800830577381374,-0.023163855583409176
970,0.036851004787459875,0.0035599540684452548,-0.023182671017528824
971,0.036856878829818682,0.0034397721926908305,-0.023200863528246168
972,0.036862551066301874,0.0033195392129537365,-0.023218432683187951
973,0.036868021418321913,0.0031992569127751972,-0.023235378064784071
974,0.036873289810084288,0.0030789270767217548,-0.023251699270278762
975,0.036878356168589019,0.0029585514903482037,-0.023267395911741335
976,0.036883220423632027,0.0028381319401605048,-0.02328246761607658
977,0.03688788250780662,0.0027176702135786736,-0.02329691402503475
978,0.036892342356504758,0.0025971680988996454,-0.023310734795221135
979,0.036896599907918305,0.0024766273852601193,-0.023323929598105253
980,0.036900655103040289,0.0023560498625993824,-0.023336498120029626
981,0.03690450788566603,0.0022354373216221138,-0.023348440062218197
982,0.036908158202394251,0.002114791553761168,-0.023359755140784304
983,0.036911606002628147,0.001994114351140342,-0.023370443086738277
984,0.036914851238576352,0.0018734075065371233,-0.023380503645994654
985,0.03691789386525389,0.0017526728133454238,-0.023389936579378951
986,0.036920733840483076,0.0016319120655382976,-0.023398741662634087
987,0.036923371124894321,0.0015111270576306434,-0.023406918686426356
988,0.036925805681926889,0.0013903195846418953,-0.023414467456351055
989,0.036928037477829682,0.0012694914420587002,-0.023421387792937672
990,0.036930066481661854,0.0011486444257975828,-0.023427679531654699
991,0.036931892665293405,0.0010277803321676001,-0.023433342522914014
992,0.036933516003405782,0.00090690095783298825,-0.02343837663207491
993,0.036934936473492323,0.00078600809977579812,-0.023442781739447676
994,0.036936154055858782,0.00066510355525852417,-0.023446557740296806
995,0.036937168733623592,0.00054418912178672582,-0.023449704544843807
996,0.03693798049271832,0.00042326659707164283,-0.023452222078269601
997,0.036938589321887871,0.00030233777899280675,-0.023454110280716523
998,0.036938995212690735,0.00018140446556064605,-0.023455369107289913
999,0.036939198159499143,6.0468454879089864e-05,-0.023455998528059338
1000,0.036939198159499177,-6.0468454891831395e-05,-0.023455998528059373
1001,0.036938995212689958,-0.00018140446557338678,-0.023455369107289382
1002,0.036938589321886275,-0.0003023377790055459,-0.023454110280715423
1003,0.036937980492715926,-0.0004232665970843796,-0.023452222078267932
1004,0.036937168733620393,-0.00054418912179945913,-0.023449704544841569
1005,0.036936154055854792,-0.00066510355527125357,-0.023446557740294003
1006,0.03693493647348757,-0.00078600809978852243,-0.023442781739444307
1007,0.036933516003400245,-0.00090690095784570681,-0.023438376632070983
1008,0.036931892665287104,-0.0010277803321803122,-0.023433342522909531
1009,0.036930066481654783,-0.0011486444258102875,-0.023427679531649658
1010,0.036928037477821848,-0.0012694914420713968,-0.023421387792932069
1011,0.036925805681918292,-0.0013903195846545831,-0.02341446745634489
1012,0.036923371124884967,-0.0015111270576433212,-0.023406918686419635
1013,0.036920733840472994,-0.0016319120655509649,-0.023398741662626808
1014,0.036917893865243072,-0.0017526728133580795,-0.023389936579371117
1015,0.036914851238564791,-0.001873407506549766,-0.023380503645986258
1016,0.036911606002615859,-0.0019941143511529717,-0.023370443086729319
1017,0.036908158202381254,-0.0021147915537737833,-0.023359755140774787
1018,0.036904507885652325,-0.0022354373216347139,-0.023348440062208126
1019,0.036900655103025898,-0.0023560498626119674,-0.023336498120018999
1020,0.036896599907903241,-0.0024766273852726878,-0.023323929598094074
1021,0.036892342356489013,-0.0025971680989121974,-0.023310734795209401
1022,0.036887882507790203,-0.0027176702135912087,-0.023296914025022465
1023,0.036883220423614936,-0.0028381319401730221,-0.023282467616063743
1024,0.036878356168571255,-0.0029585514903607015,-0.023267395911727943
1025,0.036873289810065865,-0.0030789270767342322,-0.023251699270264822
1026,0.036868021418302817,-0.0031992569127876551,-0.023235378064769583
1027,0.036862551066282119,-0.003319539212966174,-0.023218432683172915
1028,0.036856878829798267,-0.0034397721927032464,-0.023200863528230593
1029,0.036851004787438829,-0.0035599540684576486,-0.023182671017512715
1030,0.036844929020582812,-0.0036800830577505095,-0.023163855583392526
1031,0.036838651613399137,-0.0038001573792023234,-0.023144417673034864
1032,0.036832172652844941,-0.003920175252569936,-0.023124357748384193
1033,0.036825492228663909,-0.0040401348987834972,-0.023103676286152244
1034,0.03681861043338449,-0.0041600345399833887,-0.023082373777805261
1035,0.036811527362318033,-0.0042798723995571249,-0.02306045072955086
1036,0.036804243113556991,-0.0043996467021762105,-0.023037907662324494
1037,0.036796757787972943,-0.0045193556738329825,-0.023014745111775505
1038,0.036789071489214641,-0.0046389975418774081,-0.022990963628252824
1039,0.036781184323705966,-0.0047585705350538495,-0.022966563776790225
1040,0.036773096400643822,-0.0048780728835378009,-0.022941546137091224
1041,0.03676480783199601,-0.0049975028189725842,-0.022915911303513583
1042,0.036756318732499009,-0.005116858574506008,-0.022889659885053402
1043,0.036747629219655777,-0.0052361383848269979,-0.022862792505328855
1044,0.036738739413733353,-0.0053553404862021732,-0.022835309802563486
1045,0.036729649437760581,-0.005474463116512401,-0.022807212429569169
1046,0.036720359417525619,-0.0055935045152892939,-0.022778501053728636
1047,0.036710869481573552,-0.0057124629237516834,-0.022749176356977641
1048,0.036701179761203795,-0.0058313365848420362,-0.02271923903578672
1049,0.036691290390467556,-0.0059501237432628409,-0.022688689801142577
1050,0.036681201506165183,-0.0060688226455129397,-0.022657529378529075
1051,0.036670913247843516,-0.006187431539923828,-0.022625758507907844
1052,0.036660425757793075,-0.0063059486766958934,-0.022593377943698499
1053,0.036649739181045367,-0.0064243723079346225,-0.022560388454758454
1054,0.036638853665369946,-0.0065427006876867489,-0.022526790824362406
1055,0.03662776936127158,-0.006660932071976362,-0.022492585850181365
1056,0.036616486421987254,-0.0067790647188409655,-0.022457774344261359
1057,0.036605005003483168,-0.0068970968883674769,-0.022422357133001707
1058,0.036593325264451727,-0.0070150268427281873,-0.022386335057132955
1059,0.036581447366308348,-0.0071328528462166656,-0.022349708971694384
1060,0.036569371473188381,-0.0072505731652836077,-0.022312479746011186
1061,0.03655709775194381,-0.0073681860685726377,-0.022274648263671225
1062,0.036544626372140031,-0.0074856898269560447,-0.022236215422501412
1063,0.036531957506052495,-0.0076030827135704776,-0.022197182134543723
1064,0.036519091328663378,-0.0077203630038525728,-0.02215754932603085
1065,0.036506028017658065,-0.0078375289755745342,-0.022117317937361429
1066,0.036492767753421772,-0.007954578908879642,-0.022076488923074924
1067,0.036479310719035929,-0.008071511086317722,-0.02203506325182614
1068,0.036465657100274614,-0.0081883237928805329,-0.021993041906359322
1069,0.036451807085600918,-0.0083050153160371121,-0.021950425883481933
1070,0.036437760866163287,-0.0084215839457690515,-0.021907216194038005
1071,0.036423518635791657,-0.008538027974605707,-0.02186341386288115
1072,0.036409080590993827,-0.0086543456976593599,-0.021819019928847196
1073,0.036394446930951459,-0.0087705354126602943,-0.021774035444726437
1074,0.036379617857516248,-0.0088865954199918266,-0.021728461477235516
1075,0.036364593575205953,-0.009002524022725257,-0.021682299106988944
1076,0.036349374291200408,-0.0091183195266547664,-0.021635549428470253
1077,0.036333960215337427,-0.0092339802403322291,-0.021588213550002761
1078,0.036318351560108743,-0.0093495044751019819,-0.021540292593719985
1079,0.036302548540655788,-0.0094648905451354959,-0.021491787695535693
1080,0.036286551374765538,-0.0095801367674659983,-0.021442700005113578
1081,0.036270360282866239,-0.0096952414620230225,-0.021393030685836565
1082,0.036253975488023046,-0.0098102029516668656,-0.021342780914775768
1083,0.036237397215933685,-0.0099250195622230045,-0.021291951882659057
1084,0.036220625694924069,-0.010039689622516414,-0.021240544793839307
1085,0.036203661155943784,-0.010154211464405823,-0.02118856086626222
1086,0.036186503832561563,-0.010268583422817891,-0.021136001331433868
1087,0.036169153960960786,-0.010382803835781312,-0.021082867434387805
1088,0.03615161177993477,-0.010496871044460837,-0.021029160433651856
1089,0.036133877530882159,-0.01061078339319123,-0.020974881601214548
1090,0.03611595145780222,-0.010724539229511117,-0.020920032222491159
1091,0.036097833807289981,-0.01083813690419679,-0.020864613596289456
1092,0.036079524828531481,-0.010951574771295922,-0.02080862703477503
1093,0.036061024773298929,-0.011064851188161183,-0.020752073863436301
1094,0.036042333895945675,-0.011177964515483798,-0.020694955421049183
1095,0.036023452453401349,-0.011290913117327002,-0.020637273059641369
1096,0.036004380705166747,-0.011403695361159424,-0.020579028144456283
1097,0.035985118913308863,-0.011516309617888392,-0.020520222053916688
1098,0.035965667342455647,-0.011628754261893134,-0.020460856179587913
1099,0.035946026259790945,-0.011741027671057908,-0.020400931926140779
1100,0.035926195935049206,-0.011853128226805044,-0.020340450711314139
1101,0.035906176640510268,-0.011965054314127891,-0.0202794139658771
1102,0.035885968650993978,-0.012076804321623686,-0.020217823133590877
1103,0.035865572243854921,-0.012188376641526324,-0.02015567967117032
1104,0.035844987698976927,-0.012299769669739044,-0.020092985048245113
1105,0.035824215298767628,-0.012410981805867031,-0.020029740747320585
1106,0.035803255328152921,-0.012522011453249906,-0.019965948263738226
1107,0.035782108074571509,-0.012632857018994142,-0.019901609105635862
1108,0.035760773827969161,-0.012743516914005383,-0.019836724793907447
1109,0.035739252880793125,-0.012853989553020674,-0.019771296862162585
1110,0.035717545527986456,-0.012964273354640569,-0.019705326856685648
1111,0.035695652066982157,-0.013074366741361192,-0.019638816336394634
1112,0.035673572797697513,-0.013184268139606152,-0.019571766872799625
1113,0.035651308022528153,-0.013293975979758399,-0.019504180049960955
1114,0.035628858046342173,-0.013403488696191956,-0.019436057464447026
1115,0.035606223176474196,-0.013512804727303566,-0.019367400725291809
1116,0.035583403722719426,-0.013621922515544248,-0.019298211453952017
1117,0.035560399997327546,-0.013730840507450725,-0.019228491284263932
1118,0.035537212314996694,-0.013839557153676785,-0.019158241862399936
1119,0.035513840992867272,-0.013948070909024503,-0.019087464846824685
1120,0.035490286350515848,-0.014056380232475406,-0.019016161908250995
1121,0.035466548709948843,-0.014164483587221482,-0.018944334729595377
1122,0.035442628395596379,-0.014272379440696144,-0.018871985005933276
1123,0.035418525734305838,-0.014380066264605036,-0.018799114444453965
1124,0.035394241055335576,-0.014487542534956769,-0.018725724764415145
1125,0.035369774690348521,-0.014594806732093533,-0.018651817697097211
1126,0.03534512697340568,-0.014701857340721608,-0.018577394985757223
1127,0.035320298240959683,-0.014808692849941763,-0.018502458385582534
1128,0.035295288831848209,-0.014915311753279564,-0.018427009663644144
1129,0.035270099087287426,-0.015021712548715553,-0.0183510505988497
1130,0.035244729350865325,-0.01512789373871532,-0.018274582981896229
1131,0.035219179968535068,-0.015233853830259466,-0.018197608615222519
1132,0.035193451288608277,-0.015339591334873469,-0.018120129312961232
1133,0.035167543661748228,-0.015445104768657422,-0.018042146900890694
1134,0.035141457440963059,-0.015550392652315653,-0.017963663216386379
1135,0.035115192981598944,-0.01565545351118626,-0.017884680108372093
1136,0.035088750641333114,-0.015760285875270497,-0.017805199437270863
1137,0.035062130780167011,-0.015864888279262076,-0.017725223074955509
1138,0.035035333760419264,-0.015969259262576321,-0.017644752904698944
1139,0.035008359946718609,-0.016073397369379242,-0.017563790821124151
1140,0.034981209705996885,-0.016177301148616468,-0.017482338730153882
1141,0.034953883407481866,-0.016280969154042063,-0.017400398548960045
1142,0.034926381422690125,-0.016384399944247233,-0.017317972205912822
1143,0.034898704125419851,-0.016487592082688917,-0.017235061640529483
1144,0.034870851891743548,-0.016590544137718242,-0.017151668803422903
1145,0.034842825100000779,-0.01669325468260887,-0.017067795656249805
1146,0.03481462413079086,-0.016795722295585229,-0.016983444171658705
1147,0.034786249366965435,-0.016897945559850604,-0.016898616333237585
1148,0.034757701193621114,-0.016999923063615124,-0.016813314135461267
1149,0.034728979998091949,-0.017101653400123606,-0.016727539583638512
1150,0.034700086169941961,-0.017203135167683313,-0.016641294693858839
1151,0.034671020100957656,-0.017304366969691544,-0.01655458149293907
1152,0.034641782185140364,-0.017405347414663101,-0.016467402018369576
1153,0.034612372818698653,-0.017506075116257694,-0.01637975831826028
1154,0.034582792400040682,-0.017606548693307123,-0.016291652451286366
1155,0.034553041329766457,-0.017706766769842425,-0.016203086486633708
1156,0.034523120010660102,-0.017806727975120798,-0.016114062503944038
1157,0.034493028847682065,-0.017906430943652518,-0.016024582593259857
1158,0.034462768247961288,-0.018005874315227606,-0.015934648854969039
1159,0.0344323386207874,-0.018105056734942421,-0.015844263399749214
1160,0.034401740377602734,-0.01820397685322615,-0.015753428348511872
1161,0.034370973931994384,-0.01830263332586712,-0.015662145832346177
1162,0.034340039699686284,-0.018401024814038991,-0.015570417992462541
1163,0.034308938098531139,-0.018499149984326835,-0.015478246980135961
1164,0.034277669548502331,-0.018597007508753052,-0.015385634956649045
1165,0.034246234471685878,-0.018694596064803181,-0.015292584093234821
1166,0.034214633292272263,-0.018791914335451562,-0.015199096571019281
1167,0.034182866436548227,-0.018888961009186897,-0.015105174580963674
1168,0.034150934332888606,-0.018985734780037587,-0.015010820323806537
1169,0.034118837411748058,-0.019082234347597045,-0.014916036010005471
1170,0.034086576105652709,-0.019178458417048797,-0.014820823859678705
1171,0.034054150849191882,-0.019274405699191473,-0.014725186102546367
1172,0.034021562079009714,-0.019370074910463667,-0.014629124977871538
1173,0.033988810233796733,-0.019465464772968628,-0.014532642734401054
1174,0.033955895754281429,-0.019560574014498851,-0.014435741630306077
1175,0.03392281908322177,-0.019655401368560532,-0.0143384239331224
1176,0.033889580665396678,-0.019749945574397798,-0.014240691919690546
1177,0.033856180947597431,-0.019844205377016932,-0.014142547876095601
1178,0.033822620378619182,-0.019938179527210345,-0.01404399409760684
1179,0.033788899409252185,-0.020031866781580469,-0.013945032888617098
1180,0.033755018492273234,-0.020125265902563465,-0.013845666562581911
1181,0.033720978082436959,-0.020218375658452834,-0.013745897441958452
1182,0.033686778636467032,-0.020311194823422859,-0.013645727858144217
1183,0.033652420613047442,-0.020403722177551872,-0.013545160151415474
1184,0.033617904472813653,-0.020495956506845461,-0.013444196670865527
1185,0.033583230678343803,-0.020587896603259447,-0.013342839774342714
1186,0.033548399694149793,-0.02067954126472276,-0.013241091828388212
1187,0.033513411986668393,-0.020770889295160168,-0.013138955208173621
1188,0.033478268024252279,-0.020861939504514839,-0.013036432297438318
1189,0.033442968277161089,-0.020952690708770788,-0.012933525488426603
1190,0.033407513217552372,-0.021043141729975134,-0.012830237181824638
1191,0.033371903319472561,-0.021133291396260245,-0.012726569786697161
1192,0.033336139058847893,-0.021223138541865728,-0.012622525720424002
1193,0.033300220913475245,-0.021312682007160254,-0.012518107408636389
1194,0.033264149363013064,-0.021401920638663235,-0.01241331728515303
1195,0.033227924888972152,-0.021490853289066386,-0.012308157791916022
1196,0.033191547974706428,-0.021579478817255089,-0.01220263137892654
1197,0.033155019105403701,-0.021667796088329645,-0.012096740504180314
1198,0.033118338768076426,-0.02175580397362633,-0.011990487633602935
1199,0.033081507451552326,-0.02184350135073836,-0.011883875240984934
1200,0.033044525646465095,-0.021930887103536651,-0.011776905807916693
1201,0.033007393845245023,-0.022017960122190448,-0.011669581823723144
1202,0.032970112542109568,-0.022104719303187807,-0.011561905785398284
1203,0.032932682233053949,-0.02219116354935589,-0.011453880197539503
1204,0.032895103415841655,-0.022277291769881184,-0.01134550757228172
1205,0.032857376589994942,-0.022363102880329437,-0.011236790429231326
1206,0.032819502256785357,-0.022448595802665571,-0.01112773129539997
1207,0.032781480919224094,-0.022533769465273367,-0.011018332705138129
1208,0.032743313082052479,-0.022618622802975,-0.01090859720006852
1209,0.032704999251732314,-0.022703154757050436,-0.01079852732901933
1210,0.032666539936436222,-0.022787364275256666,-0.010688125647957266
1211,0.032627935646038005,-0.022871250311846777,-0.010577394719920431
1212,0.032589186892102905,-0.02295481182758885,-0.010466337114951027
1213,0.03255029418787786,-0.023038047789784744,-0.010354955410027894
1214,0.032511258048281783,-0.023120957172288684,-0.010243252188998886
1215,0.032472078989895715,-0.023203538955525727,-0.01013123004251305
1216,0.032432757530953038,-0.023285792126509979,-0.010018891567952678
1217,0.032393294191329629,-0.023367715678862779,-0.0099062393693651746
1218,0.032353689492533956,-0.023449308612830639,-0.0097932760573947713
1219,0.032313943957697211,-0.023530569935303045,-0.0096800042492140755
1220,0.032274058111563309,-0.023611498659830085,-0.0095664265684554748
1221,0.032234032480479,-0.023692093806639957,-0.009452545645142375
1222,0.032193867592383858,-0.023772354402656241,-0.009338364115620286
1223,0.032153563976800241,-0.023852279481515106,-0.0092238846224877696
1224,0.032113122164823281,-0.023931868083582272,-0.0091091098145272241
1225,0.03207254268911082,-0.02401111925596984,-0.0089940423466355283
1226,0.032031826083873269,-0.02409003205255297,-0.0088786848797545344
1227,0.031990972884863578,-0.024168605533986361,-0.0087630400808014347
1228,0.03194998362936699,-0.024246838767720609,-0.008647110622598965
1229,0.031908858856190984,-0.024324730828018386,-0.0085308991838054845
1230,0.031867599105654974,-0.024402280795970444,-0.0084144084488449195
1231,0.031826204919580138,-0.024479487759511455,-0.0082976411078365588
1232,0.031784676841279197,-0.024556350813435678,-0.0081805998565247298
1233,0.031743015415546118,-0.024632869059412508,-0.0080632873962083323
1234,0.031701221188645795,-0.024709041606001802,-0.0079457064336702615
1235,0.031659294708303795,-0.024784867568669051,-0.0078278596811066862
1236,0.031617236523695989,-0.024860346069800421,-0.0077097498560562009
1237,0.031575047185438201,-0.024935476238717582,-0.0075913796813288758
1238,0.031532727245575765,-0.025010257211692387,-0.0074727518849351648
1239,0.031490277257573196,-0.025084688131961401,-0.0073538692000147034
1240,0.031447697776303719,-0.025158768149740243,-0.0072347343647649965
1241,0.031404989358038801,-0.025232496422237762,-0.0071153501223699704
1242,0.031362152560437735,-0.025305872113670042,-0.0069957192209284449
1243,0.031319187942537068,-0.025378894395274253,-0.0068758444133824601
1244,0.031276096064740112,-0.025451562445322286,-0.006755728457445518
1245,0.031232877488806404,-0.025523875449134318,-0.006635374115530712
1246,0.031189532777841148,-0.02559583259909208,-0.0065147841546787421
1247,0.03114606249628463,-0.025667433094652081,-0.0063939613464858444
1248,0.031102467209901608,-0.02573867614235854,-0.0062729084670316128
1249,0.031058747485770664,-0.025809560955856257,-0.006151628296806713
1250,0.031014903892273619,-0.025880086755903246,-0.0060301236206405165
1251,0.030970936999084816,-0.025950252770383212,-0.0059083972276286279
1252,0.030926847377160435,-0.026020058234317859,-0.0057864519110603268
1253,0.03088263559872783,-0.026089502389879036,-0.00566429046834592
1254,0.030838302237274753,-0.026158584486400717,-0.0055419157009440004
1255,0.030793847867538658,-0.026227303780390766,-0.005419330414288626
1256,0.030749273065495897,-0.026295659535542585,-0.0052965374177164105
1257,0.030704578408350981,-0.026363651022746553,-0.0051735395243935334
1258,0.030659764474525755,-0.026431277520101309,-0.0050503395512426748
1259,0.030614831843648566,-0.026498538312924851,-0.0049269403188698657
1260,0.030569781096543482,-0.026565432693765469,-0.0048033446514912656
1261,0.030524612815219388,-0.026631959962412521,-0.0046795553768598716
1262,0.03047932758285913,-0.026698119425907003,-0.0045555753261921472
1263,0.030433925983808657,-0.026763910398551968,-0.004431407334094588
1264,0.030388408603566064,-0.026829332201922743,-0.00430705423849022
1265,0.030342776028770738,-0.026894384164877043,-0.004182518880545028
1266,0.030297028847192348,-0.026959065623564815,-0.0040578041045943296
1267,0.03025116764771996,-0.027023375921437973,-0.0039329127580690799
1268,0.030205193020351039,-0.027087314409259954,-0.003807847691422121
1269,0.030159105556180451,-0.027150880445115058,-0.0036826117580543759
1270,0.030112905847389477,-0.027214073394417664,-0.0035572078142409864
1271,0.030066594487234834,-0.027276892629921241,-0.0034316387190573973
1272,0.030020172070037592,-0.027339337531727171,-0.0033059073343053944
1273,0.029973639191172144,-0.027401407487293458,-0.0031800165244390884
1274,0.029926996447055168,-0.027463101891443187,-0.0030539691564908582
1275,0.02988024443513454,-0.027524420146372856,-0.0029277680999972456
1276,0.029833383753878243,-0.0275853616616605,-0.0028014162269248094
1277,0.029786415002763286,-0.027645925854273688,-0.0026749164115959429
1278,0.029739338782264594,-0.027706112148577287,-0.0025482715306146477
1279,0.029692155693843845,-0.027765919976341091,-0.0024214844627922765
1280,0.029644866339938378,-0.027825348776747236,-0.0022945580890732405
1281,0.029597471323949992,-0.02788439799639748,-0.0021674952924606848
1282,0.029549971250233863,-0.027943067089320293,-0.0020402989579421369
1283,0.029502366724087264,-0.02800135551697774,-0.0019129719724151244
1284,0.029454658351738452,-0.028059262748272244,-0.0017855172246127693
1285,0.02940684674033546,-0.028116788259553129,-0.0016579376050293614
1286,0.029358932497934861,-0.028173931534622984,-0.0015302360058459066
1287,0.029310916233490567,-0.028230692064743886,-0.0014024153208556575
1288,0.029262798556842596,-0.028287069348643411,-0.0012744784453896296
1289,0.029214580078705817,-0.028343062892520483,-0.0011464282762421014
1290,0.029166261410658711,-0.028398672210051063,-0.0010182677115961006
1291,0.029117843165132089,-0.028453896822393604,-0.00088999965094888154
1292,0.029069325955397865,-0.028508736258194414,-0.00076162699503739455
1293,0.029020710395557717,-0.028563190053592771,-0.00063315264576374716
1294,0.028971997100531818,-0.028617257752225872,-0.00050457950612066351
1295,0.028923186686047563,-0.028670938905233645,-0.00037591048011693966
1296,0.02887427976862823,-0.028724233071263351,-0.00024714847270290025
1297,0.02882527696558166,-0.028777139816473993,-0.00011829638969585697
1298,0.028776178894988944,-0.028829658714540584,1.0642862294428682e-05
1299,0.028726986175693109,-0.028881789346658231,0.0001396663759402764
1300,0.028677699427287717,-0.028933531301546037,0.00026877124327060934
1301,0.028628319270105573,-0.028984884175450771,0.00039795455574546609
1302,0.028578846325207356,-0.029035847572150473,0.00052721340433049975
1303,0.028529281214370254,-0.029086421102957789,0.00065654487957146222
1304,0.028479624560076567,-0.029136604386723164,0.00078594607166867212
1305,0.028429876985502384,-0.029186397049837848,0.00091541407055146314
1306,0.028380039114506143,-0.029235798726236738,0.0010449459659526115
1307,0.0283301115716173,-0.029284809057401027,0.0011745388474827404
1308,0.028280094982024891,-0.029333427692360681,0.0013041898047046988
1309,0.028229989971566151,-0.029381654287696752,0.0014338959272079143
1310,0.028179797166715113,-0.029429488507543462,0.0015636543046827142
1311,0.028129517194571182,-0.029476930023590208,0.0016934620269946177
1312,0.028079150682847737,-0.029523978515083267,0.001823316184258591
1313,0.028028698259860707,-0.029570633668827437,0.0019532138669132722
1314,0.027978160554517153,-0.02961689517918744,0.0020831521657951524
1315,0.027927538196303833,-0.029662762748089131,0.0022131281722127215
1316,0.027876831815275772,-0.029708236085020597,0.0023431389780205689
1317,0.027826042042044849,-0.029753314907032997,0.0024731816756934431
1318,0.02777516950776833,-0.029797998938741299,0.0026032533584002624
1319,0.027724214844137451,-0.029842287912324808,0.0027333511200780805
1320,0.027673178683365968,-0.029886181567527502,0.0028634720555059988
1321,0.027622061658178716,-0.029929679651658197,0.0029936132603790282
1322,0.027570864401800163,-0.029972781919590578,0.0031237718313818965
1323,0.027519587547942943,-0.03001548813376298,0.003253944866262798
1324,0.027468231730796433,-0.030057798064178069,0.0033841294639070877
1325,0.0274167975850153,-0.030099711488402296,0.0035143227244109113
1326,0.027365285745708016,-0.030141228191565169,0.0036445217491547742
1327,0.027313696848425446,-0.030182347966358398,0.0037747236408770483
1328,0.02726203152914938,-0.030223070613034815,0.0039049255037474063
1329,0.02721029042428106,-0.030263395939407148,0.0040351244434401936
1330,0.027158474170629748,-0.030303323760846605,0.0041653175672077261
1331,0.027106583405401279,-0.030342853900281273,0.0042955019839535143
1332,0.027054618766186589,-0.030381986188194383,0.0044256748043054114
1333,0.027002580890950256,-0.030420720462622331,0.0045558331406886938
1334,0.026950470418019075,-0.030459056569152591,0.0046859741073990479
1335,0.026898287986070586,-0.030496994360921421,0.0048160948206754893
1336,0.026846034234121647,-0.03053453369861139,0.0049461923987731944
1337,0.026793709801516945,-0.030571674450448724,0.0050762639620362364
1338,0.026741315327917597,-0.030608416492200537,0.0052063066329702543
1339,0.026688851453289683,-0.03064475970717179,0.0053363175363150177
1340,0.026636318817892812,-0.030680703986202137,0.005466293799116906
1341,0.026583718062268679,-0.030716249227662615,0.0055962325508012905
1342,0.026531049827229626,-0.030751395337452098,0.0057261309232448307
1343,0.026478314753847244,-0.030786142228993625,0.0058559860508476599
1344,0.026425513483440889,-0.030820489823230539,0.0059857950706054827
1345,0.026372646657566293,-0.030854438048622441,0.0061155551221815643
1346,0.026319714918004153,-0.030887986841140989,0.0062452633479786251
1347,0.026266718906748684,-0.030921136144265542,0.0063749168932106231
1348,0.026213659265996229,-0.030953885908978566,0.0065045129059744296
1349,0.026160536638133839,-0.03098623609376092,0.0066340485373213957
1350,0.026107351665727894,-0.031018186664586972,0.0067635209413288112
1351,0.026054104991512669,-0.03104973759491951,0.0068929272751712478
1352,0.026000797258378991,-0.031080888865704506,0.007022264699191789
1353,0.025947429109362805,-0.031111640465365697,0.0071515303769731408
1354,0.025894001187633821,-0.031141992389798999,0.00728072147540862
1355,0.025840514136484145,-0.031171944642366733,0.0074098351647730338
1356,0.025786968599316888,-0.031201497233891727,0.0075388686187934243
1357,0.025733365219634825,-0.031230650182651181,0.0076678190147196883
1358,0.025679704641029043,-0.031259403514370412,0.0077966835333950863
1359,0.025625987507167592,-0.031287757262216428,0.0079254593593265955
1360,0.025572214461784131,-0.031315711466791261,0.008054143680755162
1361,0.025518386148666628,-0.031343266176125262,0.0081827336897257949
1362,0.025464503211646016,-0.031370421445670066,0.0083112265821575389
1363,0.02541056629458489,-0.031397177338291553,0.0084396195579133186
1364,0.025356576041366187,-0.031423533924262559,0.0085679098208696156
1365,0.025302533095881895,-0.031449491281255224,0.0086960945789860394
1366,0.025248438102021778,-0.031475049494333586,0.00882417104437473
1367,0.025194291703662077,-0.03150020865594573,0.008952136433369633
1368,0.02514009454465424,-0.03152496886591577,0.0090799879665956207
1369,0.025085847268813695,-0.03154933023143576,0.0092077228690374564
1370,0.025031550519908553,-0.031573292867057408,0.0093353383701086437
1371,0.024977204941648411,-0.031596856894683535,0.0094628317037200715
1372,0.024922811177673095,-0.031620022443559513,0.0095902001083485542
1373,0.024868369871541448,-0.031642789650264458,0.009717440827105182
1374,0.024813881666720123,-0.031665158658702203,0.0098445511078035421
1375,0.024759347206572399,-0.031687129620092243,0.009971528203027746
1376,0.024704767134346977,-0.031708702692960389,0.010098369370200333
1377,0.024650142093166828,-0.031729878043129323,0.010225071871649985
1378,0.024595472726017996,-0.031750655843708953,0.01035163297467909
1379,0.024540759675738485,-0.03177103627508663,0.010478049951631128
1380,0.024486003585007111,-0.031791019524917197,0.010604320079957893
1381,0.02443120509633237,-0.031810605788112872,0.01073044064228656
1382,0.024376364852041334,-0.031829795266832939,0.010856408926486549
1383,0.024321483494268537,-0.031848588170473313,0.010982222225736232
1384,0.024266561664944918,-0.031866984715655945,0.011107877838589483
1385,0.024211600005786729,-0.031884985126218041,0.011233373069042006
1386,0.02415659915828448,-0.031902589633201098,0.011358705226597531
1387,0.024101559763691896,-0.031919798474839854,0.011483871626333788
1388,0.024046482463014912,-0.03193661189655099,0.011608869588968328
1389,0.023991367897000598,-0.031953030150921741,0.011733696440924146
1390,0.023936216706126227,-0.03196905349769831,0.011858349514395117
1391,0.023881029530588231,-0.031984682203774095,0.011982826147411241
1392,0.023825807010291283,-0.031999916543177839,0.012107123683903718
1393,0.023770549784837301,-0.03201475679706154,0.012231239473769796
1394,0.023715258493514545,-0.03202920325368825,0.012355170872937461
1395,0.023659933775286648,-0.032043256208419683,0.012478915243429907
1396,0.023604576268781749,-0.032056915963703678,0.012602469953429819
1397,0.023549186612281604,-0.03207018282906153,0.012725832377343461
1398,0.023493765443710676,-0.032083057121075127,0.012848999895864546
1399,0.02343831340062532,-0.032095539163373953,0.012971969896037926
1400,0.02338283112020291,-0.032107629286621892,0.013094739771323066
1401,0.02332731923923104,-0.032119327828503949,0.013217306921657311
1402,0.023271778394096703,-0.032130635133712768,0.013339668753518951
1403,0.023216209220775507,-0.032141551553934965,0.013461822679990064
1404,0.023160612354820906,-0.032152077447837366,0.013583766120819168
1405,0.023104988431353463,-0.032162213181053105,0.013705496502483656
1406,0.023049338085050088,-0.032171959126167465,0.013827011258251998
1407,0.022993661950133349,-0.032181315662703686,0.013948307828245746
1408,0.022937960660360787,-0.032190283177108557,0.014069383659501321
1409,0.02288223484901419,-0.032198862062737817,0.014190236206031564
1410,0.022826485148888988,-0.032207052719841513,0.014310862928887088
1411,0.02277071219228359,-0.032214855555549086,0.014431261296217388
1412,0.022714916610988775,-0.032222270983854426,0.014551428783331747
1413,0.022659099036277098,-0.032229299425600676,0.014671362872759896
1414,0.022603260098892301,-0.03223594130846491,0.01479106105431246
1415,0.022547400429038772,-0.032242197066942722,0.014910520825141167
1416,0.022491520656370979,-0.032248067142332609,0.015029739689798835
1417,0.022435621409983012,-0.032253551982720167,0.015148715160299118
1418,0.022379703318398021,-0.032258652042962251,0.015267444756176019
1419,0.022323767009557793,-0.032263367784670878,0.015385926004543183
1420,0.022267813110812277,-0.032267699676197067,0.015504156440152926
1421,0.02221184224890916,-0.032271648192614445,0.015622133605455047
1422,0.022155855049983467,-0.032275213815702829,0.01573985505065539
1423,0.022099852139547165,-0.032278397033931504,0.015857318333774163
1424,0.022043834142478819,-0.032281198342442502,0.015974521020704038
1425,0.02198780168301322,-0.032283618243033663,0.016091460685267959
1426,0.021931755384731112,-0.03228565724414155,0.01620813490927675
1427,0.021875695870548845,-0.032287315860824249,0.016324541282586449
1428,0.021819623762708146,-0.032288594614744009,0.016440677403155406
1429,0.021763539682765863,-0.032289494034149727,0.016556540877101105
1430,0.021707444251583729,-0.03229001465385932,0.016672129318756772
1431,0.02165133808931817,-0.032290157015241933,0.016787440350727694
1432,0.02159522181541014,-0.032289921666200053,0.016902471603947318
1433,0.02153909604857494,-0.032289309161151379,0.01701722071773306
1434,0.021482961406792119,-0.032288320061010671,0.017131685339841867
1435,0.021426818507295362,-0.032286954933171373,0.017245863126525526
1436,0.021370667966562427,-0.032285214351487151,0.017359751742585711
1437,0.021314510400305058,-0.032283098896253269,0.017473348861428754
1438,0.021258346423458994,-0.032280609154187838,0.017586652165120183
1439,0.021202176650173956,-0.032277745718412881,0.017699659344438942
1440,0.021146001693803644,-0.032274509188435364,0.0178123680989314
1441,0.021089822166895866,-0.032270900170127979,0.01792477613696505
1442,0.021033638681182524,-0.032266919275709863,0.018036881175781977
1443,0.020977451847569765,-0.032262567123727159,0.018148680941552
1444,0.020921262276128103,-0.032257844339033441,0.0182601731694256
1445,0.020865070576082567,-0.032252751552769993,0.018371355603586548
1446,0.020808877355802922,-0.032247289402346009,0.018482225997304251
1447,0.020752683222793823,-0.03224145853141859,0.018592782112985835
1448,0.020696488783685095,-0.03223525958987266,0.018703021722227934
1449,0.020640294644221974,-0.032228693233800711,0.018812942605868219
1450,0.020584101409255422,-0.032221760125482474,0.01892254255403663
1451,0.020527909682732437,-0.032214460933364407,0.019031819366206341
1452,0.020471720067686411,-0.032206796332039052,0.019140770851244437
1453,0.020415533166227476,-0.032198767002224314,0.019249394827462293
1454,0.020359349579532966,-0.032190373630742578,0.019357689122665674
1455,0.020303169907837815,-0.032181616910499665,0.019465651574204573
1456,0.020246994750425008,-0.032172497540463744,0.019573280029022713
1457,0.02019082470561611,-0.032163016225644062,0.019680572343706799
1458,0.020134660370761778,-0.032153173677069526,0.019787526384535473
1459,0.020078502342232296,-0.032142970611767241,0.019894140027527953
1460,0.020022351215408189,-0.032132407752740816,0.020000411158492406
1461,0.019966207584670791,-0.032121485828948665,0.020106337673074015
1462,0.019910072043392939,-0.032110205575282103,0.020211917476802743
1463,0.019853945183929588,-0.032098567732543305,0.02031714848514081
1464,0.019797827597608574,-0.032086573047423239,0.020422028623529875
1465,0.019741719874721279,-0.032074222272479386,0.020526555827437915
1466,0.019685622604513463,-0.032061516166113357,0.020630728042405778
1467,0.019629536375176008,-0.032048455492548464,0.020734543224093491
1468,0.01957346177383577,-0.032035041021807015,0.0208379993383262
1469,0.019517399386546425,-0.032021273529687713,0.020941094361139858
1470,0.019461349798279362,-0.032007153797742695,0.021043826278826578
1471,0.01940531359291461,-0.031992682613254664,0.021146193087979687
1472,0.019349291353231778,-0.031977860769213738,0.021248192795538468
1473,0.019293283660901064,-0.031962689064294322,0.021349823418832615
1474,0.019237291096474218,-0.031947168302831758,0.021451082985626344
1475,0.019181314239375653,-0.031931299294798911,0.021551969534162236
1476,0.019125353667893492,-0.03191508285578263,0.021652481113204697
1477,0.019069409959170683,-0.031898519806960138,0.021752615782083214
1478,0.01901348368919617,-0.031881610975075206,0.021852371610735184
1479,0.018957575432796036,-0.031864357192414317,0.021951746679748481
1480,0.018901685763624752,-0.031846759296782705,0.022050739080403742
1481,0.01884581525415641,-0.03182881813148019,0.022149346914716244
1482,0.018789964475675977,-0.03181053454527704,0.022247568295477565
1483,0.018734133998270674,-0.031791909392389628,0.022345401346296836
1484,0.01867832439082125,-0.031772943532456022,0.022442844201641735
1485,0.018622536220993417,-0.031753637830511439,0.02253989500687913
1486,0.018566770055229241,-0.031733993156963618,0.022636551918315422
1487,0.018511026458738606,-0.03171401038756809,0.022732813103236518
1488,0.018455305995490688,-0.031693690403403307,0.022828676739947543
1489,0.018399609228205497,-0.031673034090845723,0.022924141017812174
1490,0.018343936718345385,-0.031652042341544701,0.023019204137291673
1491,0.018288289026106699,-0.03163071605239736,0.023113864309983592
1492,0.018232666710411356,-0.031609056125523352,0.023208119758660165
1493,0.01817707032889854,-0.031587063468239453,0.023301968717306304
1494,0.018121500437916358,-0.031564738993034115,0.023395409431157359
1495,0.018065957592513612,-0.031542083617541891,0.023488440156736484
1496,0.018010442346431541,-0.031519098264517785,0.023581059161891679
1497,0.017954955252095634,-0.03149578386181149,0.023673264725832532
1498,0.017899496860607475,-0.031472141342341484,0.023765055139166585
1499,0.017844067721736596,-0.031448171644069135,0.023856428703935405
1500,0.017788668383912437,-0.031423875709972598,0.023947383733650261
1501,0.017733299394216247,-0.031399254488020681,0.024037918553327549
1502,0.017677961298373086,-0.031374308931146594,0.024128031499523809
1503,0.017622654640743855,-0.031349039997221592,0.024217720920370434
1504,0.017567379964317349,-0.031323448649028571,0.024306985175608038
1505,0.017512137810702353,-0.031297535854235517,0.024395822636620493
1506,0.017456928720119794,-0.031271302585368872,0.024484231686468599
1507,0.017401753231394881,-0.031244749819786862,0.024572210719923437
1508,0.017346611881949341,-0.03121787853965265,0.024659758143499383
1509,0.017291505207793652,-0.031190689731907462,0.024746872375486756
1510,0.017236433743519339,-0.031163184388243618,0.02483355184598415
1511,0.017181398022291287,-0.031135363505077431,0.024919794996930401
1512,0.017126398575840099,-0.031107228083522065,0.025005600282136203
1513,0.017071435934454524,-0.031078779129360301,0.025090966167315435
1514,0.01701651062697386,-0.031050017653017185,0.025175891130116066
1515,0.016961623180780438,-0.031020944669532608,0.025260373660150753
1516,0.016906774121792159,-0.030991561198533822,0.025344412259027085
1517,0.016851963974455018,-0.03096186826420785,0.025428005440377495
1518,0.016797193261735718,-0.030931866895273788,0.02551115172988877
1519,0.016742462505114301,-0.030901558124955091,0.025593849665331306
1520,0.016687772224576812,-0.030870942990951732,0.025676097796587898
1521,0.016633122938608007,-0.030840022535412275,0.025757894685682303
1522,0.016578515164184113,-0.030808797804905898,0.025839238906807314
1523,0.016523949416765622,-0.030777269850394303,0.025920129046352609
1524,0.0164694262102901,-0.030745439727203575,0.026000563702932172
1525,0.016414946057165071,-0.030713308494995942,0.026080541487411374
1526,0.016360509468260925,-0.03068087721774148,0.026160061022933719
1527,0.016306116952903873,-0.030648146963689744,0.026239120944947243
1528,0.01625176901886892,-0.030615118805341276,0.026317719901230503
1529,0.016197466172372922,-0.030581793819419095,0.026395856551918288
1530,0.016143208918067621,-0.030548173086840092,0.02647352956952689
1531,0.016088997759032796,-0.030514257692686349,0.02655073763897909
1532,0.016034833196769356,-0.030480048726176365,0.026627479457628753
1533,0.015980715731192623,-0.030445547280636292,0.026703753735285083
1534,0.01592664586062547,-0.030410754453470978,0.026779559194236489
1535,0.015872624081791659,-0.030375671346135058,0.026854894569274129
1536,0.01581865088980914,-0.03034029906410388,0.026929758607715078
1537,0.015764726778183403,-0.030304638716844429,0.02700415006942514
1538,0.015710852238800869,-0.030268691417786157,0.027078067726841262
1539,0.015657027761922359,-0.030232458284291767,0.027151510364993688
1540,0.015603253836176537,-0.030195940437627865,0.027224476781527628
1541,0.015549530948553467,-0.03015913900293566,0.027296965786724667
1542,0.015495859584398152,-0.030122055109201476,0.027368976203523753
1543,0.015442240227404157,-0.030084689889227311,0.02744050686754184
1544,0.015388673359607264,-0.030047044479601243,0.027511556627094161
1545,0.015335159461379129,-0.030009120020667857,0.027582124343214196
1546,0.015281699011421067,-0.029970917656498536,0.027652208889673173
1547,0.015228292486757774,-0.029932438534861727,0.027721809152999273
1548,0.015174940362731194,-0.02989368380719316,0.027790924032496497
1549,0.015121643112994337,-0.029854654628565999,0.027859552440263079
1550,0.015068401209505216,-0.029815352157660912,0.027927693301209637
1551,0.015015215122520768,-0.029775777556736108,0.02799534555307687
1552,0.014962085320590863,-0.029735931991597329,0.02806250814645295
1553,0.014909012270552316,-0.029695816631567742,0.028129180044790536
1554,0.014855996437522979,-0.02965543264945783,0.028195360224423399
1555,0.014803038284895851,-0.02961478122153521,0.0282610476745827
1556,0.014750138274333226,-0.029573863527494363,0.028326241397412903
1557,0.01469729686576092,-0.029532680750426362,0.028390940407987314
1558,0.014644514517362517,-0.029491234076788532,0.028455143734323292
1559,0.014591791685573632,-0.029449524696374085,0.028518850417397015
1560,0.014539128825076283,-0.029407553802281591,0.028582059511157942
1561,0.014486526388793237,-0.029365322590884587,0.028644770082542886
1562,0.01443398482788244,-0.029322832261800987,0.028706981211489735
1563,0.014381504591731509,-0.029280084017862494,0.028768691990950765
1564,0.0143290861279522,-0.029237079065084014,0.028829901526905656
1565,0.014276729882374987,-0.029193818612632913,0.028890608938374057
1566,0.014224436299043653,-0.029150303872798343,0.02895081335742786
1567,0.014172205820209931,-0.029106536060960482,0.029010513929203049
1568,0.014120038886328184,-0.029062516395559668,0.029069709811911214
1569,0.014067935936050147,-0.02901824609806564,0.029128400176850679
1570,0.014015897406219691,-0.028973726392946573,0.029186584208417271
1571,0.013963923731867639,-0.028928958507638186,0.029244261104114717
1572,0.013912015346206646,-0.028883943672512766,0.029301430074564681
1573,0.013860172680626087,-0.028838683120848137,0.029358090343516406
1574,0.013808396164687015,-0.02879317808879666,0.02941424114785602
1575,0.013756686226117157,-0.028747429815354102,0.029469881737615462
1576,0.013705043290805959,-0.028701439542328559,0.029525011375981031
1577,0.013653467782799673,-0.028655208514309281,0.029579629339301576
1578,0.013601960124296479,-0.028608737978635473,0.029633734917096317
1579,0.013550520735641664,-0.028562029185365087,0.029687327412062266
1580,0.013499150035322847,-0.02851508338724356,0.029740406140081343
1581,0.01344784843996524,-0.028467901839672557,0.029792970430227078
1582,0.013396616364326978,-0.028420485800678623,0.029845019624770951
1583,0.013345454221294427,-0.028372836530881809,0.029896553079188346
1584,0.013294362421877644,-0.02832495529346438,0.029947570162164202
1585,0.013243341375205784,-0.028276843354139315,0.029998070255598207
1586,0.013192391488522609,-0.028228501981118943,0.030048052754609696
1587,0.013141513167182003,-0.028179932445083423,0.030097517067542118
1588,0.013090706814643596,-0.028131136019149336,0.030146462615967217
1589,0.01303997283246835,-0.028082113978838089,0.030194888834688752
1590,0.012989311620314251,-0.028032867602044435,0.030242795171745922
1591,0.012938723575932039,-0.027983398169004907,0.030290181088416388
1592,0.012888209095160957,-0.027933706962266203,0.03033704605921891
1593,0.012837768571924549,-0.027883795266653615,0.030383389571915675
1594,0.01278740239822655,-0.027833664369239387,0.030429211127514198
1595,0.012737110964146765,-0.0277833155593111,0.030474510240268891
1596,0.012686894657837023,-0.027732750128339968,0.030519286437682272
1597,0.012636753865517165,-0.027681969369949173,0.030563539260505763
1598,0.012586688971471102,-0.027630974579882173,0.030607268262740166
1599,0.012536700358042876,-0.027579767055970972,0.030650473011635745
1600,0.012486788405632811,-0.027528348098104397,0.030693153087691959
1601,0.012436953492693671,-0.027476719008196336,0.030735308084656819
1602,0.012387195995726895,-0.027424881090153987,0.030776937609525868
1603,0.012337516289278875,-0.027372835649846067,0.030818041282540835
1604,0.01228791474593725,-0.027320583995071056,0.030858618737187898
1605,0.012238391736327292,-0.027268127435525362,0.030898669620195562
1606,0.012188947629108295,-0.027215467282771535,0.030938193591532194
1607,0.012139582790970041,-0.027162604850206429,0.030977190324403246
1608,0.012090297586629287,-0.027109541453029372,0.031015659505247976
1609,0.012041092378826331,-0.027056278408210347,0.031053600833735966
1610,0.011991967528321589,-0.027002817034458098,0.03109101402276316
1611,0.011942923393892236,-0.026949158652188335,0.031127898798447601
1612,0.011893960332328906,-0.026895304583491843,0.031164254900124762
1613,0.011845078698432394,-0.02684125615210262,0.031200082080342563
1614,0.011796278845010465,-0.026787014683366001,0.031235380104855978
1615,0.011747561122874678,-0.026732581504206814,0.031270148752621345
1616,0.011698925880837228,-0.026677957943097467,0.031304387815790223
1617,0.011650373465707894,-0.026623145330026101,0.031338097099702984
1618,0.011601904222290986,-0.026568144996464711,0.031371276422881976
1619,0.011553518493382363,-0.026512958275337249,0.031403925617024347
1620,0.011505216619766485,-0.026457586500987746,0.031436044526994507
1621,0.011456998940213519,-0.026402031009148459,0.031467633010816287
1622,0.011408865791476487,-0.026346293136907988,0.031498690939664606
1623,0.011360817508288476,-0.026290374222679401,0.031529218197856958
1624,0.011312854423359862,-0.026234275606168384,0.03155921468284438
1625,0.011264976867375612,-0.026177998628341366,0.031588680305202184
1626,0.011217185168992611,-0.026121544631393642,0.031617614988620202
1627,0.011169479654837057,-0.026064914958717583,0.031646018669892834
1628,0.01112186064950188,-0.026008110954870725,0.031673891298908623
1629,0.011074328475544222,-0.025951133965543997,0.031701232838639494
1630,0.011026883453482959,-0.025893985337529853,0.031728043265129693
1631,0.010979525901796273,-0.025836666418690486,0.031754322567484325
1632,0.010932256136919265,-0.025779178557926004,0.031780070747857547
1633,0.010885074473241618,-0.025721523105142641,0.031805287821440383
1634,0.010837981223105295,-0.025663701411220978,0.031829973816448247
1635,0.010790976696802323,-0.0256057148279842,0.031854128774108079
1636,0.010744061202572567,-0.025547564708166312,0.031877752748645155
1637,0.010697235046601592,-0.025489252405380403,0.03190084580726945
1638,0.010650498533018554,-0.025430779274086913,0.031923408030161811
1639,0.010603851963894139,-0.025372146669561963,0.031945439510459646
1640,0.010557295639238561,-0.025313355947865632,0.031966940354242336
1641,0.010510829856999592,-0.025254408465810313,0.03198791068051629
1642,0.010464454913060636,-0.025195305580929028,0.03200835062119961
1643,0.010418171101238874,-0.025136048651443813,0.032028260321106485
1644,0.010371978713283421,-0.025076639036234111,0.032047639937931152
1645,0.010325878038873554,-0.025017078094805148,0.032066489642231563
1646,0.010279869365616985,-0.024957367187256402,0.032084809617412752
1647,0.010233952979048168,-0.024897507674250037,0.032102600059709732
1648,0.010188129162626656,-0.024837500916979383,0.032119861178170207
1649,0.010142398197735521,-0.024777348277137418,0.032136593194636791
1650,0.010096760363679786,-0.024717051116885328,0.03215279634372898
1651,0.010051215937684953,-0.024656610798821026,0.032168470872824782
1652,0.010005765194895527,-0.024596028685947749,0.032183617042041944
1653,0.0099604084083736097,-0.024535306141642673,0.032198235124218898
1654,0.0099151458490975546,-0.024474444529625512,0.032212325404895381
1655,0.0098699777859606267,-0.024413445213927198,0.032225888182292627
1656,0.0098249044857697601,-0.024352309558858611,0.032238923767293336
1657,0.0097799262132443211,-0.024291038928979245,0.032251432483421237
1658,0.0097350432310149265,-0.024229634689066002,0.032263414666820311
1659,0.0096902557996223233,-0.024168098204081955,0.032274870666233739
1660,0.0096455641775163112,-0.024106430839145192,0.032285800842982465
1661,0.0096009686210546813,-0.024044633959497654,0.032296205570943433
1662,0.0095564693845022509,-0.02398270893047404,0.032306085236527518
1663,0.0095120667200299016,-0.023920657117470708,0.032315440238657095
1664,0.0094677608777136817,-0.023858479885914666,0.032324270988743305
1665,0.0094235521055339617,-0.023796178601232544,0.032332577910662977
1666,0.009379440649374602,-0.023733754628819635,0.032340361440735203
1667,0.0093354267530222253,-0.023671209334008972,0.032347622027697663
1668,0.0092915106581654798,-0.02360854408204047,0.032354360132682516
1669,0.0092476926043943627,-0.023545760238030011,0.032360576229192042
1670,0.009203972829199613,-0.023482859166938718,0.032366270803073936
1671,0.00916035156797213,-0.023419842233542144,0.032371444352496274
1672,0.009116829054002424,-0.023356710802399545,0.032376097387922173
1673,0.009073405518480156,-0.023293466237823225,0.032380230432084101
1674,0.00903008119049367,-0.023230109903847898,0.032383844019957898
1675,0.0089868562970296072,-0.023166643164200085,0.032386938698736475
1676,0.0089437310629725611,-0.023103067382267577,0.032389515027803129
1677,0.0089007057111047654,-0.023039383921068943,0.032391573578704695
1678,0.0088577804621058319,-0.022975594143223067,0.032393114935124159
1679,0.0088149555345525439,-0.022911699410918758,0.03239413969285318
1680,0.0087722311449186831,-0.022847701085884374,0.032394648459764162
1681,0.0087296075075749043,-0.022783600529357538,0.032394641855782023
1682,0.008687084834788656,-0.022719399102054862,0.03239412051285568
1683,0.0086446633367241558,-0.02265509816414174,0.032393085074929259
1684,0.0086023432214423837,-0.022590699075202218,0.032391536197912914
1685,0.0085601246949011597,-0.022526203194208883,0.032389474549653387
1686,0.0085180079609552331,-0.022461611879492797,0.032386900809904265
1687,0.0084759932213564308,-0.022396926488713522,0.032383815670295898
1688,0.0084340806757538505,-0.022332148378829159,0.03238021983430503
1689,0.0083922705216941014,-0.022267278906066484,0.032376114017224129
1690,0.008350562954621563,-0.022202319425891088,0.032371498946130381
1691,0.0083089581678787387,-0.022137271292977625,0.032366375359854455
1692,0.0082674563527066168,-0.022072135861180103,0.032360744008948873
1693,0.0082260576982450713,-0.022006914483502189,0.032354605655656156
1694,0.00818476239153333,-0.021941608512067643,0.032347961073876635
1695,0.0081435706175104951,-0.021876219298090773,0.03234081104913597
1696,0.008102482559016062,-0.021810748191846939,0.032333156378552372
1697,0.0080614983967905313,-0.021745196542643144,0.032324997870803528
1698,0.0080206183094760318,-0.021679565698788674,0.032316336346093225
1699,0.0079798424736170145,-0.021613857007565795,0.032307172636117709
1700,0.0079391710636609585,-0.021548071815200534,0.032297507584031708
1701,0.0078986042519591584,-0.021482211466833483,0.032287342044414219
1702,0.0078581422087675261,-0.021416277306490733,0.032276676883233935
1703,0.0078177851022474456,-0.021350270677054806,0.032265512977814471
1704,0.0077775330984666798,-0.021284192920235676,0.032253851216799204
1705,0.0077373863614003087,-0.021218045376541893,0.03224169250011593
1706,0.0076973450529317115,-0.021151829385251696,0.032229037738941126
1707,0.0076574093328536036,-0.021085546284384291,0.032215887855664045
1708,0.007617579358869116,-0.021019197410671105,0.032202243783850441
1709,0.0075778552865928949,-0.020952784099527173,0.032188106468206037
1710,0.0075382372695522787,-0.02088630768502257,0.032173476864539738
1711,0.0074987254591884871,-0.020819769499853896,0.032158355939726511
1712,0.0074593200048578842,-0.020753170875315894,0.032142744671670075
1713,0.007420021053833251,-0.020686513141273056,0.032126644049265234
1714,0.0073808287513051291,-0.020619797626131364,0.032110055072359964
1715,0.0073417432403831868,-0.020553025656810088,0.032092978751717238
1716,0.0073027646620976499,-0.020486198558713645,0.032075416108976573
1717,0.0072638931554007439,-0.020419317655703546,0.032057368176615274
1718,0.0072251288571682105,-0.020352384270070401,0.032038835997909479
1719,0.0071864719022008477,-0.020285399722506037,0.032019820626894874
1720,0.0071479224232261079,-0.020218365332075657,0.032000323128327152
1721,0.0071094805508997048,-0.020151282416190078,0.031980344577642233
1722,0.0070711464138073091,-0.020084152290578076,0.031959886060916216
1723,0.0070329201384662487,-0.020016976269258756,0.031938948674824996
1724,0.0069948018493272701,-0.019949755664514082,0.031917533526603759
1725,0.0069567916687763333,-0.019882491786861391,0.031895641734006101
1726,0.0069188897171364545,-0.019815185945026081,0.031873274425262929
1727,0.0068810961126695861,-0.019747839445914302,0.031850432739041097
1728,0.0068434109715785375,-0.019680453594585787,0.031827117824401806
1729,0.0068058344080089402,-0.019613029694226711,0.031803330840758724
1730,0.0067683665340512568,-0.019545569046122695,0.031779072957835885
1731,0.0067310074597428226,-0.019478072949631837,0.031754345355625282
1732,0.0066937572930699345,-0.019410542702157856,0.031729149224344284
1733,0.0066566161399699876,-0.019342979599123324,0.031703485764392747
1734,0.0066195841043336376,-0.019275384933942971,0.031677356186309902
1735,0.0065826612880070089,-0.019207759997997089,0.031650761710730994
1736,0.0065458477907939525,-0.019140106080604978,0.03162370356834366
1737,0.0065091437104583382,-0.019072424468998574,0.031596182999844118
1738,0.0064725491427263812,-0.019004716448296047,0.03156820125589304
1739,0.0064360641812890203,-0.018936983301475592,0.031539759597071226
1740,0.0063996889178043279,-0.01886922630934924,0.031510859293835063
1741,0.0063634234418999645,-0.018801446750536795,0.031481501626471696
1742,0.0063272678411756744,-0.018733645901439822,0.031451687885054008
1743,0.0062912222012058159,-0.018665825036215798,0.03142141936939534
1744,0.0062552866055419322,-0.018597985426752252,0.031390697389003956
1745,0.0062194611357153685,-0.018530128342641113,0.031359523263037356
1746,0.0061837458712399249,-0.01846225505115304,0.031327898320256287
1747,0.0061481408896145433,-0.018394366817211946,0.031295823898978538
1748,0.006112646266326043,-0.018326464903369512,0.031263301347032563
1749,0.0060772620748518859,-0.018258550569779895,0.031230332021710782
1750,0.0060419883866629906,-0.018190625074174464,0.031196917289722764
1751,0.0060068252712265797,-0.01812268967183665,0.031163058527148117
1752,0.0059717727960090687,-0.018054745615576913,0.031128757119389179
1753,0.0059368310264789849,-0.017986794155707773,0.031094014461123514
1754,0.0059020000261099416,-0.017918836540018974,0.031058831956256139
1755,0.0058672798563836363,-0.017850874013752675,0.031023211017871592
1756,0.005832670576792885,-0.017782907819578846,0.030987153068185731
1757,0.0057981722448447173,-0.017714939197570664,0.030950659538497398
1758,0.0057637849160634769,-0.017646969385180067,0.030913731869139767
1759,0.0057295086439939904,-0.017578999617213396,0.03087637150943159
1760,0.0056953434802047564,-0.017511031125807118,0.03083857991762818
1761,0.0056612894742911757,-0.017443065140403689,0.030800358560872165
1762,0.0056273466738788174,-0.017375102887727447,0.030761708915144109
1763,0.0055935151246267328,-0.017307145591760695,0.030722632465212847
1764,0.005559794870230784,-0.01723919447371982,0.030683130704585691
1765,0.0055261859524270438,-0.017171250752031565,0.030643205135458405
1766,0.0054926884109952039,-0.017103315642309356,0.030602857268665008
1767,0.0054593022837620226,-0.01703539035732976,0.03056208862362729
1768,0.0054260276066048305,-0.016967476107009053,0.030520900728304289
1769,0.0053928644134550443,-0.016899574098379874,0.030479295119141429
1770,0.0053598127363017429,-0.016831685535568006,0.03043727334101955
1771,0.0053268726051952627,-0.016763811619769246,0.030394836947203699
1772,0.0052940440482508299,-0.016695953549226369,0.030351987499291789
1773,0.0052613270916522428,-0.016628112519206241,0.030308726567163036
1774,0.0052287217596555767,-0.016560289721977005,0.030265055728926217
1775,0.005196228074592928,-0.016492486346785393,0.030220976570867742
1776,0.0051638460568761962,-0.016424703579834131,0.030176490687399565
1777,0.0051315757250008937,-0.016356942604259451,0.030131599681006861
1778,0.0050994170955500091,-0.016289204600108739,0.030086305162195612
1779,0.0050673701831978829,-0.016221490744318268,0.03004060874943993
1780,0.0050354350007141358,-0.016153802210691064,0.029994512069129283
1781,0.0050036115589676203,-0.016086140169874839,0.029948016755515464
1782,0.0049718998669304147,-0.016018505789340092,0.029901124450659476
1783,0.0049402999316818519,-0.015950900233358274,0.02985383680437818
1784,0.0049088117584125722,-0.015883324662980099,0.029806155474190823
1785,0.0048774353504286239,-0.015815780236013949,0.029758082125265369
1786,0.0048461707091555966,-0.015748268107004408,0.029709618430364685
1787,0.0048150178341427718,-0.015680789427210871,0.029660766069792538
1788,0.0047839767230673323,-0.015613345344586332,0.029611526731339478
1789,0.0047530473717385825,-0.015545937003756206,0.029561902110228487
1790,0.004722229774102223,-0.015478565545997349,0.029511893909060578
1791,0.0046915239222446387,-0.015411232109217125,0.029461503837760122
1792,0.0046609298063972357,-0.015343937827932622,0.029410733613520108
1793,0.004630447414940805,-0.015276683833249999,0.029359584960747226
1794,0.0046000767344099172,-0.015209471252843911,0.029308059611006774
1795,0.0045698177494973569,-0.015142301210937058,0.029256159302967436
1796,0.0045396704430585794,-0.015075174828279893,0.029203885782345937
1797,0.0045096347961162096,-0.015008093222130392,0.029151240801851493
1798,0.0044797107878645683,-0.014941057506233972,0.029098226121130177
1799,0.0044498983956742311,-0.014874068790803534,0.02904484350670913
1800,0.0044201975950966255,-0.01480712818249961,0.028991094731940611
1801,0.004390608359868646,-0.014740236784410615,0.028936981576945908
1802,0.0043611306619173182,-0.014673395696033273,0.028882505828559151
1803,0.0043317644713644788,-0.014606606013253087,0.028827669280270942
1804,0.0043025097565314975,-0.014539868828324993,0.028772473732171885
1805,0.0042733664839440244,-0.014473185229854109,0.028716920990895976
1806,0.0042443346183367731,-0.014406556302776598,0.028661012869563875
1807,0.0042154141226583303,-0.014339983128340682,0.02860475118772602
1808,0.0041866049580759988,-0.014273466784087741,0.028548137771305639
1809,0.0041579070839806729,-0.01420700834383354,0.028491174452541648
1810,0.0041293204579917397,-0.014140608877649627,0.028433863069931405
1811,0.0041008450359620065,-0.014074269451844774,0.028376205468173325
1812,0.0040724807719826729,-0.014007991128946615,0.02831820349810945
1813,0.0040442276183883267,-0.013941774967683359,0.028259859016667811
1814,0.0040160855257619582,-0.013875622022965654,0.028201173886804737
1815,0.0039880544429400176,-0.013809533345868572,0.028142149977447069
1816,0.003960134317017497,-0.013743509983613697,0.028082789163434169
1817,0.0039323250933530427,-0.013677552979551368,0.028023093325459915
1818,0.0039046267155740961,-0.013611663373143028,0.027963064350014527
1819,0.0038770391255820622,-0.013545842199943703,0.027902704129326338
1820,0.0038495622635575039,-0.013480090491584594,0.027842014561303398
1821,0.0038221960679653811,-0.013414409275755849,0.027780997549475047
1822,0.0037949404755602957,-0.013348799576189395,0.027719655002933354
1823,0.0037677954213917795,-0.013283262412641906,0.027657988836274423
1824,0.003740760838809603,-0.013217798800877955,0.027596000969539687
1825,0.0037138366594691176,-0.013152409752653233,0.027533693328156989
1826,0.0036870228133366223,-0.013087096275697917,0.027471067842881679
1827,0.0036603192286947554,-0.013021859373700172,0.027408126449737578
1828,0.0036337258321479248,-0.012956700046289776,0.027344871089957836
1829,0.0036072425486277484,-0.012891619289021876,0.027281303709925736
1830,0.0035808693013985398,-0.012826618093360866,0.027217426261115386
1831,0.0035546060120628035,-0.012761697446664401,0.027153240700032319
1832,0.0035284526005667691,-0.012696858332167538,0.027088748988154065
1833,0.0035024089852059453,-0.012632101728967001,0.027023953091870549
1834,0.0034764750826307071,-0.012567428612005598,0.026958854982424521
1835,0.0034506508078518978,-0.012502839952056732,0.026893456635851812
1836,0.0034249360742464709,-0.012438336715709077,0.026827760032921592
1837,0.0033993307935631513,-0.01237391986535138,0.026761767159076515
1838,0.0033738348759281157,-0.012309590359157361,0.026695480004372781
1839,0.0033484482298507074,-0.012245349151070785,0.026628900563420155
1840,0.0033231707622291742,-0.01218119719079064,0.026562030835321906
1841,0.0032980023783564304,-0.012117135423756465,0.026494872823614693
1842,0.0032729429819258406,-0.01205316479113379,0.026427428536208358
1843,0.0032479924750370374,-0.011989286229799724,0.026359699985325714
1844,0.0032231507582017546,-0.011925500672328681,0.026291689187442208
1845,0.003198417730349686,-0.011861809046978204,0.026223398163225546
1846,0.0031737932888343747,-0.01179821227767497,0.026154828937475307
1847,0.0031492773294391177,-0.011734711284000892,0.026085983539062427
1848,0.0031248697463829005,-0.011671306981179359,0.026016864000868667
1849,0.0031005704323263548,-0.01160800028006163,0.025947472359726057
1850,0.0030763792783777342,-0.011544792087113342,0.025877810656356255
1851,0.0030522961740989236,-0.011481683304401163,0.02580788093530987
1852,0.0030283210075114581,-0.011418674829579572,0.025737685244905727
1853,0.0030044536651025783,-0.011355767555877775,0.025667225637170124
1854,0.0029806940318312988,-0.011292962372086759,0.025596504167775997
1855,0.0029570419911344997,-0.011230260162546466,0.025525522895982058
1856,0.0029334974249330503,-0.011167661807133137,0.025454283884571948
1857,0.0029100602136379414,-0.011105168181246737,0.025382789199793282
1858,0.00288673023615645,-0.011042780155798581,0.025311040911296726
1859,0.002863507369898319,-0.010980498597199026,0.025239041092074949
1860,0.00284039149078196,-0.01091832436734535,0.025166791818401649
1861,0.0028173824732406856,-0.010856258323609756,0.025094295169770488
1862,0.0027944801902289491,-0.010794301318827486,0.025021553228834016
1863,0.0027716845132286149,-0.010732454201285114,0.024948568081342572
1864,0.0027489953122552487,-0.010670717814708928,0.024875341816083141
1865,0.0027264124558644218,-0.010609092998253475,0.024801876524818207
1866,0.0027039358111580476,-0.010547580586490258,0.024728174302224622
1867,0.0026815652437907249,-0.010486181409396523,0.024654237245832381
1868,0.002659300617976115,-0.010424896292344239,0.024580067455963445
1869,0.0026371417964933253,-0.010363726056089156,0.0245056670356705
1870,0.0026150886406933211,-0.010302671516760051,0.02443103809067575
1871,0.0025931410105053576,-0.010241733485848085,0.0243561827293097
1872,0.0025712987644434262,-0.010180912770196296,0.02428110306244986
1873,0.0025495617596127205,-0.010120210171989233,0.024205801203459509
1874,0.0025279298517161242,-0.010059626488742724,0.024130279268126428
1875,0.0025064028950607183,-0.0099991625132938057,0.024054539374601665
1876,0.0024849807425643051,-0.0099388190337907599,0.023978583643338259
1877,0.002463663245761949,-0.0098785968336833046,0.023902414197029969
1878,0.0024424502548125357,-0.0098184966917128965,0.023826033160550007
1879,0.0024213416185053559,-0.0097585193819032315,0.023749442660889804
1880,0.0024003371842666954,-0.0096986656735507867,0.023672644827097734
1881,0.0023794367981664526,-0.009638936331215613,0.023595641790217867
1882,0.002358640304924772,-0.0095793321147121715,0.023518435683228773
1883,0.0023379475479186882,-0.0095198537791003693,0.023441028640982253
1884,0.0023173583691887948,-0.0094605020746766997,0.023363422800142166
1885,0.0022968726094459275,-0.0094012777469655324,0.023285620299123209
1886,0.0022764901080778595,-0.0093421815367105421,0.023207623278029763
1887,0.0022562107031560237,-0.0092832141798662692,0.023129433878594695
1888,0.0022360342314422374,-0.0092243764075898276,0.023051054244118237
1889,0.0022159605283954549,-0.0091656689462327502,0.0229724865194069
1890,0.002195989428178531,-0.0091070925173329514,0.022893732850712323
1891,0.0021761207636650003,-0.0090486478376068814,0.022814795385670265
1892,0.0021563543664458707,-0.0089903356189417402,0.022735676273239518
1893,0.0021366900668364349,-0.0089321565683879028,0.022656377663640904
1894,0.0021171276938830971,-0.0088741113881514455,0.022576901708296317
1895,0.0020976670753702132,-0.0088162007755868167,0.02249725055976776
1896,0.0020783080378269443,-0.0087584254231896572,0.022417426371696435
1897,0.0020590504065341308,-0.0087007860185897377,0.022337431298741876
1898,0.0020398940055311675,-0.0086432832445440429,0.022257267496521085
1899,0.0020208386576229137,-0.0085859177789300318,0.022176937121547776
1900,0.0020018841843865965,-0.0085286902947389661,0.022096442331171601
1901,0.0019830304061787397,-0.0084716014600694309,0.022015785283517407
1902,0.0019642771421421027,-0.0084146519381209702,0.021934968137424602
1903,0.0019456242102126361,-0.0083578423871878919,0.021853993052386545
1904,0.0019270714271264432,-0.0083011734606531513,0.021772862188489953
1905,0.0019086186084267607,-0.0082446458069824324,0.021691577706354381
1906,0.0018902655684709536,-0.0081882600697183484,0.02161014176707176
1907,0.0018720121204375145,-0.0081320168874747644,0.021528556532145988
1908,0.0018538580763330817,-0.0080759168939312665,0.021446824163432545
1909,0.0018358032469994706,-0.0080199607178277933,0.021364946823078244
1910,0.0018178474421207162,-0.0079641489829593848,0.021282926673460961
1911,0.0017999904702301168,-0.0079084823081710439,0.021200765877129435
1912,0.0017822321387173097,-0.0078529613073528085,0.021118466596743202
1913,0.0017645722538353391,-0.0077975865894348685,0.021036030995012486
1914,0.0017470106207077443,-0.007742358758382902,0.020953461234638246
1915,0.00172954704333566,-0.0076872784131935086,0.020870759478252253
1916,0.0017121813246049268,-0.0076323461478898019,0.020787927888357274
1917,0.0016949132662932049,-0.0075775625515170962,0.020704968627267242
1918,0.0016777426690771056,-0.0075229282081387778,0.020621883857047534
1919,0.0016606693325393357,-0.0074684436968323071,0.02053867573945543
1920,0.0016436930551758436,-0.0074141095916853503,0.020455346435880508
1921,0.0016268136344029808,-0.0073599264617920414,0.020371898107285187
1922,0.00161003086656467,-0.0073058948712493715,0.020288332914145286
1923,0.0015933445469395869,-0.0072520153791537671,0.020204653016390812
1924,0.0015767544697483451,-0.0071982885395977456,0.020120860573346611
1925,0.0015602604281606961,-0.0071447149016667429,0.020036957743673305
1926,0.001543862214302734,-0.0070912950094360709,0.019952946685308216
1927,0.0015275596192641135,-0.007038029401968007,0.019868829555406409
1928,0.0015113524331052707,-0.0069849186133090282,0.019784608510281802
1929,0.0014952404448646559,-0.0069319631724871775,0.019700285705348396
1930,0.0014792234425659743,-0.006879163603509565,0.019615863295061573
1931,0.0014633012132254321,-0.0068265204253600085,0.019531343432859501
1932,0.0014474735428589903,-0.0067740341519968014,0.019446728271104601
1933,0.0014317402164896328,-0.0067217052923506477,0.019362019961025215
1934,0.001416101018154632,-0.0066695343503226888,0.019277220652657249
1935,0.0014005557309128302,-0.0066175218247827095,0.019192332494786024
1936,0.0013851041368519198,-0.0065656682095674374,0.019107357634888116
1937,0.0013697460170957374,-0.0065139739934790145,0.019022298219073412
1938,0.0013544811518115592,-0.0064624396602835877,0.018937156392027213
1939,0.0013393093202174078,-0.0064110656887100366,0.018851934296952474
1940,0.0013242303005893605,-0.0063598525524488411,0.018766634075512122
1941,0.001309243870268866,-0.0063088007201510731,0.018681257867771514
1942,0.0012943498056700662,-0.0062579106554275423,0.018595807812140999
1943,0.0012795478822871212,-0.0062071828168480409,0.018510286045318552
1944,0.0012648378747015462,-0.0061566176579407779,0.018424694702232635
1945,0.0012502195565895456,-0.0061062156271918964,0.018339035915985045
1946,0.0012356927007293613,-0.0060559771680451617,0.018253311817794011
1947,0.0012212570790086142,-0.0060059027189017554,0.018167524536937263
1948,0.0012069124624316597,-0.005955992713120215,0.018081676200695354
1949,0.0011926586211269442,-0.0059062475790165186,0.017995768934295057
1950,0.0011784953243543664,-0.0058566677398642882,0.01790980486085288
1951,0.0011644223405126426,-0.0058072536138951388,0.017823786101318739
1952,0.001150439437146675,-0.0057580056142991437,0.017737714774419707
1953,0.0011365463809549245,-0.0057089241492254503,0.017651592996603963
1954,0.0011227429377967837,-0.005660009621783005,0.017565422881984753
1955,0.0011090288726999617,-0.0056112624300414561,0.017479206542284697
1956,0.0010954039498678606,-0.0055626829670321256,0.017392946086779982
1957,0.0010818679326869646,-0.0055142716207491668,0.017306643622244884
1958,0.001068420583734229,-0.005466028774150848,0.017220301252896374
1959,0.0010550616647844663,-0.0054179548051609258,0.017133921080338774
1960,0.0010417909368177411,-0.0053700500866701939,0.017047505203508662
1961,0.0010286081600267643,-0.0053223149865381453,0.016961055718619909
1962,0.0010155130938242904,-0.0052747498675947708,0.0168745747191088
1963,0.0010025054968505168,-0.0052273550876424839,0.016788064295579368
1964,0.00098958512698047851,-0.005180130999458161,0.01670152653574879
1965,0.00097675174133145769,-0.0051330779507953667,0.016614963524393088
1966,0.00096400509627038271,-0.0050861962843866491,0.016528377343292825
1967,0.00095134494742122688,-0.0050394863379459769,0.016441770071178956
1968,0.00093877104967241823,-0.0049929484441713218,0.016355143783678944
1969,0.0009262831571842454,-0.0049465829307473973,0.016268500553263027
1970,0.00091388102339625841,-0.0049003901203484501,0.016181842449190468
1971,0.00090156440103467627,-0.0048543703306412438,0.016095171537456144
1972,0.00088933304211979232,-0.0048085238742881517,0.016008489880737237
1973,0.00087718669797338077,-0.0047628510589503804,0.015921799538340074
1974,0.00086512511922610068,-0.0047173521872913154,0.015835102566147136
1975,0.00085314805582489698,-0.0046720275569799808,0.015748401016564165
1976,0.00084125525704041224,-0.0046268774606946826,0.015661696938467633
1977,0.00082944647147438564,-0.0045819021861267187,0.015574992377152186
1978,0.00081772144706705112,-0.0045371020159842195,0.015488289374278248
1979,0.00080607993110454082,-0.0044924772279961505,0.015401589967819918
1980,0.00079452167022629045,-0.0044480280949164503,0.015314896192013089
1981,0.00078304641043242624,-0.0044037548845282139,0.015228210077303446
1982,0.00077165389709116673,-0.0043596578596480882,0.015141533650294919
1983,0.00076034387494621457,-0.0043157372781307563,0.015054868933698218
1984,0.00074911608812414966,-0.0042719933928735479,0.014968217946279535
1985,0.00073797028014181807,-0.0042284264518211842,0.014881582702809445
1986,0.00072690619391371206,-0.0041850366979706028,0.014794965214011854
1987,0.00071592357175936602,-0.0041418243693760112,0.01470836748651347
1988,0.00070502215541073216,-0.0040987896991539659,0.014621791522793127
1989,0.00069420168601955104,-0.0040559329154885677,0.014535239321131259
1990,0.00068346190416473213,-0.0040132542416368494,0.014448712875559813
1991,0.00067280254985973404,-0.0039707538959343116,0.01436221417581242
1992,0.00066222336255991588,-0.0039284320918004283,0.014275745207274234
1993,0.00065172408116990826,-0.0038862890377444194,0.014189307950932437
1994,0.0006413044440509736,-0.0038443249373710936,0.014102904383326811
1995,0.00063096418902836146,-0.0038025399893868253,0.014016536476500481
1996,0.00062070305339866159,-0.003760934387605646,0.013930206197950866
1997,0.00061052077393712926,-0.0037195083209553299,0.013843915510580351
1998,0.00060041708690506323,-0.0036782619734839453,0.013757666372648407
1999,0.00059039172805714203,-0.0036371955243662988,0.01367146073772311
