sample,taper0,taper1,taper2
0,0.00052716768436741608,0.0032495385608803723,0.012220416549402752
1,0.00053433004991330067,0.0032788975560867658,0.012282093913781727
2,0.00054153720770173486,0.0033083595614692308,0.012343796515807241
3,0.00054878927883512659,0.0033379244958673848,0.012405523461713837
4,0.00055608638423161702,0.0033675922763366432,0.012467273856008314
5,0.00056342864462293049,0.0033973628181463121,0.012529046801483909
6,0.00057081618055224181,0.0034272360347778032,0.01259084139923492
7,0.0005782491123719997,0.0034572118379226392,0.012652656748670398
8,0.00058572756024177709,0.0034872901374806394,0.012714491947528564
9,0.00059325164412613203,0.0035174708415582111,0.012776346091891455
10,0.00060082148379242547,0.0035477538564664185,0.012838218276198769
11,0.00060843719880869192,0.0035781390867193996,0.012900107593262877
12,0.00061609890854146909,0.0036086264350325722,0.012962013134283041
13,0.00062380673215364183,0.003639215802320963,0.013023933988859976
14,0.00063156078860229119,0.003669907087697591,0.013085869245010604
15,0.00063936119663651758,0.0037007001884717494,0.013147817989182336
16,0.0006472080747952977,0.0037315950001475004,0.013209779306268087
17,0.00065510154140531376,0.003762591416422057,0.013271752279620823
18,0.00066304171457879973,0.0037936893291842877,0.013333735991068452
19,0.00067102871221136362,0.0038248886285131146,0.013395729520928358
20,0.00067906265197983809,0.0038561892026761175,0.013457731948022508
21,0.000687143651340109,0.0038875909381280403,0.013519742349692216
22,0.00069527182752495168,0.003919093719509362,0.013581759801813054
23,0.00070344729754186945,0.0039506974296449407,0.013643783378809964
24,0.0007116701781709182,0.0039824019495425722,0.013705812153672021
25,0.00071994058596254928,0.00401420715839173,0.013767845197967718
26,0.00072825863723543832,0.0040461129335622138,0.013829881581859958
27,0.00073662444807432196,0.0040781191506029067,0.013891920374121279
28,0.00074503813432781922,0.0041102256832404637,0.013953960642148829
29,0.0007534998116062743,0.0041424324033781526,0.014016001451979794
30,0.00076200959527958183,0.004174739181094636,0.014078041868306548
31,0.00077056760047501877,0.0042071458846428102,0.014140080954491952
32,0.00077917394207507472,0.0042396523804486726,0.014202117772584694
33,0.00078782873471528586,0.0042722585331102497,0.014264151383334749
34,0.00079653209278206249,0.004304964205396499,0.01432618084620871
35,0.00080528413041051742,0.0043377692582462638,0.014388205219405236
36,0.00081408496148229533,0.004370673550767268,0.014450223559870558
37,0.00082293469962340922,0.0044036769402351515,0.014512234923314075
38,0.00083183345820205901,0.004436779282092484,0.014574238364223779
39,0.0008407813503264705,0.0044699804299478743,0.014636232935882005
40,0.00084977848884272111,0.0045032802355750657,0.014698217690381009
41,0.00085882498633257259,0.0045366785489120934,0.014760191678638717
42,0.00086792095511129344,0.0045701752180604127,0.014822153950414299
43,0.00087706650722549578,0.0046037700892841375,0.01488410355432407
44,0.00088626175445096172,0.0046374630070092479,0.014946039537857208
45,0.00089550680829047699,0.0046712538138228791,0.015007960947391647
46,0.00090480177997165454,0.0047051423504725579,0.015069866828209821
47,0.00091414678044477013,0.0047391284558655766,0.015131756224514684
48,0.00092354192038059211,0.0047732119670683155,0.015193628179445575
49,0.00093298731016820994,0.0048073927193056261,0.015255481735094202
50,0.000942483059912868,0.0048416705459602485,0.015317315932520639
51,0.00095202927943379865,0.0048760452785722675,0.01537912981176943
52,0.00096162607826205172,0.0049105167468385703,0.015440922411885594
53,0.00097127356563832799,0.0049450847786123514,0.015502692770930738
54,0.00098097185051080997,0.0049797491999026434,0.015564439925999202
55,0.00099072104153299836,0.00501450983487389,0.01562616291323423
56,0.0010005212470615475,0.0050493665058455569,0.015687860767844227
57,0.0010103725751540967,0.0050843190332917395,0.01574953252411896
58,0.0010202751335671076,0.0051193672358408266,0.015811177215445806
59,0.0010302290297536977,0.0051545109302751869,0.015872793874326087
60,0.0010402343708614816,0.0051897499315309058,0.015934381532391434
61,0.0010502912637304054,0.0052250840526975222,0.015995939220420113
62,0.0010603998148905843,0.0052605131050178101,0.016057465968353432
63,0.0010705601305601412,0.0052960368978875938,0.016118960805312166
64,0.0010807723166430477,0.0053316552388555953,0.016180422759613004
65,0.0010910364787269677,0.0053673679336233198,0.016241850858785125
66,0.0011013527220810955,0.005403174786044955,0.016303244129586638
67,0.0011117211516539992,0.0054390755981273044,0.016364601598021146
68,0.0011221418720714618,0.0054750701700297605,0.016425922289354338
69,0.0011326149876343327,0.005511158300064321,0.016487205228130637
70,0.0011431406023163641,0.0055473397846955898,0.016548449438189745
71,0.0011537188197620653,0.0055836144185408779,0.016609653942683406
72,0.0011643497432845499,0.0056199819943702897,0.01667081776409212
73,0.0011750334758633798,0.0056564423031068281,0.016731939924241747
74,0.0011857701201424204,0.0056929951338265785,0.016793019444320368
75,0.0011965597784276863,0.0057296402737588761,0.01685405534489497
76,0.0012074025526852008,0.0057663775082865479,0.016915046645928369
77,0.0012182985445388485,0.0058032066209461755,0.016975992366795999
78,0.0012292478552682268,0.0058401273934283468,0.017036891526302712
79,0.0012402505858065064,0.0058771396055780009,0.01709774314269976
80,0.001251306836738288,0.0059142430353947666,0.017158546233701655
81,0.0012624167082974614,0.0059514374590333386,0.017219299816503105
82,0.0012735803003650673,0.0059887226508038962,0.017280002907795976
83,0.0012847977124671626,0.0060260983831725533,0.017340654523786348
84,0.0012960690437726803,0.0060635644267618277,0.017401253680211462
85,0.0013073943930912984,0.0061011205503511455,0.017461799392356762
86,0.0013187738588713045,0.006138766520877378,0.017522290675072973
87,0.0013302075391974698,0.0061765021034354385,0.017582726542793213
88,0.0013416955317889123,0.0062143270612788409,0.01764310600955004
89,0.0013532379339969774,0.0062522411558203778,0.017703428088992647
90,0.001364834842803108,0.0062902441466327671,0.017763691794403982
91,0.0013764863548167236,0.0063283357914493696,0.017823896138717991
92,0.0013881925662730936,0.0063665158461648878,0.017884040134536705
93,0.0013999535730312223,0.0064047840648361627,0.017944122794147574
94,0.0014117694705717272,0.0064431401996829481,0.018004143129540646
95,0.0014236403539947249,0.0064815840010887535,0.018064100152425853
96,0.0014355663180177182,0.0065201152176016988,0.018123992874250337
97,0.001447547456973481,0.0065587335959354032,0.018183820306215705
98,0.0014595838648079475,0.0065974388809698983,0.018243581459295329
99,0.0014716756350781103,0.0066362308157526181,0.018303275344251815
100,0.0014838228609499072,0.006675109141499355,0.018362900971654248
101,0.0014960256351961214,0.0067140735975952876,0.018422457351895623
102,0.0015082840501942816,0.0067531239215960492,0.01848194349521029
103,0.0015205981979245602,0.006792259849228802,0.018541358411691338
104,0.0015329681699676775,0.0068314811143933545,0.01860070111130804
105,0.0015453940575028103,0.0068707874491633191,0.018659970603923361
106,0.0015578759513054923,0.0069101785837872784,0.018719165899311368
107,0.0015704139417455313,0.0069496542466900143,0.018778286007174769
108,0.0015830081187849189,0.0069892141644737511,0.018837329937162448
109,0.0015956585719757495,0.0070288580619194407,0.018896296698886969
110,0.0016083653904581312,0.0070685856619880621,0.018955185301942106
111,0.0016211286629581119,0.0071083966858219707,0.019013994755920461
112,0.0016339484777856004,0.0071482908527462797,0.019072724070430997
113,0.00164682492283229,0.0071882678802702559,0.019131372255116647
114,0.001659758085569593,0.0072283274840887844,0.019189938319671956
115,0.0016727480530465601,0.0072684693780838095,0.019248421273860648
116,0.0016857949118878268,0.0073086932743258691,0.019306820127533333
117,0.0016988987482915406,0.0073489988830756203,0.019365133890645116
118,0.0017120596480273056,0.0073893859127854115,0.019423361573273287
119,0.0017252776964341229,0.0074298540701008952,0.019481502185635016
120,0.0017385529784183353,0.0074704030598626535,0.019539554738105033
121,0.0017518855784515745,0.0075110325851078649,0.019597518241233333
122,0.0017652755805687111,0.0075517423470720093,0.019655391705762894
123,0.0017787230683658103,0.0075925320451905951,0.019713174142647415
124,0.0017922281249980899,0.0076334013771009396,0.019770864563069104
125,0.0018057908331778757,0.0076743500386439447,0.019828461978456353
126,0.0018194112751725707,0.0077153777238659661,0.019885965400501613
127,0.0018330895328026162,0.0077564841250206311,0.019943373841179085
128,0.0018468256874394618,0.0077976689325707548,0.020000686312762538
129,0.0018606198200035399,0.0078389318351902802,0.020057901827843137
130,0.0018744720109622407,0.0078802725197662186,0.020115019399347237
131,0.0018883823403278899,0.0079216906714006542,0.020172038040554185
132,0.0019023508876557316,0.0079631859734127595,0.020228956765114162
133,0.001916377732041917,0.0080047581073408713,0.020285774587066058
134,0.001930462952121491,0.0080464067529445668,0.020342490520855294
135,0.0019446066260663827,0.0080881315882067907,0.020399103581351649
136,0.001958808831583404,0.0081299322893360042,0.020455612783867153
137,0.0019730696459122482,0.0081718085307683781,0.020512017144173954
138,0.0019873891458234952,0.0082137599851700247,0.020568315678522221
139,0.0020017674076166156,0.0082557863234392365,0.02062450740365801
140,0.0020162045071179819,0.0082978872147087771,0.020680591336841143
141,0.002030700519678881,0.0083400623263481886,0.020736566495863126
142,0.0020452555201735351,0.0083823113239661646,0.020792431899065066
143,0.00205986958299712,0.0084246338714129183,0.020848186565355569
144,0.0020745427820637913,0.0084670296307825955,0.020903829514228648
145,0.002089275190804713,0.0085094982624157271,0.02095935976578164
146,0.0021040668821660884,0.008552039424901698,0.021014776340733149
147,0.0021189179286071999,0.0085946527750812851,0.021070078260440984
148,0.0021338284020984487,0.0086373379680491844,0.02112526454692008
149,0.0021487983741193973,0.0086800946571565889,0.02118033422286044
150,0.0021638279156568187,0.0087229224940137927,0.021235286311645056
151,0.0021789170972027505,0.0087658211284928587,0.021290119837367897
152,0.0021940659887525497,0.0088087902087302713,0.021344833824851826
153,0.0022092746598029521,0.0088518293811296403,0.021399427299666544
154,0.0022245431793501383,0.008894938290364451,0.02145389928814655
155,0.0022398716158878004,0.0089381165793808275,0.021508248817409086
156,0.0022552600374052211,0.0089813638894003511,0.021562474915372123
157,0.0022707085113853448,0.0090246798599228836,0.021616576610772292
158,0.0022862171048028588,0.0090680641287294375,0.021670552933182818
159,0.0023017858841222812,0.0091115163318850733,0.021724402913031512
160,0.0023174149152960528,0.0091550361037418416,0.021778125581618686
161,0.002333104263762628,0.0091986230769417442,0.021831719971135179
162,0.0023488539944445767,0.0092422768824197352,0.021885185114680232
163,0.0023646641717466844,0.0092859971494067446,0.021938520046279497
164,0.0023805348595540648,0.0093297835054327472,0.021991723800902977
165,0.0023964661212302644,0.0093736355763298432,0.022044795414482933
166,0.0024124580196153858,0.0094175529862353946,0.02209773392393188
167,0.0024285106170242078,0.0094615353575951897,0.022150538367160525
168,0.0024446239752443093,0.0095055823111666153,0.022203207783095685
169,0.0024607981555342029,0.0095496934660218944,0.022255741211698259
170,0.0024770332186214695,0.0095938684395513452,0.022308137693981156
171,0.0024933292247008958,0.0096381068474666442,0.022360396272027207
172,0.002509686233432621,0.0096824083038041589,0.022412515989007099
173,0.0025261043039402843,0.0097267724209282973,0.022464495889197279
174,0.0025425834948091855,0.009771198809534894,0.022516335017997925
175,0.0025591238640844363,0.0098156870786546141,0.022568032421950802
176,0.0025757254692691297,0.00986023683565641,0.022619587148757201
177,0.0025923883673225115,0.0099048476862510001,0.022670998247295873
178,0.0026091126146581475,0.0099495192344943723,0.022722264767640835
179,0.0026258982671421064,0.009994251082791325,0.022773385761079346
180,0.0026427453800911445,0.010039042831899046,0.02282436028012973
181,0.0026596540082708953,0.010083894080930711,0.022875187378559262
182,0.0026766242058940577,0.010128804427359125,0.02292586611140205
183,0.0026936560266186066,0.010173773467020395,0.022976395534976886
184,0.0027107495235459854,0.01021880079411761,0.023026774706905076
185,0.0027279047492193261,0.010263886001224604,0.023077002686128313
186,0.0027451217556216621,0.010309028679289706,0.023127078532926518
187,0.0027624005941741434,0.010354228417639529,0.023177001308935605
188,0.0027797413157342704,0.010399484803982798,0.023226770077165351
189,0.0027971439705941157,0.010444797424414213,0.02327638390201717
190,0.002814608608478568,0.01049016586341834,0.023325841849301903
191,0.0028321352785435705,0.010535589703873516,0.023375142986257598
192,0.0028497240293743676,0.01058106852705582,0.023424286381567284
193,0.0028673749089837631,0.010626601912643058,0.023473271105376767
194,0.0028850879648103754,0.010672189438718765,0.023522096229312325
195,0.0029028632437168981,0.010717830681776258,0.02357076082649847
196,0.0029207007919883768,0.010763525216722717,0.023619263971575665
197,0.0029386006553304765,0.010809272616883287,0.02366760474071802
198,0.0029565628788677679,0.010855072454005217,0.023715782211651007
199,0.0029745875071420132,0.010900924298262039,0.023763795463669128
200,0.0029926745841104573,0.010946827718257775,0.023811643577653627
201,0.0030108241531441255,0.010992782281031148,0.023859325636090063
202,0.003029036257026128,0.011038787552059863,0.023906840723086006
203,0.0030473109379499691,0.011084843095264901,0.023954187924388678
204,0.0030656482375178637,0.011130948473014841,0.024001366327402501
205,0.0030840481967390572,0.011177103246130212,0.024048375021206731
206,0.0031025108560281556,0.011223306973887903,0.024095213096573059
207,0.0031210362552034601,0.011269559214025556,0.02414187964598313
208,0.003139624433485299,0.011315859522746026,0.0241883737636461
209,0.0031582754294943792,0.011362207454721865,0.024234694545516158
210,0.0031769892812501367,0.011408602563099822,0.024280841089310085
211,0.0031957660261690939,0.011455044399505392,0.024326812494524654
212,0.0032146057010632228,0.011501532514047383,0.024372607862454196
213,0.0032335083421383159,0.011548066455322525,0.024418226296208018
214,0.0032524739849923625,0.011594645770420107,0.024463666900727852
215,0.0032715026646139289,0.011641270004926617,0.02450892878280524
216,0.003290594415380549,0.011687938702930459,0.02455401105109898
217,0.0033097492710571197,0.01173465140702667,0.024598912816152493
218,0.0033289672647942989,0.011781407658321667,0.024643633190411147
219,0.0033482484291269183,0.011828206996438044,0.02468817128823966
220,0.0033675927959723904,0.011875048959519371,0.024732526225939345
221,0.0033870003966291339,0.011921933084235043,0.024776697121765483
222,0.003406471261775003,0.011968858905785171,0.024820683095944544
223,0.0034260054214657141,0.012015825957905466,0.024864483270691479
224,0.0034456029051332907,0.012062833772872181,0.024908096770226904
225,0.003465263741584507,0.012109881881507073,0.024951522720794365
226,0.0034849879589993432,0.012156969813182405,0.024994760250677494
227,0.0035047755849294438,0.012204097095825955,0.025037808490217171
228,0.0035246266462965821,0.012251263255926082,0.025080666571828673
229,0.0035445411693911391,0.012298467818536812,0.025123333630018788
230,0.0035645191798705776,0.012345710307282928,0.025165808801402907
231,0.0035845607027579314,0.012392990244365139,0.025208091224722097
232,0.0036046657624402957,0.012440307150565235,0.025250180040860139
233,0.0036248343826673335,0.012487660545251304,0.025292074392860537
234,0.0036450665865497747,0.012535049946382944,0.025333773425943538
235,0.003665362396557939,0.012582474870516534,0.025375276287523067
236,0.0036857218345202445,0.012629934832810514,0.025416582127223676
237,0.003706144921621747,0.012677429347030714,0.025457690096897478
238,0.0037266316784026685,0.012724957925555698,0.025498599350640992
239,0.0037471821247569434,0.012772520079382134,0.025539309044812056
240,0.0037677962799307586,0.012820115318130203,0.025579818338046609
241,0.0037884741625211224,0.01286774315004904,0.025620126391275529
242,0.0038092157904744137,0.012915403082022185,0.025660232367741401
243,0.0038300211810849616,0.012963094619573077,0.025700135433015241
244,0.003850890350993617,0.01301081726687058,0.025739834755013243
245,0.0038718233161863414,0.013058570526734535,0.025779329504013456
246,0.0038928200919927966,0.013106353900641321,0.025818618852672455
247,0.0039138806930849417,0.013154166888729482,0.025857701976041945
248,0.003935005133475643,0.013202008989805345,0.025896578051585396
249,0.0039561934265172826,0.013249879701348695,0.025935246259194578
250,0.0039774455849003829,0.013297778519518452,0.025973705781206106
251,0.0039987616206522353,0.013345704939158404,0.026011955802417972
252,0.0040201415451355344,0.013393658453802951,0.026049995510106005
253,0.0040415853690470198,0.013441638555682875,0.026087824094040306
254,0.0040630931024161279,0.013489644735731153,0.026125440746501655
255,0.0040846647546036487,0.013537676483588772,0.026162844662297905
256,0.0041063003343003923,0.01358573328761061,0.026200035038780319
257,0.0041279998495258648,0.013633814634871302,0.026237011075859878
258,0.004149763307626942,0.013681920011171167,0.026273771976023579
259,0.0041715907152765639,0.013730048901042164,0.026310316944350664
260,0.0041934820784724292,0.013778200787753827,0.026346645188528833
261,0.0042154374025356947,0.013826375153319293,0.026382755918870415
262,0.004237456692109693,0.013874571478501307,0.026418648348328532
263,0.0042595399511586463,0.013922789242818296,0.026454321692513168
264,0.0042816871829663983,0.013971027924550426,0.026489775169707273
265,0.0043038983901351399,0.014019287000745716,0.026525008000882776
266,0.0043261735745841615,0.014067565947226184,0.026560019409716591
267,0.0043485127375485974,0.014115864238593982,0.026594808622606589
268,0.0043709158795781876,0.014164181348237624,0.026629374868687508
269,0.0043933830005360407,0.014212516748338152,0.026663717379846852
270,0.0044159140995974058,0.014260869909875415,0.026697835390740728
271,0.0044385091752484592,0.014309240302634325,0.026731728138809675
272,0.0044611682252850941,0.014357627395211134,0.026765394864294436
273,0.0044838912468117128,0.014406030655019794,0.026798834810251672
274,0.0045066782362400398,0.014454449548298259,0.026832047222569693
275,0.0045295291892879291,0.01450288354011489,0.026865031349984081
276,0.0045524441009781895,0.014551332094374854,0.026897786444093345
277,0.0045754229656374164,0.01459979467382653,0.026930311759374475
278,0.0045984657768948292,0.014648270740067989,0.026962606553198491
279,0.004621572527681115,0.014696759753553442,0.026994670085845933
280,0.0046447432102272868,0.014745261173599778,0.027026501620522343
281,0.0046679778160635468,0.014793774458393064,0.027058100423373657
282,0.004691276336018152,0.014842299064995124,0.027089465763501599
283,0.0047146387602163007,0.014890834449350108,0.027120596912978998
284,0.004738065078079016,0.014939380066291086,0.027151493146865071
285,0.0047615552783220423,0.014987935369546719,0.027182153743220708
286,0.0047851093489547549,0.015036499811747881,0.027212577983123664
287,0.0048087272772790622,0.015085072844434361,0.027242765150683725
288,0.0048324090498883376,0.015133653918061563,0.027272714533057792
289,0.0048561546526663477,0.01518224248200725,0.027302425420465033
290,0.0048799640707861821,0.015230837984578294,0.027331897106201847
291,0.0049038372887092131,0.015279439873017463,0.02736112888665691
292,0.0049277742901840411,0.015328047593510224,0.02739012006132608
293,0.0049517750582454599,0.015376660591191587,0.027418869932827303
294,0.0049758395752134317,0.015425278310152949,0.027447377806915491
295,0.0049999678226920691,0.015473900193448995,0.027475642992497315
296,0.0050241597815686235,0.015522525683104594,0.027503664801645959
297,0.005048415432012481,0.015571154220121721,0.027531442549615866
298,0.0050727347534741717,0.015619785244486442,0.027558975554857403
299,0.0050971177246843871,0.015668418195175855,0.02758626313903147
300,0.0051215643236529997,0.015717052510165121,0.027613304627024091
301,0.0051460745276680981,0.015765687626434492,0.02764009934696094
302,0.0051706483132950339,0.015814322979976352,0.02766664663022184
303,0.0051952856563754644,0.015862958005802293,0.027692945811455181
304,0.0052199865320264223,0.015911592137950223,0.027718996228592311
305,0.0052447509146393732,0.015960224809491486,0.02774479722286189
306,0.0052695787778793022,0.016008855452538003,0.027770348138804177
307,0.0052944700946837911,0.016057483498249446,0.027795648324285261
308,0.0053194248372621204,0.016106108376840435,0.027820697130511253
309,0.0053444429770943738,0.01615472951758774,0.027845493912042444
310,0.0053695244849305468,0.016203346348837546,0.027870038026807393
311,0.0053946693307896686,0.016251958298012688,0.027894328836116953
312,0.0054198774839589415,0.016300564791619947,0.027918365704678302
313,0.0054451489129928726,0.016349165255257366,0.027942148000608829
314,0.0054704835857124282,0.016397759113621586,0.027965675095450091
315,0.0054958814692041844,0.016446345790515165,0.027988946364181588
316,0.0055213425298195028,0.01649492470885398,0.028011961185234597
317,0.005546866733173705,0.016543495290674642,0.028034718940505882
318,0.0055724540441452596,0.016592056957141877,0.0280572190153714
319,0.0055981044268749733,0.016640609128555993,0.028079460798699923
320,0.0056238178447651959,0.016689151224360342,0.028101443682866586
321,0.0056495942604790307,0.016737682663148807,0.028123167063766455
322,0.0056754336359395698,0.016786202862673297,0.028144630340827991
323,0.0057013359323291116,0.016834711239851301,0.028165832917026436
324,0.0057273011100884121,0.016883207210773417,0.028186774198897219
325,0.0057533291289159263,0.016931690190710936,0.028207453596549234
326,0.0057794199477670775,0.01698015959412345,0.02822787052367812
327,0.0058055735248535179,0.017028614834666438,0.028248024397579431
328,0.0058317898176424125,0.017077055325198914,0.028267914639161819
329,0.0058580687828557292,0.017125480477791107,0.028287540672960094
330,0.0058844103764695271,0.017173889703732109,0.028306901927148263
331,0.005910814553713277,0.017222282413537592,0.028325997833552535
332,0.0059372812690691619,0.017270658016957537,0.028344827827664194
333,0.0059638104762714146,0.017319015922983953,0.028363391348652508
334,0.0059904021283056505,0.017367355539858652,0.028381687839377522
335,0.0060170561774082103,0.017415676275081025,0.02839971674640281
336,0.0060437725750655171,0.01746397753541587,0.028417477520008168
337,0.0060705512720134365,0.017512258726901164,0.028434969614202256
338,0.0060973922182366554,0.017560519254855952,0.02845219248673516
339,0.0061242953629680593,0.017608758523888199,0.028469145599110946
340,0.0061512606546881322,0.017656975937902646,0.028485828416600096
341,0.0061782880411243562,0.017705170900108754,0.028502240408251917
342,0.0062053774692506156,0.017753342813028591,0.028518381046906877
343,0.0062325288852866333,0.017801491078504792,0.02853424980920893
344,0.006259742234697393,0.017849615097708511,0.028549846175617691
345,0.0062870174621925774,0.017897714271147409,0.028565169630420627
346,0.0063143545117260325,0.017945787998673638,0.028580219661745163
347,0.0063417533264952166,0.017993835679491879,0.028594995761570732
348,0.006369213848940675,0.018041856712167362,0.028609497425740756
349,0.0063967360207455182,0.018089850494633936,0.028623724153974555
350,0.0064243197828349171,0.018137816424202122,0.02863767544987926
351,0.0064519650753756012,0.018185753897567231,0.028651350820961534
352,0.0064796718377753632,0.01823366231081746,0.02866474977863941
353,0.0065074400086825839,0.018281541059442016,0.028677871838253884
354,0.0065352695259857643,0.018329389538339288,0.028690716519080586
355,0.0065631603268130594,0.018377207141824971,0.028703283344341315
356,0.0065911123475318337,0.018424993263640298,0.02871557184121553
357,0.0066191255237482115,0.018472747296960215,0.028727581540851789
358,0.0066471997903066573,0.018520468634401589,0.028739311978379107
359,0.0066753350812895499,0.018568156668031469,0.028750762692918271
360,0.0067035313300167695,0.018615810789375326,0.028761933227593049
361,0.0067317884690453042,0.01866343038942532,0.028772823129541401
362,0.0067601064301688503,0.018711014858648612,0.028783431949926573
363,0.0067884851444174419,0.018758563586995632,0.028793759243948138
364,0.0068169245420570757,0.018806075963908438,0.028803804570853016
365,0.0068454245525893451,0.018853551378329031,0.028813567493946327
366,0.0068739851047511045,0.018900989218707715,0.028823047580602296
367,0.0069026061265141095,0.018948388873011483,0.028832244402275022
368,0.0069312875450847087,0.018995749728732372,0.0288411575345092
369,0.0069600292869035048,0.019043071172895918,0.028849786556950786
370,0.006988831277645058,0.01909035259206953,0.028858131053357571
371,0.0070176934422175779,0.019137593372370951,0.028866190611609711
372,0.0070466157047626441,0.019184792899476718,0.028873964823720202
373,0.0070755979886549195,0.019231950558630601,0.028881453285845238
374,0.0071046402165018813,0.019279065734652108,0.028888655598294555
375,0.0071337423101435656,0.019326137811944998,0.028895571365541696
376,0.0071629041906523224,0.019373166174505758,0.028902200196234174
377,0.0071921257783325665,0.019420150205932175,0.028908541703203623
378,0.0072214069927205643,0.019467089289431846,0.028914595503475818
379,0.0072507477525842025,0.01951398280783076,0.02892036121828068
380,0.0072801479759227877,0.019560830143581866,0.028925838473062199
381,0.007309607579966855,0.01960763067877367,0.028931026897488266
382,0.0073391264811779686,0.01965438379513882,0.028935926125460476
383,0.0073687045952485573,0.019701088874062758,0.028940535795123797
384,0.0073983418371017431,0.019747745296592314,0.028944855548876255
385,0.0074280381208911908,0.019794352443444387,0.028948885033378495
386,0.0074577933600009525,0.019840909695014591,0.028952623899563257
387,0.0074876074670453471,0.019887416431385925,0.028956071802644843
388,0.0075174803538688249,0.019933872032337485,0.028959228402128466
389,0.0075474119315458599,0.01998027587735313,0.028962093361819537
390,0.0075774021103808429,0.020026627345630234,0.028964666349832881
391,0.007607450799907994,0.020072925816088407,0.028966947038601906
392,0.0076375579088912701,0.020119170667378217,0.028968935104887669
393,0.0076677233453243112,0.020165361277889971,0.028970630229787887
394,0.0076979470164303572,0.02021149702576247,0.028972032098745881
395,0.0077282288286622137,0.020257577288891802,0.02897314040155944
396,0.0077585686877022055,0.02030360144494012,0.028973954832389594
397,0.0077889664984621462,0.020349568871344471,0.028974475089769365
398,0.0078194221650833146,0.020395478945325587,0.0289747008766124
399,0.0078499355909364601,0.020441331043896747,0.028974631900221554
400,0.0078805066786217948,0.020487124543872613,0.028974267872297406
401,0.0079111353299690015,0.020532858821878063,0.028973608508946661
402,0.0079418214460372661,0.020578533254357084,0.028972653530690524
403,0.0079725649271153061,0.020624147217581639,0.028971402662473007
404,0.0080033656727214152,0.020669700087660572,0.028969855633669103
405,0.0080342235816035223,0.020715191240548499,0.028968012178092944
406,0.008065138551739251,0.020760620052054708,0.028965872034005885
407,0.0080961104803360003,0.020805985897852118,0.028963434944124445
408,0.0081271392638310302,0.020851288153486185,0.028960700655628276
409,0.008158224797891557,0.020896526194383872,0.028957668920167979
410,0.0081893669774148643,0.020941699395862583,0.028954339493872862
411,0.0082205656965284243,0.020986807133139149,0.028950712137358666
412,0.0082518208485900107,0.021031848781338802,0.028946786615735142
413,0.0082831323261878635,0.02107682371550415,0.028942562698613627
414,0.0083145000211408259,0.021121731310604207,0.028938040160114507
415,0.0083459238244985075,0.021166570941543377,0.028933218778874593
416,0.0083774036265414544,0.02121134198317047,0.028928098338054448
417,0.0084089393167813362,0.021256043810287752,0.028922678625345626
418,0.0084405307839611442,0.021300675797659967,0.02891695943297784
419,0.0084721779160553765,0.021345237320023393,0.028910940557726049
420,0.0085038806002702815,0.021389727752094887,0.028904621800917473
421,0.008535638723044062,0.021434146468580974,0.028898002968438512
422,0.0085674521700471167,0.021478492844186896,0.028891083870741633
423,0.0085993208261822985,0.021522766253625706,0.028883864322852119
424,0.0086312445755851556,0.021566966071627371,0.028876344144374802
425,0.0086632233016242129,0.021611091672947863,0.028868523159500687
426,0.0086952568869012523,0.021655142432378267,0.028860401197013493
427,0.0087273452132515909,0.02169911772475391,0.028851978090296125
428,0.0087594881617444019,0.021743016924963474,0.028843253677337071
429,0.0087916856126830055,0.021786839407958135,0.028834227800736734
430,0.0088239374456052094,0.021830584548760718,0.028824900307713643
431,0.0088562435392836349,0.021874251722474824,0.028815271050110641
432,0.0088886037717260617,0.021917840304294008,0.028805339884400958
433,0.008921018020175784,0.02196134966951092,0.028795106671694215
434,0.0089534861611119797,0.022004779193526513,0.028784571277742345
435,0.008986008070250082,0.022048128251859186,0.028773733572945447
436,0.0090185836225421725,0.022091396220153981,0.028762593432357542
437,0.0090512126921773808,0.022134582474191793,0.028751150735692291
438,0.0090838951525822921,0.022177686389898546,0.028739405367328566
439,0.0091166308764213631,0.022220707343354414,0.028727357216316009
440,0.0091494197355973684,0.022263644710803034,0.028715006176380477
441,0.0091822616012518198,0.022306497868660704,0.028702352145929384
442,0.0092151563437654453,0.022349266193525636,0.028689395028057035
443,0.0092481038327586352,0.02239194906218717,0.028676134730549821
444,0.0092811039370919186,0.022434545851635023,0.028662571165891333
445,0.0093141565248664633,0.022477055939068499,0.028648704251267438
446,0.009347261463424553,0.022519478701905776,0.028634533908571215
447,0.0093804186193501126,0.022561813517793135,0.028620060064407895
448,0.0094136278584692219,0.022604059764614239,0.028605282650099633
449,0.0094468890458506323,0.022646216820499377,0.028590201601690256
450,0.0094802020458063276,0.022688284063834732,0.028574816859949875
451,0.0095135667218920628,0.022730260873271665,0.028559128370379501
452,0.0095469829369079252,0.022772146627735971,0.028543136083215483
453,0.0095804505528989184,0.022813940706437198,0.028526839953433965
454,0.0096139694311555331,0.022855642488877899,0.028510239940755144
455,0.0096475394322143547,0.022897251354862924,0.028493336009647558
456,0.009681160415858656,0.022938766684508744,0.028476128129332236
457,0.0097148322411190289,0.022980187858252711,0.02845861627378676
458,0.0097485547662740021,0.023021514256862389,0.028440800421749273
459,0.0097823278488506759,0.02306274526144483,0.028422680556722389
460,0.0098161513456253915,0.023103880253455923,0.028404256666977039
461,0.0098500251126243613,0.023144918614709652,0.028385528745556179
462,0.0098839490051243727,0.023185859727387455,0.028366496790278493
463,0.0099179228776534439,0.023226702974047518,0.028347160803741965
464,0.0099519465839915371,0.023267447737634114,0.028327520793327388
465,0.0099860199771712507,0.023308093401486905,0.02830757677120177
466,0.010020142909478532,0.023348639349350275,0.028287328754321675
467,0.010054315232453421,0.023389084965382674,0.028266776764436466
468,0.010088536796890764,0.023429429634165909,0.028245920828091502
469,0.010122807452840983,0.023469672740714518,0.028224760976631194
470,0.010157127049610816,0.023509813670485064,0.028203297246202023
471,0.0101914954357641,0.023549851809385507,0.028181529677755467
472,0.010225912459122544,0.023589786543784502,0.028159458317050811
473,0.010260377966766531,0.023629617260520788,0.028137083214657931
474,0.010294891805035905,0.023669343346912473,0.028114404425959943
475,0.0103294538195308,0.023708964190766398,0.028091422011155793
476,0.010364063855112444,0.023748479180387493,0.028068136035262758
477,0.010398721755904025,0.023787887704588083,0.028044546568118865
478,0.010433427365291507,0.023827189152697267,0.028020653684385229
479,0.010468180525924506,0.023866382914570237,0.027996457463548303
480,0.010502981079717144,0.023905468380597629,0.027971957989922022
481,0.010537828867848941,0.023944444941714851,0.027947155352649907
482,0.010572723730765701,0.023983311989411449,0.027922049645707069
483,0.010607665508180406,0.024022068915740442,0.027896640967902082
484,0.010642654039074134,0.024060715113327667,0.027870929422878863
485,0.010677689161696979,0.024099249975381102,0.027844915119118369
486,0.010712770713568992,0.024137672895700235,0.027818598169940291
487,0.010747898531481111,0.024175983268685388,0.027791978693504599
488,0.010783072451496128,0.024214180489347044,0.027765056812813053
489,0.01081829230894964,0.024252263953315215,0.027737832655710587
490,0.010853557938451048,0.02429023305684877,0.027710306354886645
491,0.010888869173884531,0.024328087196844747,0.027682478047876415
492,0.010924225848410043,0.024365825770847709,0.027654347877061957
493,0.010959627794464329,0.02440344817705908,0.027625915989673289
494,0.010995074843761943,0.024440953814346453,0.027597182537789363
495,0.01103056682729627,0.024478342082252944,0.027568147678338938
496,0.011066103575340585,0.0245156123810065,0.027538811573101427
497,0.011101684917449098,0.024552764111529232,0.027509174388707577
498,0.011137310682458011,0.024589796675446723,0.02747923629664014
499,0.011172980698486599,0.024626709475097364,0.027448997473234392
500,0.011208694792938298,0.024663501913541646,0.027418458099678633
501,0.011244452792501792,0.024700173394571503,0.027387618362014532
502,0.011280254523152126,0.024736723322719593,0.027356478451137457
503,0.011316099810151834,0.024773151103268633,0.027325038562796666
504,0.011351988478052043,0.024809456142260659,0.027293298897595429
505,0.01138792035069363,0.024845637846506369,0.027261259660991057
506,0.011423895251208366,0.024881695623594387,0.027228921063294876
507,0.011459913002020077,0.024917628881900578,0.027196283319672086
508,0.011495973424845825,0.024953437030597315,0.027163346650141525
509,0.011532076340697075,0.024989119479662765,0.027130111279575375
510,0.011568221569880898,0.025024675639890175,0.02709657743769877
511,0.011604408932001169,0.025060104922897144,0.02706274535908931
512,0.011640638245959787,0.025095406741134887,0.027028615283176523
513,0.011676909329957899,0.025130580507897491,0.026994187454241172
514,0.011713222001497129,0.025165625637331209,0.026959462121414549
515,0.011749576077380832,0.025200541544443667,0.026924439538677642
516,0.011785971373715353,0.025235327645113142,0.026889119964860212
517,0.011822407705911286,0.025269983356097793,0.026853503663639831
518,0.011858884888684768,0.025304508095044913,0.026817590903540779
519,0.011895402736058755,0.025338901280500127,0.026781381957932875
520,0.011931961061364314,0.025373162331916665,0.026744877105030214
521,0.011968559677241966,0.025407290669664531,0.026708076627889862
522,0.012005198395642959,0.025441285715039761,0.026670980814410397
523,0.012041877027830657,0.025475146890273595,0.026633589957330391
524,0.012078595384381829,0.025508873618541685,0.026595904354226721
525,0.012115353275188047,0.0255424653239733,0.026557924307513209
526,0.012152150509457008,0.025575921431660511,0.02651965012443851
527,0.012188986895713943,0.025609241367667346,0.026481082117084373
528,0.012225862241802979,0.025642424559038982,0.026442220602363682
529,0.012262776354888557,0.025675470433810924,0.026403065902018446
530,0.012299729041456813,0.02570837842101812,0.026363618342617651
531,0.012336720107317008,0.025741147950704146,0.026323878255555079
532,0.012373749357602959,0.025773778453930328,0.026283845977047016
533,0.012410816596774461,0.025806269362784882,0.026243521848129864
534,0.012447921628618757,0.025838620110392042,0.026202906214657675
535,0.012485064256251977,0.025870830130921157,0.026161999427299611
536,0.01252224428212061,0.025902898859595822,0.026120801841537315
537,0.012559461508003002,0.025934825732702976,0.026079313817662163
538,0.012596715735010817,0.02596661018760197,0.026037535720772453
539,0.012634006763590571,0.025998251662733677,0.025995467920770548
540,0.012671334393525106,0.026029749597629544,0.025953110792359842
541,0.012708698423935143,0.026061103432920653,0.025910464715041735
542,0.012746098653280793,0.026092312610346786,0.025867530073112439
543,0.012783534879363109,0.026123376572765485,0.025824307255659776
544,0.012821006899325632,0.026154294764161028,0.025780796656559829
545,0.012858514509655966,0.02618506662965352,0.025736998674473512
546,0.012896057506187339,0.026215691615507877,0.025692913712843098
547,0.012933635684100189,0.026246169169142811,0.025648542179888611
548,0.012971248837923765,0.026276498739139856,0.025603884488604171
549,0.013008896761537719,0.026306679775252344,0.025558941056754221
550,0.013046579248173732,0.026336711728414362,0.025513712306869669
551,0.013084296090417131,0.026366594050749721,0.025468198666243995
552,0.013122047080208532,0.026396326195580938,0.025422400566929203
553,0.013159832008845471,0.026425907617438103,0.025376318445731714
554,0.01319765066698407,0.026455337772067874,0.025329952744208201
555,0.013235502844640713,0.026484616116442341,0.025283303908661282
556,0.013273388331193688,0.026513742108767988,0.025236372390135181
557,0.013311306915384909,0.026542715208494549,0.025189158644411271
558,0.013349258385321605,0.026571534876323893,0.025141663132003538
559,0.013387242528478005,0.026600200574218882,0.025093886318153968
560,0.01342525913169707,0.026628711765412261,0.02504582867282782
561,0.013463307981192227,0.02665706791441547,0.024997490670708885
562,0.013501388862549096,0.0266852684870275,0.024948872791194537
563,0.013539501560727222,0.026713312950343685,0.024899975518390838
564,0.013577645860061868,0.026741200772764529,0.024850799341107434
565,0.013615821544265749,0.026768931424004494,0.024801344752852457
566,0.013654028396430824,0.026796504375100789,0.024751612251827294
567,0.013692266199030079,0.026823919098422109,0.024701602340921284
568,0.013730534733919336,0.026851175067677421,0.024651315527706316
569,0.013768833782339035,0.026878271757924677,0.02460075232443136
570,0.013807163124916068,0.026905208645579555,0.024549913248016909
571,0.0138455225416656,0.026931985208424172,0.02449879882004934
572,0.013883911811992918,0.026958600925615757,0.024447409566775154
573,0.013922330714695261,0.026985055277695364,0.024395746019095194
574,0.013960779027963685,0.027011347746596557,0.024343808712558722
575,0.013999256529384918,0.027037477815653983,0.024291598187357429
576,0.014037762995943261,0.027063444969612108,0.02423911498831938
577,0.014076298204022453,0.027089248694633795,0.024186359664902839
578,0.014114861929407571,0.027114888478308917,0.024133332771190032
579,0.014153453947286933,0.027140363809662948,0.024080034865880846
580,0.014192074032254027,0.027165674179165548,0.024026466512286373
581,0.014230721958309413,0.027190819078739121,0.023972628278322455
582,0.014269397498862685,0.027215798001767381,0.023918520736503086
583,0.014308100426734393,0.027240610443103878,0.023864144463933736
584,0.014346830514158007,0.027265255899080489,0.02380950004230464
585,0.014385587532781886,0.027289733867515945,0.02375458805788392
586,0.01442437125367124,0.027314043847724342,0.023699409101510693
587,0.01446318144731012,0.027338185340523544,0.023643963768588079
588,0.014502017883603403,0.027362157848243654,0.0235882526590761
589,0.014540880331878817,0.027385960874735493,0.02353227637748451
590,0.014579768560888924,0.027409593925378978,0.02347603553286556
591,0.014618682338813147,0.027433056507091522,0.023419530738806635
592,0.014657621433259821,0.027456348128336427,0.023362762613422863
593,0.014696585611268222,0.027479468299131275,0.023305731779349605
594,0.014735574639310601,0.027502416531056222,0.02324843886373484
595,0.014774588283294266,0.027525192337262389,0.023190884498231534
596,0.014813626308563638,0.027547795232480118,0.023133069318989886
597,0.014852688479902343,0.027570224733027313,0.023074993966649457
598,0.014891774561535278,0.027592480356817717,0.023016659086331288
599,0.014930884317130718,0.027614561623369133,0.02295806532762986
600,0.014970017509802432,0.027636468053811699,0.022899213344605058
601,0.015009173902111792,0.027658199170896122,0.022840103795773975
602,0.015048353256069888,0.027679754499001844,0.022780737344102648
603,0.015087555333139675,0.027701133564145237,0.022721114656997762
604,0.015126779894238105,0.027722335893987812,0.022661236406298215
605,0.015166026699738299,0.027743361017844297,0.022601103268266639
606,0.015205295509471679,0.027764208466690837,0.022540715923580784
607,0.015244586082730171,0.02778487777317306,0.0224800750573249
608,0.015283898178268359,0.027805368471614168,0.022419181358980966
609,0.015323231554305698,0.027825680098023046,0.022358035522419887
610,0.015362585968528686,0.027845812190102258,0.022296638245892578
611,0.015401961178093088,0.027865764287256099,0.022234990232020978
612,0.015441356939626144,0.027885535930598622,0.022173092187788995
613,0.015480773009228802,0.027905126662961618,0.022110944824533321
614,0.01552020914247795,0.027924536028902582,0.022048548857934246
615,0.015559665094428667,0.02794376357471267,0.021985905008006325
616,0.015599140619616448,0.027962808848424607,0.021923013999088973
617,0.015638635472059494,0.027981671399820628,0.021859876559837031
618,0.015678149405260973,0.028000350780440334,0.021796493423211181
619,0.015717682172211294,0.028018846543588584,0.021732865326468325
620,0.015757233525390404,0.028037158244343337,0.021668993011151869
621,0.015796803216770065,0.028055285439563444,0.021604877223081926
622,0.015836390997816193,0.028073227687896506,0.021540518712345448
623,0.015875996619491132,0.028090984549786594,0.021475918233286286
624,0.015915619832256013,0.028108555587482056,0.021411076544495134
625,0.015955260386073065,0.028125940365043241,0.021345994408799411
626,0.015994918030407958,0.028143138448350171,0.021280672593253107
627,0.01603459251423215,0.028160149405110323,0.021215111869126481
628,0.016074283586025258,0.028176972804866206,0.021149313011895713
629,0.016113990993777406,0.028193608219003085,0.021083276801232505
630,0.016153714484991616,0.028210055220756557,0.021017004020993532
631,0.016193453806686166,0.028226313385220154,0.020950495459209881
632,0.016233208705397011,0.028242382289352951,0.020883751908076401
633,0.016272978927180159,0.028258261511987116,0.020816774163940916
634,0.016312764217614104,0.028273950633835417,0.020749563027293444
635,0.016352564321802227,0.028289449237498786,0.020682119302755285
636,0.016392378984375219,0.028304756907473749,0.02061444379906803
637,0.016432207949493523,0.028319873230159911,0.020546537329082543
638,0.01647205096084978,0.028334797793867425,0.020478400709747799
639,0.016511907761671253,0.028349530188824353,0.020410034762099693
640,0.016551778094722327,0.02836407000718412,0.020341440311249737
641,0.016591661702306949,0.02837841684303281,0.020272618186373718
642,0.016631558326271095,0.028392570292396575,0.020203569220700261
643,0.016671467708005271,0.0284065299532489,0.020134294251499284
644,0.016711389588447,0.028420295425517939,0.020064794120070437
645,0.016751323708083327,0.028433866311093792,0.019995069671731425
646,0.016791269806953318,0.028447242213835707,0.019925121755806265
647,0.016831227624650578,0.028460422739579331,0.019854951225613458
648,0.016871196900325767,0.028473407496143882,0.019784558938454093
649,0.016911177372689153,0.028486196093339362,0.019713945755599892
650,0.016951168780013126,0.028498788142973651,0.019643112542281148
651,0.016991170860134772,0.028511183258859672,0.019572060167674616
652,0.017031183350458411,0.028523381056822453,0.019500789504891314
653,0.017071205987958148,0.028535381154706205,0.01942930143096425
654,0.01711123850918049,0.028547183172381366,0.019357596826836083
655,0.017151280650246865,0.028558786731751603,0.019285676577346693
656,0.017191332146856253,0.028570191456760832,0.019213541571220686
657,0.017231392734287778,0.028581396973400171,0.019141192701054847
658,0.017271462147403275,0.028592402909714862,0.019068630863305482
659,0.017311540120649949,0.028603208895811191,0.018995856958275711
660,0.017351626388062952,0.028613814563863384,0.018922871890102673
661,0.017391720683268039,0.028624219548120455,0.018849676566744675
662,0.017431822739484168,0.028634423484913043,0.018776271899968246
663,0.017471932289526169,0.028644426012660186,0.018702658805335146
664,0.017512049065807386,0.028654226771876155,0.018628838202189274
665,0.017552172800342321,0.028663825405177167,0.018554811013643525
666,0.01759230322474931,0.028673221557288093,0.018480578166566564
667,0.017632440070253181,0.028682414875049203,0.018406140591569538
668,0.017672583067687944,0.028691405007422774,0.018331499222992698
669,0.017712731947499474,0.028700191605499782,0.018256654998891973
670,0.017752886439748188,0.028708774322506476,0.01818160886102544
671,0.017793046274111771,0.028717152813810994,0.018106361754839765
672,0.01783321117988786,0.028725326736929874,0.018030914629456551
673,0.017873380885996763,0.028733295751534632,0.017955268437658604
674,0.017913555120984196,0.028741059519458243,0.017879424135876159
675,0.017953733613023999,0.028748617704701589,0.017803382684172996
676,0.017993916089920858,0.028755969973439932,0.017727145046232528
677,0.01803410227911308,0.028763115994029309,0.017650712189343786
678,0.018074291907675316,0.028770055437012929,0.017574085084387361
679,0.018114484702321333,0.028776787975127508,0.017497264705821265
680,0.01815468038940676,0.028783313283309606,0.017420252031666694
681,0.018194878694931887,0.028789631038701947,0.017343048043493795
682,0.018235079344544412,0.028795740920659653,0.01726565372640728
683,0.018275282063542238,0.0288016426107565,0.017188070069032047
684,0.018315486576876296,0.028807335792791124,0.017110298063498664
685,0.018355692609153269,0.028812820152793208,0.017032338705428838
686,0.018395899884638484,0.028818095379029615,0.016954192993920803
687,0.018436108127258648,0.028823161162010526,0.016875861931534612
688,0.018476317060604729,0.028828017194495494,0.016797346524277407
689,0.018516526407934723,0.028832663171499552,0.016718647781588603
690,0.018556735892176532,0.028837098790299224,0.016639766716324982
691,0.018596945235930775,0.028841323750438498,0.016560704344745766
692,0.01863715416147365,0.02884533775373482,0.01648146168649757
693,0.018677362390759775,0.028849140504285033,0.016402039764599346
694,0.018717569645425043,0.028852731708471292,0.016322439605427213
695,0.018757775646789508,0.028856111074966911,0.016242662238699263
696,0.018797980115860227,0.028859278314742217,0.016162708697460278
697,0.018838182773334145,0.028862233141070382,0.016082580018066363
698,0.018878383339600988,0.028864975269533188,0.016002277240169567
699,0.01891858153474615,0.028867504418026803,0.015921801406702386
700,0.018958777078553594,0.028869820306767473,0.015841153563862245
701,0.018998969690508721,0.028871922658297203,0.015760334761095889
702,0.019039159089801326,0.028873811197489455,0.01567934605108371
703,0.019079344995328484,0.028875485651554761,0.01559818848972404
704,0.019119527125697471,0.028876945750046294,0.015516863136117337
705,0.019159705199228706,0.028878191224865443,0.015435371052550356
706,0.019199878933958678,0.02887922181026735,0.015353713304480205
707,0.019240048047642858,0.028880037242866391,0.015271890960518392
708,0.019280212257758687,0.028880637261641671,0.015189905092414777
709,0.019320371281508496,0.028881021607942418,0.015107756775041462
710,0.019360524835822485,0.028881190025493414,0.015025447086376634
711,0.019400672637361643,0.028881142260400353,0.014942977107488349
712,0.019440814402520778,0.028880878061155177,0.01486034792251823
713,0.019480949847431442,0.028880397178641371,0.014777560618665133
714,0.019521078687964929,0.028879699366139263,0.01469461628616874
715,0.019561200639735255,0.028878784379331203,0.014611516018293091
716,0.019601315418102151,0.028877651976306828,0.014528260911310053
717,0.01964142273817408,0.028876301917568195,0.014444852064482748
718,0.019681522314811191,0.028874733966034953,0.014361290580048897
719,0.019721613862628364,0.028872947887049388,0.014277577563204117
720,0.019761697095998208,0.028870943448381533,0.014193714122085165
721,0.019801771729054098,0.02886872042023424,0.01410970136775311
722,0.019841837475693177,0.028866278575248094,0.014025540414176467
723,0.019881894049579397,0.028863617688506461,0.013941232378214249
724,0.019921941164146542,0.028860737537540395,0.013856778379598983
725,0.019961978532601288,0.028857637902333529,0.013772179540919638
726,0.020002005867926231,0.028854318565326959,0.013687436987604546
727,0.020042022882882947,0.028850779311424067,0.013602551847904213
728,0.020082029290015027,0.028847019927995331,0.01351752525287412
729,0.020122024801651161,0.028843040204883083,0.013432358336357425
730,0.020162009129908197,0.028838839934406228,0.013347052234967646
731,0.020201981986694217,0.028834418911364953,0.013261608088071265
732,0.020241943083711592,0.02882977693304541,0.013176027037770283
733,0.020281892132460087,0.028824913799224274,0.01309031022888473
734,0.020321828844239918,0.028819829312173407,0.01300445880893511
735,0.020361752930154884,0.028814523276664381,0.012918473928124785
736,0.020401664101115425,0.028808995499973011,0.012832356739322323
737,0.020441562067841746,0.028803245791883821,0.012746108398043786
738,0.0204814465408669,0.028797273964694517,0.012659730062434951
739,0.020521317230539914,0.0287910798332204,0.012573222893253494
740,0.020561173847028897,0.028784663214798733,0.012486588053851121
741,0.020601016100324158,0.028778023929293104,0.012399826710155635
742,0.020640843700241333,0.028771161799097732,0.012312940030652966
743,0.020680656356424503,0.028764076649141716,0.012225929186369128
744,0.020720453778349347,0.028756768306893294,0.012138795350852154
745,0.020760235675326259,0.028749236602364059,0.012051539700153944
746,0.020800001756503494,0.028741481368113098,0.011964163412812095
747,0.020839751730870312,0.028733502439251137,0.011876667669831661
748,0.020879485307260141,0.028725299653444631,0.011789053654666867
749,0.020919202194353718,0.028716872850919839,0.011701322553202788
750,0.020958902100682249,0.028708221874466811,0.011613475553736942
751,0.020998584734630579,0.02869934656944341,0.011525513846960872
752,0.02103824980444035,0.028690246783779228,0.011437438625941656
753,0.021077897018213158,0.028680922367979526,0.011349251086103384
754,0.02111752608391379,0.028671373175129109,0.011260952425208571
755,0.021157136709373317,0.028661599060896138,0.011172543843339527
756,0.021196728602292329,0.028651599883535966,0.011084026542879689
757,0.021236301470244131,0.028641375503894898,0.010995401728494902
758,0.021275855020677883,0.028630925785413899,0.010906670607114631
759,0.021315388960921847,0.028620250594132295,0.010817834387913158
760,0.021354902998186567,0.028609349798691446,0.010728894282290723
761,0.02139439683956806,0.028598223270338334,0.010639851503854599
762,0.021433870192051025,0.028586870882929171,0.010550707268400145
763,0.021473322762512088,0.028575292512932934,0.010461462793891815
764,0.021512754257722946,0.028563488039434863,0.010372119300444094
765,0.021552164384353648,0.028551457344139945,0.01028267801030242
766,0.021591552848975792,0.028539200311376321,0.010193140147824048
767,0.021630919358065735,0.028526716828098715,0.01010350693945887
768,0.021670263618007855,0.028514006783891772,0.010013779613730182
769,0.021709585335097745,0.028501070070973352,0.0099239594012154406
770,0.021748884215545477,0.02848790658419785,0.0098340475345269299
771,0.021788159965478802,0.028474516221059423,0.0097440452482924246
772,0.021827412290946438,0.028460898881695187,0.0096539537791357852
773,0.021866640897921279,0.028447054468888396,0.0095637743656575309
774,0.021905845492303663,0.028432982888071563,0.0094735082484153511
775,0.021945025779924601,0.028418684047329546,0.0093831566699045972
776,0.021984181466549051,0.028404157857402627,0.0092927208745387062
777,0.022023312257879173,0.028389404231689518,0.0092022021086296136
778,0.022062417859557561,0.028374423086250281,0.0091116016203681028
779,0.022101497977170557,0.028359214339809358,0.0090209206598041262
780,0.022140552316251467,0.028343777913758385,0.0089301604788270816
781,0.02217958058228385,0.02832811373215913,0.0088393223311460534
782,0.02221858248070481,0.028312221721746234,0.0087484074722700075
783,0.022257557716908214,0.028296101811930072,0.0086574171594879547
784,0.022296505996248033,0.028279753934799447,0.0085663526518490758
785,0.022335427024041576,0.028263178025124302,0.0084752152101428002
786,0.022374320505572799,0.028246374020358414,0.0083840060968788568
787,0.022413186146095554,0.028229341860641993,0.0082927265762672894
788,0.022452023650836938,0.028212081488804271,0.0082013779141984142
789,0.022490832725000527,0.028194592850366094,0.0081099613782227731
790,0.022529613073769668,0.028176875893542345,0.0080184782375310147
791,0.022568364402310827,0.028158930569244525,0.0079269297629337779
792,0.022607086415776845,0.028140756831083115,0.0078353172268415035
793,0.022645778819310233,0.028122354635369998,0.0077436419032442388
794,0.022684441318046492,0.028103723941120783,0.0076519050676913921
795,0.022723073617117413,0.028084864710057156,0.0075601079972714563
796,0.022761675421654384,0.028065776906608539,0.0074682519705916968
797,0.022800246436791686,0.028046460497916106,0.0073763382677578086
798,0.022838786367669815,0.02802691545383321,0.0072843681703535423
799,0.022877294919438788,0.028007141746928126,0.0071923429614202941
800,0.022915771797261477,0.02798713935248617,0.0071002639254366551
801,0.022954216706316911,0.027966908248511807,0.007008132348297942
802,0.022992629351803563,0.027946448415730612,0.0069159495172956883
803,0.023031009438942759,0.027925759837591348,0.0068237167210971061
804,0.023069356672981892,0.027904842500267875,0.006731435249724518
805,0.023107670759197823,0.027883696392661087,0.0066391063945347483
806,0.023145951402900149,0.027862321506400788,0.0065467314481984984
807,0.023184198309434606,0.027840717835847528,0.0064543117046796852
808,0.023222411184186324,0.027818885378094394,0.0063618484592147424
809,0.02326058973258319,0.027796824132968787,0.0062693430082919107
810,0.023298733660099189,0.027774534103034144,0.0061767966496304788
811,0.023336842672257729,0.02775201529359158,0.0060842106821600087
812,0.023374916474634962,0.027729267712681555,0.0059915864059995275
813,0.023412954772863124,0.027706291371085452,0.0058989251224366903
814,0.023450957272633903,0.027683086282327154,0.005806228133906923
815,0.023488923679701752,0.027659652462674576,0.0057134967439725261
816,0.023526853699887215,0.027635989931141077,0.0056207322573017656
817,0.023564747039080305,0.027612098709486964,0.0055279359796479213
818,0.023602603403243834,0.027587978822220856,0.0054351092178283279
819,0.02364042249841674,0.027563630296601038,0.0053422532797033706
820,0.023678204030717451,0.02753905316263678,0.0052493694741554712
821,0.023715947706347225,0.027514247453089627,0.0051564591110680388
822,0.023753653231593494,0.027489213203474604,0.0050635235013044037
823,0.023791320312833219,0.027463950452061417,0.0049705639566867219
824,0.023828948656536241,0.027438459239875635,0.0048775817899748544
825,0.023866537969268603,0.027412739610699753,0.0047845783148452318
826,0.023904087957695948,0.027386791611074292,0.0046915548458696821
827,0.023941598328586843,0.027360615290298811,0.0045985126984942502
828,0.023979068788816119,0.027334210700432938,0.0045054531890179848
829,0.024016499045368241,0.027307577896297258,0.0044123776345717097
830,0.024053888805340679,0.027280716935474264,0.0043192873530967686
831,0.024091237775947207,0.027253627878309185,0.0042261836633237506
832,0.024128545664521318,0.027226310787910865,0.0041330678847511949
833,0.024165812178519534,0.027198765730152494,0.0040399413376242775
834,0.024203037025524805,0.027170992773672378,0.0039468053429134713
835,0.02424021991324983,0.027142991989874663,0.0038536612222931955
836,0.024277360549540404,0.027114763452929947,0.0037605102981204349
837,0.024314458642378828,0.027086307239775918,0.0036673538934133532
838,0.024351513899887194,0.027057623430117958,0.0035741933318298742
839,0.024388526030330811,0.027028712106429643,0.0034810299376462558
840,0.024425494742121509,0.026999573353953255,0.0033878650357356387
841,0.024462419743821028,0.026970207260700246,0.0032946999515465832
842,0.024499300744144348,0.026940613917451672,0.0032015360110815867
843,0.024536137451963078,0.0269107934177585,0.003108374540875581
844,0.024572929576308789,0.026880745857941996,0.00301521686797442
845,0.024609676826376374,0.026850471337093999,0.0029220643199133469
846,0.02464637891152743,0.026819969957077184,0.0028289182246954464
847,0.024683035541293561,0.026789241822525227,0.0027357799107700833
848,0.024719646425379806,0.026758287040843005,0.0026426507070113265
849,0.024756211273667901,0.026727105722206736,0.0025495319426963566
850,0.024792729796219749,0.026695697979564038,0.0024564249474838614
851,0.024829201703280668,0.026664063928633942,0.002363331051392417
852,0.02486562670528283,0.026632203687906975,0.0022702515847788565
853,0.024902004512848568,0.026600117378645035,0.0021771878783166244
854,0.024938334836793714,0.026567805124881362,0.0020841412629741206
855,0.024974617388131018,0.026535267053420384,0.0019911130699930301
856,0.025010851878073441,0.026502503293837583,0.0018981046308666435
857,0.025047038018037513,0.026469513978479253,0.0018051172773181641
858,0.025083175519646742,0.026436299242462272,0.0017121523412790055
859,0.025119264094734875,0.026402859223673816,0.0016192111548670781
860,0.025155303455349311,0.026369194062771016,0.0015262950503650667
861,0.025191293313754436,0.026335303903180583,0.0014334053601986966
862,0.02522723338243495,0.026301188891098413,0.0013405434169149908
863,0.02526312337409926,0.026266849175489104,0.0012477105531605202
864,0.025298963001682769,0.026232284908085497,0.001154908101659643
865,0.025334751978351264,0.026197496243388088,0.0010621373951927367
866,0.025370490017504233,0.026162483338664489,0.00096939976657442386
867,0.02540617683277822,0.02612724635394878,0.00087669654863178686
868,0.025441812138050177,0.026091785452040852,0.00078402907418258011
869,0.025477395647440764,0.026056100798505729,0.00069139867601343303
870,0.025512927075317739,0.026020192561672779,0.00059880668685804777
871,0.025548406136299266,0.025984060912634936,0.00050625443937539006
872,0.025583832545257253,0.025947706025247881,0.00041374326612787576
873,0.025619206017320689,0.025911128076129167,0.00032127449955955304
874,0.025654526267878976,0.0258743272446573,0.00022884947197427793
875,0.025689793012585282,0.02583730371297081,0.00013646951551388769
876,0.025725005967359819,0.025800057665967199,4.4135962136369135e-05
877,0.025760164848393219,0.025762589291301964,-4.814985640597614e-05
878,0.025795269372149859,0.025724898779387481,-0.00014038660858836928
879,0.025830319255371156,0.025686986323391885,-0.00023257296313539466
880,0.025865314215078917,0.025648852119237921,-0.00032470758904284231
881,0.025900253968578625,0.025610496365601722,-0.00041678915559955259
882,0.025935138233462808,0.025571919263911572,-0.00050881633240926162
883,0.025969966727614313,0.025533121018346622,-0.00060078778941244891
884,0.026004739169209659,0.025494101835835569,-0.00069270219690818443
885,0.026039455276722311,0.025454861926055259,-0.00078455822557597617
886,0.026074114768926029,0.025415401501429281,-0.00087635454649761873
887,0.026108717364898133,0.025375720777126531,-0.00096808983117903987
888,0.026143262784022871,0.025335819971059697,-0.0010597627515721464
889,0.026177750745994668,0.025295699303883742,-0.0011513719800966703
890,0.026212180970821456,0.025255358998994303,-0.0012429161896620109
891,0.026246553178827965,0.025214799282526075,-0.0013343940536890764
892,0.026280867090659039,0.025174020383351165,-0.0014258042461321231
893,0.026315122427282896,0.025133022533077375,-0.0015171454415005895
894,0.026349318909994458,0.025091805966046443,-0.0016084163148809307
895,0.026383456260418603,0.025050370919332279,-0.0016996155419584452
896,0.026417534200513512,0.025008717632739139,-0.0017907417990391022
897,0.026451552452573881,0.02496684634879974,-0.0018817937630713594
898,0.026485510739234264,0.024924757312773365,-0.0019727701116679791
899,0.026519408783472344,0.024882450772643901,-0.0020636695231278394
900,0.026553246308612152,0.024839926979117823,-0.0021544906764577368
901,0.026587023038327426,0.024797186185622204,-0.0022452322513941865
902,0.02662073869664483,0.024754228648302609,-0.0023358929284252126
903,0.026654393007947228,0.024711054626020988,-0.0024264713888121343
904,0.026687985696976984,0.024667664380353515,-0.0025169663146113424
905,0.026721516488839171,0.024624058175588371,-0.0026073763886960721
906,0.026754985109004866,0.024580236278723522,-0.0026977002947781614
907,0.026788391283314398,0.024536198959464448,-0.0027879367174298095
908,0.026821734737980614,0.024491946490221773,-0.0028780843421053184
909,0.026855015199592113,0.024447479146108959,-0.0029681418551628295
910,0.026888232395116507,0.024402797204939847,-0.0030581079438860509
911,0.026921386051903657,0.02435790094722624,-0.0031479812965059723
912,0.026954475897688904,0.0243127906561754,-0.0032377606022225705
913,0.026987501660596321,0.024267466617687528,-0.0033274445512265051
914,0.027020463069141961,0.024221929120353172,-0.0034170318347208025
915,0.027053359852237047,0.024176178455450635,-0.0035065211449425288
916,0.027086191739191249,0.024130214916943327,-0.0035959111751844479
917,0.027118958459715847,0.024084038801477053,-0.003685200619816672
918,0.027151659743927012,0.024037650408377277,-0.0037743881743082953
919,0.027184295322348982,0.023991050039646366,-0.003863472535249015
920,0.027216864925917305,0.023944237999960753,-0.003952452400370743
921,0.027249368285982015,0.02389721459666809,-0.0040413264685691978
922,0.027281805134310857,0.023849980139784354,-0.0041300934399254845
923,0.027314175203092497,0.023802534941990871,-0.0042187520157276632
924,0.027346478224939706,0.023754879318631385,-0.0043073008984922953
925,0.027378713932892536,0.023707013587709009,-0.0043957387919859843
926,0.027410882060421547,0.023658938069883166,-0.0044840644012468884
927,0.027442982341430978,0.02361065308846649,-0.004572276432606227
928,0.027475014510261915,0.023562158969421685,-0.0046603735937097643
929,0.027506978301695479,0.023513456041358329,-0.0047483545935392835
930,0.027538873450956011,0.023464544635529671,-0.004836218142434034
931,0.027570699693714226,0.02341542508582934,-0.004923962952112163
932,0.027602456766090373,0.023366097728788063,-0.0050115877356921371
933,0.027634144404657411,0.023316562903570304,-0.0050990912077141341
934,0.027665762346444162,0.023266820951970881,-0.0051864720841614254
935,0.027697310328938456,0.023216872218411538,-0.0052737290824817276
936,0.027728788090090266,0.023166717049937481,-0.0053608609216085476
937,0.027760195368314897,0.023116355796213871,-0.0054478663219825006
938,0.027791531902496079,0.023065788809522276,-0.0055347440055726026
939,0.027822797431989118,0.023015016444757078,-0.0056214926958975554
940,0.027853991696624024,0.022964039059421858,-0.0057081111180469967
941,0.027885114436708651,0.022912857013625717,-0.0057945979987027354
942,0.02791616539303177,0.022861470670079573,-0.0058809520661599604
943,0.027947144306866237,0.022809880394092395,-0.0059671720503484352
944,0.027978050919972075,0.022758086553567446,-0.0060532566828536616
945,0.028008884974599604,0.02270608951899843,-0.0061392046969380182
946,0.028039646213492503,0.022653889663465647,-0.0062250148275618906
947,0.02807033437989094,0.022601487362632056,-0.0063106858114047558
948,0.028100949217534643,0.022548882994739356,-0.0063962163868862614
949,0.028131490470665991,0.022496076940603977,-0.0064816052941872654
950,0.028161957884033105,0.022443069583613067,-0.0065668512752708619
951,0.028192351202892926,0.022389861309720423,-0.0066519530739033734
952,0.028222670173014261,0.022336452507442376,-0.0067369094356753223
953,0.028252914540680855,0.022282843567853657,-0.0068217191080223718
954,0.028283084052694481,0.022229034884583221,-0.0069063808402462408
955,0.028313178456377961,0.022175026853809995,-0.0069908933835356006
956,0.028343197499578216,0.022120819874258631,-0.0070752554909869238
957,0.028373140930669342,0.022066414347195216,-0.0071594659176253328
958,0.028403008498555617,0.022011810676422883,-0.0072435234204253915
959,0.028432799952674531,0.021957009268277494,-0.0073274267583318918
960,0.028462515042999834,0.021902010531623172,-0.007411174692280597
961,0.028492153520044573,0.02184681487784787,-0.0074947659852189633
962,0.028521715134864064,0.021791422720858843,-0.007578199402126823
963,0.028551199639058927,0.021735834477078147,-0.0076614737100370468
964,0.028580606784778102,0.021680050565438026,-0.0077445876780561718
965,0.028609936324721814,0.021624071407376329,-0.0078275400773849969
966,0.028639188012144611,0.021567897426831836,-0.0079103296813391524
967,0.028668361600858314,0.021511529050239567,-0.0079929552653696303
968,0.028697456845235024,0.021454966706526066,-0.0080754156070832837
969,0.028726473500210081,0.021398210827104608,-0.0081577094862633013
970,0.028755411321285042,0.02134126184587043,-0.0082398356848896459
971,0.028784270064530645,0.02128412019919583,-0.0083217929871594494
972,0.028813049486589765,0.021226786325925326,-0.0084035801795073889
973,0.028841749344680371,0.021169260667370727,-0.0084851960506260246
974,0.028870369396598452,0.021111543667306151,-0.0085666393914860944
975,0.028898909400720988,0.02105363577196304,-0.0086479089953567876
976,0.02892736911600886,0.020995537430025125,-0.0087290036578259768
977,0.028955748302009796,0.020937249092623348,-0.008809922176820412
978,0.028984046718861262,0.02087877121333075,-0.0088906633526258834
979,0.029012264127293387,0.020820104248157303,-0.0089712259879073438
980,0.029040400288631925,0.020761248655544753,-0.0090516088877289989
981,0.029068454964801059,0.020702204896361365,-0.0091318108595743602
982,0.029096427918326364,0.020642973433896671,-0.0092118307133662539
983,0.029124318912337688,0.020583554733856164,-0.0092916672614868009
984,0.029152127710572021,0.020523949264355981,-0.0093713193187973543
985,0.029179854077376367,0.020464157495917491,-0.0094507857026584034
986,0.029207497777710624,0.020404179901461889,-0.0095300652329494331
987,0.029235058577150422,0.020344016956304761,-0.0096091567320887444
988,0.029262536241890045,0.020283669138150596,-0.0096880590250532344
989,0.029289930538745172,0.020223136927087243,-0.0097667709393981453
990,0.029317241235155833,0.020162420805580353,-0.0098452913052767682
991,0.029344468099189159,0.020101521258467793,-0.009923618955460102
992,0.029371610899542253,0.02004043877295399,-0.010001752725356474
993,0.029398669405544989,0.019979173838604279,-0.010079691453031126
994,0.029425643387162859,0.019917726947339173,-0.010157433979225751
995,0.029452532614999718,0.019856098593428625,-0.010234979147377983
996,0.029479336860300662,0.019794289273486247,-0.010312325803640861
997,0.029506055894954752,0.019732299486463493,-0.01038947279690223
998,0.02953268949149785,0.019670129733643807,-0.010466418978804124
999,0.029559237423115361,0.019607780518636694,-0.010543163203762076
1000,0.029585699463645011,0.019545252347371856,-0.010619704328984415
1001,0.029612075387579657,0.019482545728093166,-0.010696041214491487
1002,0.029638364970069969,0.019419661171352715,-0.010772172723134864
1003,0.029664567986927234,0.01935659919000474,-0.010848097720616482
1004,0.029690684214626079,0.019293360299199563,-0.010923815075507748
1005,0.029716713430307195,0.019229945016377505,-0.010999323659268593
1006,0.029742655411780086,0.019166353861262697,-0.01107462234626649
1007,0.029768509937525771,0.019102587355856949,-0.011149710013795415
1008,0.029794276786699526,0.019038646024433503,-0.011224585542094764
1009,0.029819955739133527,0.018974530393530798,-0.011299247814368233
1010,0.02984554657533961,0.018910240991946173,-0.011373695716802636
1011,0.029871049076511915,0.018845778350729564,-0.01144792813858668
1012,0.029896463024529616,0.018781143003177125,-0.011521943971929707
1013,0.029921788201959537,0.018716335484824858,-0.01159574211208036
1014,0.02994702439205886,0.018651356333442174,-0.011669321457345217
1015,0.029972171378777755,0.018586206089025434,-0.011742680909107382
1016,0.029997228946762048,0.018520885293791461,-0.011815819371845017
1017,0.030022196881355847,0.018455394492171002,-0.011888735753149816
1018,0.030047074968604228,0.018389734230802167,-0.011961428963745455
1019,0.030071862995255761,0.018323905058523826,-0.012033897917505965
1020,0.030096560748765232,0.018257907526368987,-0.01210614153147407
1021,0.030121168017296186,0.018191742187558119,-0.012178158725879467
1022,0.030145684589723554,0.01812540959749244,-0.012249948424157059
1023,0.030170110255636224,0.018058910313747203,-0.012321509552965128
1024,0.030194444805339681,0.017992244896064907,-0.012392841042203473
1025,0.030218688029858533,0.017925413906348515,-0.012463941825031473
1026,0.030242839720939076,0.017858417908654584,-0.012534810837886115
1027,0.030266899671051891,0.017791257469186424,-0.012605447020499958
1028,0.030290867673394357,0.017723933156287178,-0.012675849315919054
1029,0.030314743521893266,0.017656445540432886,-0.012746016670520811
1030,0.030338527011207251,0.017588795194225518,-0.012815948034031801
1031,0.03036221793672941,0.017520982692385959,-0.012885642359545504
1032,0.030385816094589752,0.017453008611746989,-0.01295509860354002
1033,0.030409321281657749,0.017384873531246185,-0.013024315725895699
1034,0.030432733295544859,0.017316578031918849,-0.013093292689912736
1035,0.030456051934606942,0.017248122696890831,-0.013162028462328709
1036,0.030479276997946812,0.017179508111371415,-0.013230522013336056
1037,0.030502408285416692,0.017110734862646065,-0.013298772316599483
1038,0.030525445597620663,0.017041803540069206,-0.013366778349273337
1039,0.030548388735917132,0.016972714735056967,-0.013434539092018916
1040,0.030571237502421321,0.016903469041079876,-0.013502053529021712
1041,0.03059399170000764,0.016834067053655529,-0.013569320648008606
1042,0.030616651132312149,0.016764509370341223,-0.013636339440265001
1043,0.030639215603735011,0.016694796590726563,-0.013703108900651899
1044,0.030661684919442846,0.016624929316426031,-0.013769628027622922
1045,0.030684058885371176,0.01655490815107152,-0.013835895823241268
1046,0.030706337308226805,0.016484733700304871,-0.013901911293196605
1047,0.030728519995490217,0.016414406571770322,-0.013967673446821923
1048,0.030750606755417929,0.016343927375106964,-0.014033181297110299
1049,0.030772597397044899,0.016273296721941159,-0.014098433860731634
1050,0.030794491730186856,0.01620251522587892,-0.014163430158049295
1051,0.030816289565442648,0.016131583502498267,-0.014228169213136728
1052,0.030837990714196586,0.016060502169341542,-0.014292650053793991
1053,0.030859594988620807,0.015989271845907708,-0.014356871711564231
1054,0.030881102201677543,0.015917893153644606,-0.014420833221750104
1055,0.030902512167121476,0.015846366715941189,-0.014484533623430116
1056,0.030923824699502007,0.015774693158119701,-0.014547971959474925
1057,0.030945039614165577,0.015702873107427871,-0.014611147276563562
1058,0.03096615672725794,0.015630907193031042,-0.014674058625199602
1059,0.030987175855726443,0.01555879604600428,-0.014736705059727273
1060,0.031008096817322289,0.015486540299324447,-0.014799085638347477
1061,0.031028919430602781,0.015414140587862257,-0.014861199423133775
1062,0.031049643514933598,0.015341597548374289,-0.014923045480048306
1063,0.031070268890490992,0.015268911819494984,-0.014984622878957618
1064,0.031090795378264053,0.015196084041728593,-0.015045930693648468
1065,0.03111122280005691,0.015123114857441129,-0.015106968001843527
1066,0.031131550978490925,0.015050004910852236,-0.015167733885217038
1067,0.031151779737006922,0.01497675484802709,-0.015228227429410391
1068,0.031171908899867325,0.014903365316868217,-0.015288447724047669
1069,0.031191938292158407,0.014829836967107331,-0.015348393862751076
1070,0.031211867739792395,0.014756170450297104,-0.015408064943156347
1071,0.031231697069509678,0.014682366419802933,-0.015467460066928052
1072,0.031251426108880896,0.014608425530794656,-0.015526578339774867
1073,0.031271054686309155,0.01453434844023826,-0.015585418871464755
1074,0.031290582631032092,0.014460135806887547,-0.015643980775840075
1075,0.031310009773123988,0.014385788291275785,-0.015702263170832655
1076,0.031329335943497967,0.014311306555707316,-0.015760265178478772
1077,0.031348560973907993,0.01423669126424915,-0.015817985924934056
1078,0.031367684696951018,0.014161943082722513,-0.015875424540488355
1079,0.031386706946069008,0.014087062678694386,-0.015932580159580496
1080,0.031405627555551083,0.01401205072146902,-0.015989451920813007
1081,0.03142444636053552,0.013936907882079399,-0.016046038966966755
1082,0.03144316319701182,0.013861634833278695,-0.016102340445015514
1083,0.031461777901822738,0.013786232249531686,-0.016158355506140479
1084,0.031480290312666317,0.013710700807006166,-0.01621408330574467
1085,0.031498700268097916,0.013635041183564296,-0.016269523003467318
1086,0.031517007607532191,0.01355925405875396,-0.016324673763198145
1087,0.031535212171245094,0.013483340113800079,-0.01637953475309158
1088,0.03155331380037589,0.013407300031595884,-0.016434105145580902
1089,0.031571312336929107,0.013331134496694206,-0.01648838411739233
1090,0.031589207623776497,0.013254844195298692,-0.016542370849559014
1091,0.031606999504658999,0.01317842981525503,-0.016596064527434971
1092,0.031624687824188702,0.01310189204604212,-0.016649464340708943
1093,0.031642272427850726,0.013025231578763246,-0.016702569483418188
1094,0.031659753162005221,0.012948449106137202,-0.016755379153962188
1095,0.031677129873889188,0.012871545322489414,-0.016807892555116308
1096,0.031694402411618486,0.012794520923743001,-0.016860108894045336
1097,0.031711570624189611,0.012717376607409838,-0.016912027382316987
1098,0.031728634361481656,0.012640113072581609,-0.016963647235915334
1099,0.031745593474258156,0.012562731019920788,-0.01701496767525414
1100,0.031762447814168947,0.012485231151651637,-0.017065987925190141
1101,0.031779197233751999,0.012407614171551168,-0.017116707215036241
1102,0.031795841586435288,0.012329880784940062,-0.017167124778574627
1103,0.031812380726538587,0.012252031698673591,-0.017217239854069821
1104,0.031828814509275292,0.012174067621132495,-0.017267051684281654
1105,0.031845142790754254,0.012095989262213851,-0.017316559516478154
1106,0.031861365427981507,0.0120177973333219,-0.017365762602448386
1107,0.03187748227886214,0.011939492547358873,-0.017414660198515182
1108,0.031893493202201993,0.01186107561871577,-0.017463251565547792
1109,0.031909398057709447,0.011782547263263131,-0.017511535968974524
1110,0.031925196705997187,0.011703908198341781,-0.017559512678795214
1111,0.031940889008583925,0.011625159142753552,-0.017607180969593683
1112,0.031956474827896104,0.011546300816751962,-0.017654540120550104
1113,0.031971954027269663,0.011467333942032915,-0.017701589415453266
1114,0.031987326470951719,0.011388259241725329,-0.017748328142712804
1115,0.032002592024102251,0.011309077440381775,-0.0177947555953713
1116,0.032017750552795779,0.01122978926396908,-0.017840871071116354
1117,0.032032801924023073,0.011150395439858917,-0.017886673872292549
1118,0.032047746005692782,0.011070896696818355,-0.017932163305913355
1119,0.032062582666633095,0.010991293765000411,-0.017977338683672919
1120,0.032077311776593335,0.010911587375934553,-0.018022199321957821
1121,0.03209193320624569,0.010831778262517204,-0.018066744541858717
1122,0.032106446827186712,0.010751867159002223,-0.018110973669181928
1123,0.03212085251193901,0.010671854800991339,-0.018154886034460929
1124,0.032135150133952774,0.010591741925424593,-0.018198480972967772
1125,0.032149339567607391,0.01051152927057075,-0.018241757824724411
1126,0.032163420688213026,0.010431217576017686,-0.01828471593451398
1127,0.032177393372012163,0.010350807582662753,-0.018327354651891951
1128,0.032191257496181153,0.010270300032703131,-0.018369673331197243
1129,0.032205012938831719,0.010189695669626152,-0.018411671331563215
1130,0.032218659579012557,0.0101089952381996,-0.018453348016928627
1131,0.032232197296710764,0.010028199484462012,-0.018494702756048469
1132,0.032245625972853409,0.0099473091557129335,-0.018535734922504758
1133,0.032258945489308959,0.0098663250005031639,-0.018576443894717205
1134,0.032272155728888807,0.009785247768624987,-0.018616829055953826
1135,0.032285256575348718,0.00970407821110238,-0.018656889794341474
1136,0.032298247913390268,0.0096228170801811938,-0.018696625502876284
1137,0.032311129628662325,0.0095414651293193251,-0.018736035579434027
1138,0.032323901607762412,0.0094600231131768634,-0.018775119426780382
1139,0.032336563738238226,0.009378491787606219,-0.018813876452581143
1140,0.032349115908588945,0.00929687190964224,-0.018852306069412326
1141,0.032361558008266685,0.009215164237492298,-0.018890407694770205
1142,0.032373889927677861,0.0091333695305263647,-0.018928180751081242
1143,0.032386111558184577,0.0090514885492670658,-0.018965624665711962
1144,0.032398222792105948,0.0089695220553797222,-0.019002738870978725
1145,0.032410223522719502,0.0088874708116623534,-0.019039522804157414
1146,0.032422113644262451,0.0088053355820357001,-0.019075975907493058
1147,0.032433893051933081,0.0087231171315331913,-0.019112097628209347
1148,0.032445561641892051,0.0086408162262909174,-0.019147887418518073
1149,0.032457119311263626,0.0085584336335375703,-0.019183344735628497
1150,0.032468565958137068,0.0084759701215843877,-0.01921846904175661
1151,0.032479901481567819,0.0083934264598150479,-0.019253259804134323
1152,0.032491125781578846,0.0083108034186755893,-0.019287716495018561
1153,0.032502238759161847,0.0082281017696642644,-0.01932183859170029
1154,0.032513240316278488,0.008145322285321421,-0.019355625576513446
1155,0.032524130355861658,0.0080624657392193416,-0.019389076936843771
1156,0.032534908781816661,0.0079795329059520748,-0.019422192165137565
1157,0.032545575499022435,0.0078965245611252472,-0.019454970758910381
1158,0.032556130413332753,0.0078134414813458668,-0.019487412220755583
1159,0.032566573431577393,0.0077302844442120973,-0.019519516058352889
1160,0.032576904461563271,0.0076470542283030339,-0.019551281784476741
1161,0.032587123412075654,0.0075637516131684462,-0.01958270891700464
1162,0.032597230192879273,0.0074803773793185131,-0.019613796978925398
1163,0.032607224714719475,0.0073969323082135521,-0.0196445454983473
1164,0.032617106889323316,0.007313417182253713,-0.019674954008506142
1165,0.03262687662940069,0.0072298327847686731,-0.019705022047773225
1166,0.032636533848645399,0.0071461799000073125,-0.019734749159663251
1167,0.032646078461736269,0.00706245931312738,-0.019764134892842119
1168,0.032655510384338192,0.0069786718101851296,-0.019793178801134639
1169,0.032664829533103207,0.0068948181781249606,-0.019821880443532162
1170,0.032674035825671514,0.0068108992047690286,-0.019850239384200118
1171,0.032683129180672538,0.0067269156788068562,-0.019878255192485473
1172,0.032692109517725929,0.0066428683897849202,-0.019905927442924087
1173,0.032700976757442594,0.0065587581280962311,-0.019933255715247997
1174,0.032709730821425677,0.0064745856849698887,-0.019960239594392588
1175,0.03271837163227153,0.0063903518524606471,-0.019986878670503715
1176,0.032726899113570726,0.0063060574234384357,-0.020013172538944676
1177,0.032735313189908972,0.0062217031915778927,-0.020039120800303178
1178,0.032743613786868103,0.0061372899513478744,-0.020064723060398127
1179,0.032751800831026946,0.0060528184980009527,-0.020089978930286381
1180,0.032759874249962323,0.0059682896275629017,-0.020114888026269415
1181,0.032767833972249888,0.0058837041368221751,-0.020139449969899879
1182,0.0327756799274651,0.0057990628233193639,-0.02016366438798806
1183,0.032783412046184027,0.005714366485336647,-0.020187530912608276
1184,0.03279103025998429,0.0056296159218872308,-0.020211049181105164
1185,0.032798534501445854,0.0055448119327047738,-0.020234218836099889
1186,0.032805924704151938,0.0054599553182328063,-0.020257039525496248
1187,0.032813200802689783,0.0053750468796141268,-0.020279510902486714
1188,0.032820362732651563,0.0052900874186802048,-0.020301632625558345
1189,0.032827410430635112,0.0052050777379405557,-0.020323404358498644
1190,0.032834343834244752,0.0051200186405721097,-0.020344825770401302
1191,0.032841162882092073,0.005034910930408581,-0.020365896535671859
1192,0.03284786751379673,0.004949755411929809,-0.02038661633403329
1193,0.032854457669987167,0.0048645528902511075,-0.020406984850531468
1194,0.032860933292301359,0.0047793041711125831,-0.020427001775540552
1195,0.032867294323387565,0.0046940100608684667,-0.020446666804768306
1196,0.032873540706905055,0.0046086713664764134,-0.020465979639261282
1197,0.032879672387524796,0.00452328889548681,-0.020484939985409945
1198,0.03288568931093018,0.0044378634560320639,-0.020503547554953701
1199,0.032891591423817673,0.004352395856815885,-0.020521802064985835
1200,0.032897378673897491,0.0042668869071025572,-0.02053970323795834
1201,0.032903051009894282,0.0041813374167062045,-0.020557250801686675
1202,0.032908608381547716,0.0040957481959800436,-0.020574444489354415
1203,0.032914050739613177,0.0040101200558056334,-0.020591284039517828
1204,0.032919378035862368,0.0039244538075821128,-0.020607769196110345
1205,0.032924590223083909,0.0038387502632154279,-0.020623899708446952
1206,0.032929687255083891,0.003753010235107556,-0.020639675331228458
1207,0.032934669086686533,0.0036672345361457195,-0.020655095824545718
1208,0.032939535673734699,0.0035814239796915929,-0.020670160953883729
1209,0.032944286973090466,0.0034955793795705022,-0.020684870490125646
1210,0.032948922942635669,0.0034097015500606127,-0.020699224209556701
1211,0.032953443541272429,0.0033237913058821182,-0.020713221893868032
1212,0.032957848728923649,0.0032378494621864125,-0.020726863330160428
1213,0.032962138466533564,0.0031518768345452676,-0.020740148310947969
1214,0.032966312716068188,0.0030658742389399907,-0.020753076634161573
1215,0.032970371440515837,0.0029798424917505829,-0.02076564810315246
1216,0.032974314603887528,0.0028937824097448922,-0.020777862526695529
1217,0.032978142171217487,0.0028076948100677567,-0.020789719718992614
1218,0.032981854108563601,0.0027215805102301445,-0.020801219499675679
1219,0.032985450383007778,0.002635440328098284,-0.020812361693809883
1220,0.032988930962656433,0.0025492750818827928,-0.020823146131896616
1221,0.032992295816640801,0.0024630855901277998,-0.020833572649876356
1222,0.032995544915117449,0.0023768726717000631,-0.020843641089131514
1223,0.032998678229268524,0.0022906371457780779,-0.020853351296489124
1224,0.033001695731302232,0.0022043798318411869,-0.020862703124223482
1225,0.033004597394453078,0.0021181015496586778,-0.020871696430058668
1226,0.03300738319298227,0.0020318031192788836,-0.020880331077170994
1227,0.033010053102178041,0.0019454853610182739,-0.020888606934191312
1228,0.033012607098355941,0.0018591490954505418,-0.020896523875207317
1229,0.03301504515885912,0.0017727951433956918,-0.020904081779765653
1230,0.033017367262058665,0.0016864243259091182,-0.02091128053287401
1231,0.033019573387353812,0.0016000374642706797,-0.020918120025003078
1232,0.033021663515172259,0.0015136353799737763,-0.02092460015208842
1233,0.033023637626970359,0.0014272188947144174,-0.02093072081553226
1234,0.033025495705233422,0.0013407888303802868,-0.020936481922205173
1235,0.033027237733475844,0.0012543460090398068,-0.020941883384447683
1236,0.033028863696241396,0.0011678912529312006,-0.020946925120071742
1237,0.033030373579103392,0.0010814253844515479,-0.020951607052362174
1238,0.033031767368664838,0.00099494922614584095,-0.020955929110077952
1239,0.033033045052558656,0.00090846360069603705,-0.020959891227453432
1240,0.033034206619447788,0.00082196933091011027,-0.020963493344199492
1241,0.033035252059025383,0.00073546723971109978,-0.02096673540550455
1242,0.033036181362014909,0.00064895815012615645,-0.020969617362035516
1243,0.033036994520170233,0.00056244288527558853,-0.020972139169938602
1244,0.033037691526275781,0.00047592226836190533,-0.020974300790840127
1245,0.033038272374146631,0.00038939712265885962,-0.020976102191847128
1246,0.033038737058628524,0.00030286827150048933,-0.020977543345547946
1247,0.033039085575597996,0.00021633653827015769,-0.020978624230012694
1248,0.033039317921962387,0.00012980274638959273,-0.020979344828793628
1249,0.033039434095659938,4.3267719307926547e-05,-0.020979705130925418
1250,0.033039434095659737,-4.3267719509266157e-05,-0.020979705130925366
1251,0.033039317921960736,-0.00012980274659092985,-0.020979344828792761
1252,0.033039085575594887,-0.00021633653847148994,-0.020978624230011015
1253,0.033038737058623972,-0.00030286827170181418,-0.020977543345545451
1254,0.033038272374140643,-0.0003893971228601746,-0.020976102191843815
1255,0.033037691526268356,-0.00047592226856320785,-0.020974300790835999
1256,0.033036994520161379,-0.0005624428854768763,-0.020972139169933662
1257,0.033036181362004625,-0.00064895815032742687,-0.020969617362029756
1258,0.033035252059013684,-0.00073546723991235036,-0.020966735405497979
1259,0.033034206619434674,-0.00082196933111133874,-0.020963493344192105
1260,0.033033045052544119,-0.0009084636008972408,-0.020959891227445231
1261,0.033031767368648907,-0.00099494922634701748,-0.020955929110068935
1262,0.033030373579086066,-0.0010814253846526949,-0.020951607052352342
1263,0.033028863696222689,-0.0011678912531323156,-0.020946925120061098
1264,0.033027237733455755,-0.0012543460092408875,-0.020941883384436217
1265,0.03302549570521196,-0.0013407888305813306,-0.020936481922192891
1266,0.033023637626947551,-0.0014272188949154226,-0.020930720815519159
1267,0.033021663515148104,-0.0015136353801747404,-0.020924600152074507
1268,0.033019573387328326,-0.0016000374644715995,-0.02091812002498836
1269,0.033017367262031853,-0.001686424326109992,-0.020911280532858484
1270,0.033015045158830997,-0.0017727951435965181,-0.020904081779749319
1271,0.033012607098326499,-0.0018591490956513174,-0.020896523875190174
1272,0.033010053102147288,-0.0019454853612189957,-0.020888606934173361
1273,0.033007383192950206,-0.0020318031194795499,-0.020880331077152234
1274,0.033004597394419716,-0.0021181015498592847,-0.020871696430039111
1275,0.033001695731267579,-0.0022043798320417326,-0.020862703124203116
1276,0.032998678229232595,-0.0022906371459785599,-0.020853351296467957
1277,0.032995544915080249,-0.0023768726719004779,-0.020843641089109539
1278,0.032992295816602353,-0.0024630855903281451,-0.020833572649853579
1279,0.032988930962616736,-0.0025492750820830658,-0.020823146131873031
1280,0.032985450382966852,-0.0026354403282984832,-0.020812361693785492
1281,0.032981854108521447,-0.0027215805104302674,-0.02080121949965048
1282,0.032978142171174105,-0.0028076948102678002,-0.020789719718966614
1283,0.032974314603842918,-0.0028937824099448538,-0.020777862526668724
1284,0.032970371440470013,-0.0029798424919504599,-0.02076564810312485
1285,0.032966312716021164,-0.0030658742391397801,-0.020753076634133154
1286,0.032962138466485338,-0.0031518768347449681,-0.020740148310918746
1287,0.032957848728874237,-0.0032378494623860211,-0.020726863330130404
1288,0.03295344354122183,-0.0033237913060816314,-0.020713221893837206
1289,0.032948922942583898,-0.0034097015502600305,-0.02069922420952507
1290,0.032944286973037529,-0.003495579379769821,-0.020684870490093214
1291,0.032939535673680603,-0.003581423979890812,-0.020670160953850492
1292,0.032934669086631299,-0.0036672345363448354,-0.020655095824511683
1293,0.032929687255027519,-0.0037530102353065665,-0.020639675331193628
1294,0.032924590223026406,-0.0038387502634143309,-0.020623899708411327
1295,0.032919378035803755,-0.0039244538077809052,-0.020607769196073929
1296,0.03291405073955344,-0.0040101200560043113,-0.020591284039480618
1297,0.032908608381486862,-0.0040957481961786026,-0.020574444489316418
1298,0.032903051009832325,-0.004181337416904643,-0.020557250801647886
1299,0.032897378673834451,-0.0042668869073008717,-0.020539703237918764
1300,0.032891591423753558,-0.0043523958570140736,-0.020521802064945475
1301,0.032885689310864989,-0.0044378634562301233,-0.020503547554912561
1302,0.032879672387458529,-0.0045232888956847368,-0.02048493998536802
1303,0.032873540706837699,-0.0046086713666742057,-0.020465979639218576
1304,0.032867294323319134,-0.0046940100610661228,-0.020446666804724824
1305,0.032860933292231859,-0.004779304171310104,-0.020427001775496289
1306,0.032854457669916598,-0.0048645528904484887,-0.020406984850486424
1307,0.032847867513725107,-0.0049497554121270505,-0.020386616333987466
1308,0.032841162882019395,-0.0050349109306056794,-0.020365896535625261
1309,0.032834343834171012,-0.0051200186407690642,-0.020344825770353927
1310,0.032827410430560325,-0.0052050777381373635,-0.020323404358450498
1311,0.032820362732575735,-0.0052900874188768644,-0.020301632625509426
1312,0.032813200802612914,-0.0053750468798106354,-0.020279510902437028
1313,0.032805924704074035,-0.0054599553184291588,-0.020257039525445796
1314,0.032798534501366931,-0.0055448119329009693,-0.020234218836048666
1315,0.032791030259904347,-0.0056296159220832649,-0.020211049181053178
1316,0.032783412046103071,-0.0057143664855325189,-0.02018753091255553
1317,0.032775679927383131,-0.0057990628235150719,-0.020163664387934554
1318,0.032767833972166927,-0.0058837041370177149,-0.02013944996984561
1319,0.032759874249878369,-0.0059682896277582715,-0.020114888026214382
1320,0.032751800830942021,-0.0060528184981961473,-0.020089978930230581
1321,0.032743613786782193,-0.006137289951542892,-0.020064723060341558
1322,0.032735313189822104,-0.0062217031917727308,-0.020039120800245842
1323,0.032726899113482893,-0.0063060574236330925,-0.020013172538886573
1324,0.032718371632182733,-0.0063903518526551217,-0.019986878670444842
1325,0.032709730821335929,-0.0064745856851641777,-0.019960239594332949
1326,0.03270097675735191,-0.0065587581282903285,-0.019933255715187587
1327,0.0326921095176343,-0.0066428683899788267,-0.019905927442862913
1328,0.03268312918057998,-0.0067269156790005667,-0.019878255192423536
1329,0.032674035825578034,-0.0068108992049625413,-0.019850239384137422
1330,0.03266482953300881,-0.0068948181783182712,-0.019821880443468706
1331,0.032655510384242886,-0.0069786718103782364,-0.01979317880107042
1332,0.032646078461640048,-0.0070624593133202795,-0.019764134892777143
1333,0.032636533848548276,-0.007146179900200003,-0.019734749159597515
1334,0.032626876629302665,-0.0072298327849611493,-0.01970502204770673
1335,0.032617106889224409,-0.0073134171824459741,-0.019674954008438883
1336,0.03260722471461968,-0.0073969323084055955,-0.019644545498279285
1337,0.032597230192778603,-0.0074803773795103345,-0.01961379697885663
1338,0.03258712341197411,-0.0075637516133600412,-0.019582708916935115
1339,0.032576904461460873,-0.0076470542284944026,-0.019551281784406464
1340,0.032566573431474143,-0.0077302844444032369,-0.019519516058281863
1341,0.032556130413228669,-0.0078134414815367766,-0.019487412220683804
1342,0.032545575498917519,-0.0078965245613159263,-0.019454970758837842
1343,0.032534908781710899,-0.0079795329061425214,-0.019422192165064283
1344,0.032524130355755056,-0.0080624657394095522,-0.019389076936769736
1345,0.032513240316171067,-0.0081453222855113923,-0.019355625576438665
1346,0.032502238759053614,-0.0082281017698539929,-0.019321838591624757
1347,0.032491125781469822,-0.0083108034188650714,-0.019287716494942278
1348,0.032479901481457997,-0.0083934264600042784,-0.019253259804057291
1349,0.032468565958026455,-0.0084759701217733598,-0.019218469041678836
1350,0.032457119311152235,-0.008558433633726284,-0.01918334473554998
1351,0.032445561641779884,-0.0086408162264793691,-0.019147887418438817
1352,0.032433893051820144,-0.0087231171317213793,-0.019112097628129352
1353,0.032422113644148751,-0.0088053355822236227,-0.019075975907412331
1354,0.032410223522605051,-0.0088874708118500088,-0.019039522804075955
1355,0.032398222791990769,-0.0089695220555671071,-0.019002738870896527
1356,0.032386111558068663,-0.0090514885494541817,-0.018965624665629024
1357,0.032373889927561232,-0.0091333695307132066,-0.018928180750997566
1358,0.032361558008149341,-0.0092151642376788623,-0.018890407694685786
1359,0.032349115908470887,-0.009296871909828525,-0.018852306069327172
1360,0.032336563738119467,-0.0093784917877922265,-0.018813876452495253
1361,0.032323901607642966,-0.0094600231133625898,-0.018775119426693767
1362,0.032311129628542191,-0.0095414651295047705,-0.01873603557934669
1363,0.032298247913269462,-0.009622817080366353,-0.018696625502788229
1364,0.032285256575227239,-0.0097040782112872547,-0.018656889794252701
1365,0.032272155728766676,-0.0097852477688095754,-0.018616829055864328
1366,0.032258945489186182,-0.0098663250006874627,-0.018576443894626992
1367,0.032245625972729994,-0.0099473091558969426,-0.018535734922413828
1368,0.032232197296586718,-0.010028199484645728,-0.01849470275595682
1369,0.032218659578887886,-0.010108995238383021,-0.018453348016836259
1370,0.032205012938706437,-0.010189695669809273,-0.018411671331470137
1371,0.032191257496055267,-0.010270300032885949,-0.018369673331103446
1372,0.032177393371885701,-0.010350807582845263,-0.018327354651797443
1373,0.032163420688085989,-0.010431217576199886,-0.018284715934418754
1374,0.032149339567479771,-0.010511529270752638,-0.018241757824628467
1375,0.032135150133824592,-0.010591741925606166,-0.018198480972871113
1376,0.03212085251181028,-0.010671854801172597,-0.018154886034363563
1377,0.032106446827057447,-0.010751867159183165,-0.018110973669083853
1378,0.032091933206115884,-0.010831778262697827,-0.018066744541759938
1379,0.032077311776462995,-0.010911587376114851,-0.018022199321858334
1380,0.032062582666502228,-0.010991293765180382,-0.017977338683572725
1381,0.032047746005561401,-0.011070896696997998,-0.017932163305812456
1382,0.032032801923891185,-0.011150395440038225,-0.017886673872190947
1383,0.032017750552663385,-0.011229789264148055,-0.017840871071014047
1384,0.032002592023969351,-0.011309077440560414,-0.017794755595268292
1385,0.031987326470818325,-0.01138825924190363,-0.017748328142609106
1386,0.031971954027135784,-0.011467333942210878,-0.017701589415348877
1387,0.031956474827761733,-0.011546300816929585,-0.017654540120445022
1388,0.031940889008449096,-0.011625159142930826,-0.01760718096948791
1389,0.0319251967058619,-0.011703908198518706,-0.01755951267868875
1390,0.031909398057573708,-0.011782547263439701,-0.01751153596886737
1391,0.031893493202065817,-0.011861075618891987,-0.017463251565439951
1392,0.031877482278725541,-0.011939492547534738,-0.017414660198406658
1393,0.031861365427844492,-0.012017797333497409,-0.017365762602339182
1394,0.031845142790616829,-0.012095989262388996,-0.01731655951636827
1395,0.031828814509137472,-0.012174067621307277,-0.017267051684171093
1396,0.031812380726400358,-0.012252031698848002,-0.01721723985395859
1397,0.031795841586296655,-0.012329880785114102,-0.017167124778462724
1398,0.031779197233612978,-0.012407614171724831,-0.017116707214923664
1399,0.031762447814029544,-0.012485231151824922,-0.017065987925076891
1400,0.031745593474118379,-0.012562731020093686,-0.017014967675140213
1401,0.031728634361341525,-0.01264011307275412,-0.016963647235800738
1402,0.031711570624049126,-0.012717376607581963,-0.016912027382201721
1403,0.031694402411477654,-0.012794520923914731,-0.016860108893929405
1404,0.031677129873748024,-0.012871545322660752,-0.016807892554999714
1405,0.031659753161863709,-0.012948449106308142,-0.016755379153844931
1406,0.031642272427708902,-0.013025231578933779,-0.016702569483300265
1407,0.031624687824046552,-0.013101892046212251,-0.016649464340590361
1408,0.031606999504516543,-0.013178429815424757,-0.016596064527315733
1409,0.031589207623633729,-0.013254844195468017,-0.016542370849439124
1410,0.031571312336786055,-0.01333113449686312,-0.016488384117271788
1411,0.031553313800232553,-0.013407300031764388,-0.016434105145459708
1412,0.031535212171101459,-0.01348334011396817,-0.016379534752969733
1413,0.031517007607388271,-0.01355925405892164,-0.016324673763075646
1414,0.031498700267953726,-0.013635041183731557,-0.01626952300334417
1415,0.031480290312521857,-0.013710700807173008,-0.016214083305620876
1416,0.031461777901678013,-0.013786232249698108,-0.016158355506016041
1417,0.031443163196866825,-0.013861634833444691,-0.016102340444890437
1418,0.031424446360390275,-0.013936907882244973,-0.016046038966841036
1419,0.031405627555405588,-0.014012050721634171,-0.01598945192068665
1420,0.031386706945923278,-0.014087062678859105,-0.015932580159453508
1421,0.031367684696805058,-0.014161943082886796,-0.015875424540360738
1422,0.031348560973761819,-0.014236691264413003,-0.015817985924805808
1423,0.031329335943351584,-0.014311306555870734,-0.015760265178349896
1424,0.031310009772977397,-0.014385788291438762,-0.015702263170703157
1425,0.031290582630885293,-0.01446013580705008,-0.015643980775709953
1426,0.031271054686162175,-0.014534348440400342,-0.015585418871334014
1427,0.031251426108733722,-0.014608425530956292,-0.01552657833964351
1428,0.031231697069362324,-0.014682366419964123,-0.015467460066796078
1429,0.031211867739644863,-0.014756170450457847,-0.015408064943023759
1430,0.031191938292010696,-0.014829836967267623,-0.015348393862617877
1431,0.031171908899719443,-0.014903365317028058,-0.015288447723913863
1432,0.031151779736858867,-0.014976754848186483,-0.015228227429275982
1433,0.031131550978342717,-0.015050004911011182,-0.015167733885082026
1434,0.031111222799908557,-0.015123114857599628,-0.015106968001707919
1435,0.031090795378115561,-0.015196084041886647,-0.015045930693512267
1436,0.031070268890342364,-0.015268911819652587,-0.014984622878820826
1437,0.031049643514784842,-0.015341597548531439,-0.014923045479910925
1438,0.031028919430453904,-0.015414140588018953,-0.014861199422995805
1439,0.031008096817173293,-0.01548654029948069,-0.014799085638208923
1440,0.030987175855577333,-0.015558796046160067,-0.014736705059588136
1441,0.030966156727108726,-0.015630907193186373,-0.014674058625059886
1442,0.030945039614016265,-0.01570287310758274,-0.014611147276423269
1443,0.030923824699352599,-0.015774693158274108,-0.014547971959334058
1444,0.030902512166971985,-0.015846366716095132,-0.01448453362328868
1445,0.030881102201527989,-0.015917893153798088,-0.014420833221608099
1446,0.030859594988471181,-0.015989271846060724,-0.01435687171142166
1447,0.030837990714046911,-0.01606050216949409,-0.014292650053650855
1448,0.030816289565292913,-0.016131583502650343,-0.014228169212993028
1449,0.030794491730037083,-0.016202515226030525,-0.014163430157905032
1450,0.030772597396895099,-0.016273296722092288,-0.014098433860586812
1451,0.030750606755268098,-0.016343927375257618,-0.014033181296964922
1452,0.030728519995340368,-0.0164144065719205,-0.013967673446675993
1453,0.030706337308076946,-0.016484733700454574,-0.013901911293050125
1454,0.03068405888522132,-0.016554908151220748,-0.013835895823094239
1455,0.030661684919292997,-0.016624929316574784,-0.013769628027475351
1456,0.030639215603585176,-0.016694796590874843,-0.013703108900503788
1457,0.030616651132162331,-0.016764509370489029,-0.013636339440116357
1458,0.030593991699857839,-0.016834067053802856,-0.013569320647859434
1459,0.030571237502271545,-0.016903469041226724,-0.013502053528872016
1460,0.030548388735767398,-0.016972714735203336,-0.013434539091868701
1461,0.03052544559747097,-0.017041803540215093,-0.013366778349122605
1462,0.030502408285267055,-0.017110734862791473,-0.013298772316448234
1463,0.03047927699779724,-0.017179508111516341,-0.013230522013184294
1464,0.030456051934457429,-0.017248122697035274,-0.013162028462176437
1465,0.03043273329539541,-0.017316578032062806,-0.013093292689759955
1466,0.030409321281508382,-0.017384873531389667,-0.013024315725742417
1467,0.030385816094440465,-0.017453008611889989,-0.01295509860338624
1468,0.030362217936580227,-0.017520982692528476,-0.012885642359391224
1469,0.030338527011058179,-0.017588795194367551,-0.01281594803387702
1470,0.030314743521744313,-0.017656445540574436,-0.012746016670365531
1471,0.030290867673245531,-0.017723933156428243,-0.012675849315763273
1472,0.030266899670903191,-0.017791257469327002,-0.012605447020343679
1473,0.030242839720790522,-0.017858417908794669,-0.012534810837729341
1474,0.030218688029710131,-0.017925413906488098,-0.012463941824874205
1475,0.030194444805191449,-0.01799224489620399,-0.012392841042045714
1476,0.030170110255488165,-0.018058910313885779,-0.012321509552806881
1477,0.030145684589575675,-0.01812540959763052,-0.012249948423998326
1478,0.030121168017148512,-0.018191742187695693,-0.012178158725720251
1479,0.030096560748617773,-0.018257907526506054,-0.012106141531314372
1480,0.030071862995108528,-0.018323905058660387,-0.01203389791734579
1481,0.030047074968457221,-0.018389734230938218,-0.011961428963584807
1482,0.030022196881209079,-0.018455394492306546,-0.0118887357529887
1483,0.029997228946615512,-0.018520885293926502,-0.011815819371683439
1484,0.029972171378631479,-0.018586206089159969,-0.011742680908945346
1485,0.029947024391912849,-0.018651356333576195,-0.011669321457182724
1486,0.029921788201813786,-0.018716335484958369,-0.011595742111917414
1487,0.029896463024384135,-0.01878114300331012,-0.011521943971766313
1488,0.029871049076366701,-0.018845778350862045,-0.011447928138422837
1489,0.029845546575194663,-0.018910240992078137,-0.011373695716638347
1490,0.029819955738988862,-0.018974530393662245,-0.011299247814203503
1491,0.029794276786555145,-0.019038646024564433,-0.011224585541929594
1492,0.029768509937381681,-0.019102587355987358,-0.011149710013629806
1493,0.029742655411636273,-0.019166353861392583,-0.011074622346100446
1494,0.029716713430163681,-0.019229945016506867,-0.010999323659102117
1495,0.029690684214482864,-0.019293360299328408,-0.010923815075340843
1496,0.029664567986784334,-0.019356599190133057,-0.010848097720449151
1497,0.029638364969927382,-0.019419661171480519,-0.010772172722967108
1498,0.029612075387437389,-0.01948254572822045,-0.010696041214323306
1499,0.029585699463503073,-0.019545252347498619,-0.010619704328815815
1500,0.029559237422973748,-0.019607780518762944,-0.010543163203593062
1501,0.029532689491356585,-0.019670129733769536,-0.010466418978634697
1502,0.029506055894813837,-0.019732299486588709,-0.010389472796732396
1503,0.029479336860160101,-0.019794289273610939,-0.010312325803470622
1504,0.029452532614859517,-0.019856098593552796,-0.010234979147207347
1505,0.029425643387023016,-0.019917726947462827,-0.010157433979054718
1506,0.029398669405405524,-0.019979173838727413,-0.010079691452859703
1507,0.029371610899403166,-0.020040438773076607,-0.01000175272518466
1508,0.029344468099050447,-0.020101521258589876,-0.0099236189552878995
1509,0.029317241235017506,-0.020162420805701905,-0.009845291305104184
1510,0.029289930538607241,-0.02022313692720825,-0.0097667709392251813
1511,0.029262536241752502,-0.020283669138271065,-0.0096880590248798939
1512,0.029235058577013289,-0.020344016956424679,-0.0096091567319150327
1513,0.029207497777573904,-0.020404179901581252,-0.0095300652327753553
1514,0.029179854077240067,-0.020464157496036296,-0.0094507857024839579
1515,0.02915212771043613,-0.020523949264474223,-0.0093713193186225445
1516,0.029124318912202209,-0.02058355473397384,-0.0092916672613116303
1517,0.029096427918191298,-0.020642973434013768,-0.0092118307131907277
1518,0.029068454964666406,-0.02070220489647789,-0.0091318108593984818
1519,0.029040400288497688,-0.020761248655660706,-0.0090516088875527752
1520,0.029012264127159574,-0.020820104248272683,-0.0089712259877307732
1521,0.028984046718727861,-0.020878771213445547,-0.0088906633524489711
1522,0.028955748301876819,-0.020937249092737569,-0.0088099221766431614
1523,0.02892736911587631,-0.020995537430138763,-0.0087290036576483879
1524,0.028898909400588861,-0.021053635772076102,-0.0086479089951788622
1525,0.028870369396466752,-0.021111543667418631,-0.0085666393913078377
1526,0.028841749344549087,-0.02116926066748263,-0.0084851960504474383
1527,0.028813049486458912,-0.021226786326036647,-0.0084035801793284782
1528,0.028784270064400208,-0.021284120199306557,-0.008321792986980216
1529,0.028755411321155028,-0.021341261845980571,-0.0082398356847100968
1530,0.02872647350008049,-0.021398210827214163,-0.0081577094860834365
1531,0.028697456845105863,-0.021454966706635024,-0.0080754156069031049
1532,0.028668361600729581,-0.021511529050347932,-0.0079929552651891427
1533,0.028639188012016301,-0.021567897426939601,-0.0079103296811583561
1534,0.028609936324593924,-0.021624071407483493,-0.0078275400772038935
1535,0.028580606784650634,-0.02168005056554459,-0.0077445876778747614
1536,0.028551199638931893,-0.0217358344771841,-0.0076614737098553345
1537,0.028521715134737453,-0.021791422720964192,-0.0075781994019448098
1538,0.028492153519918389,-0.021846814877952602,-0.0074947659850366543
1539,0.02846251504287408,-0.021902010531727297,-0.0074111746920979922
1540,0.028432799952549201,-0.021957009268381004,-0.0073274267581489938
1541,0.028403008498430724,-0.022011810676525776,-0.0072435234202422039
1542,0.028373140930544886,-0.022066414347297482,-0.007159465917441858
1543,0.028343197499454194,-0.022120819874360279,-0.0070752554908031671
1544,0.028313178456254359,-0.022175026853911012,-0.0069908933833515612
1545,0.028283084052571305,-0.022229034884683606,-0.0069063808400619256
1546,0.028252914540558102,-0.02228284356795341,-0.0068217191078377808
1547,0.028222670172891932,-0.022336452507541491,-0.0067369094354904589
1548,0.028192351202771034,-0.022389861309818907,-0.0066519530737182411
1549,0.028161957883911643,-0.022443069583710923,-0.006566851275085466
1550,0.028131490470544952,-0.022496076940701201,-0.0064816052940016092
1551,0.028100949217414035,-0.022548882994835942,-0.0063962163867003485
1552,0.028070334379770766,-0.022601487362728011,-0.0063106858112185896
1553,0.028039646213372758,-0.022653889663560956,-0.0062250148273754712
1554,0.028008884974480296,-0.022706089519093094,-0.0061392046967513507
1555,0.027978050919853201,-0.022758086553661464,-0.0060532566826667468
1556,0.027947144306747787,-0.022809880394185779,-0.0059671720501612785
1557,0.027916165392913753,-0.022861470670172322,-0.0058809520659725643
1558,0.027885114436591061,-0.022912857013717831,-0.0057945979985151008
1559,0.027853991696506864,-0.02296403905951333,-0.0057081111178591279
1560,0.027822797431872381,-0.023015016444847904,-0.0056214926957094541
1561,0.027791531902379773,-0.023065788809612457,-0.0055347440053842732
1562,0.027760195368199021,-0.023116355796303414,-0.0054478663217939457
1563,0.027728788089974813,-0.023166717050026379,-0.0053608609214197724
1564,0.027697310328823423,-0.023216872218499794,-0.0052737290822927356
1565,0.027665762346329562,-0.023266820952058495,-0.0051864720839722208
1566,0.027634144404543235,-0.023316562903657273,-0.0050990912075247197
1567,0.027602456765976623,-0.023366097728874387,-0.0050115877355025162
1568,0.027570699693600903,-0.023415425085915011,-0.0049239629519223374
1569,0.027538873450843108,-0.02346454463561469,-0.0048362181422440071
1570,0.027506978301583,-0.023513456041442702,-0.004748354593349058
1571,0.027475014510149855,-0.023562158969505403,-0.0046603735935193428
1572,0.027442982341319345,-0.023610653088549566,-0.004572276432415613
1573,0.027410882060310338,-0.02365893806996559,-0.0044840644010560862
1574,0.02737871393278175,-0.023707013587790784,-0.0043957387917949956
1575,0.027346478224829333,-0.023754879318712507,-0.0043073008983011236
1576,0.027314175202982547,-0.023802534942071352,-0.0042187520155363119
1577,0.027281805134201316,-0.023849980139864186,-0.0041300934397339563
1578,0.02724936828587288,-0.023897214596747287,-0.0040413264683774961
1579,0.027216864925808579,-0.023944238000039308,-0.0039524524001788713
1580,0.027184295322240665,-0.023991050039724269,-0.0038634725350569755
1581,0.027151659743819098,-0.024037650408454538,-0.0037743881741160914
1582,0.027118958459608343,-0.024084038801553662,-0.0036852006196243067
1583,0.027086191739084151,-0.024130214917019291,-0.003595911174991924
1584,0.027053359852130355,-0.024176178455525946,-0.0035065211447498491
1585,0.027020463069035668,-0.024221929120427831,-0.0034170318345279707
1586,0.026987501660490423,-0.024267466617761531,-0.0033274445510335232
1587,0.026954475897583392,-0.024312790656248751,-0.003237760602029442
1588,0.026921386051798536,-0.024357900947298925,-0.0031479812963127003
1589,0.026888232395011789,-0.024402797205011862,-0.0030581079436926371
1590,0.026855015199487787,-0.024447479146180305,-0.0029681418549692769
1591,0.02682173473787668,-0.024491946490292439,-0.0028780843419116292
1592,0.026788391283210863,-0.024536198959534426,-0.0027879367172359876
1593,0.02675498510890173,-0.024580236278792834,-0.0026977002945842098
1594,0.026721516488736427,-0.024624058175656997,-0.0026073763885019947
1595,0.026687985696874635,-0.024667664380421461,-0.0025169663144171436
1596,0.026654393007845271,-0.024711054626088264,-0.0024264713886178171
1597,0.026620738696543259,-0.024754228648369205,-0.0023358929282307804
1598,0.026587023038226236,-0.02479718618568812,-0.002245232251199642
1599,0.026553246308511348,-0.024839926979183059,-0.0021544906762630822
1600,0.026519408783371917,-0.024882450772708464,-0.0020636695229330772
1601,0.02648551073913423,-0.024924757312837262,-0.0019727701114731137
1602,0.026451552452474228,-0.024966846348862957,-0.0018817937628763932
1603,0.026417534200414244,-0.025008717632801668,-0.0017907417988440387
1604,0.026383456260319727,-0.025050370919394126,-0.0016996155417632877
1605,0.026349318909895954,-0.025091805966107602,-0.0016084163146856823
1606,0.026315122427184777,-0.025133022533137851,-0.001517145441305254
1607,0.026280867090561294,-0.025174020383410961,-0.0014258042459367034
1608,0.026246553178730602,-0.025214799282585187,-0.0013343940534935761
1609,0.026212180970724464,-0.025255358999052721,-0.0012429161894664327
1610,0.026177750745898041,-0.025295699303941471,-0.0011513719799010173
1611,0.026143262783926615,-0.025335819971116742,-0.0010597627513764217
1612,0.026108717364802251,-0.025375720777182888,-0.0009680898309832464
1613,0.026074114768830516,-0.025415401501484955,-0.00087635454630175978
1614,0.026039455276627176,-0.025454861926110246,-0.00078455822538005477
1615,0.026004739169114891,-0.025494101835889873,-0.00069270219671220339
1616,0.025969966727519916,-0.025533121018400242,-0.00060078778921641149
1617,0.025935138233368786,-0.025571919263964498,-0.00050881633221317097
1618,0.025900253968484978,-0.025610496365653958,-0.00041678915540341191
1619,0.025865314214985637,-0.02564885211928946,-0.00032470758884665501
1620,0.025830319255278254,-0.025686986323442722,-0.00023257296293916394
1621,0.025795269372057325,-0.025724898779437608,-0.0001403866083920983
1622,0.025760164848301056,-0.025762589291351379,-4.8149856209668123e-05
1623,0.025725005967268032,-0.0258000576660159,4.4135962332710993e-05
1624,0.025689793012493866,-0.025837303713018792,0.00013646951571026018
1625,0.025654526267787935,-0.025874327244704561,0.00022884947217067787
1626,0.025619206017230011,-0.025911128076175693,0.00032127449975597724
1627,0.025583832545166937,-0.025947706025293685,0.0004137432663243211
1628,0.025548406136209317,-0.025984060912680018,0.00050625443957185302
1629,0.025512927075228151,-0.026020192561717139,0.00059880668705452537
1630,0.025477395647351533,-0.026056100798549368,0.00069139867620992169
1631,0.025441812137961307,-0.026091785452083759,0.00078402907437907657
1632,0.025406176832689711,-0.026127246353990941,0.00087669654882828788
1633,0.025370490017416075,-0.026162483338705914,0.00096939976677092618
1634,0.025334751978263452,-0.026197496243428774,0.0010621373953892369
1635,0.025298963001595304,-0.026232284908125444,0.0011549081018561377
1636,0.025263123374012139,-0.026266849175528316,0.0012477105533570062
1637,0.025227233382348172,-0.026301188891136872,0.0013405434171114648
1638,0.025191293313668001,-0.026335303903218307,0.0014334053603951556
1639,0.02515530345526323,-0.02636919406280799,0.0015262950505615077
1640,0.025119264094649141,-0.026402859223710041,0.0016192111550634978
1641,0.025083175519561362,-0.026436299242497741,0.0017121523414754
1642,0.025047038017952491,-0.026469513978513964,0.0018051172775145306
1643,0.025010851877988755,-0.026502503293871538,0.0018981046310629786
1644,0.024974617388046686,-0.02653526705345358,0.0019911130701893306
1645,0.024938334836709739,-0.026567805124913788,0.0020841412631703838
1646,0.02490200451276494,-0.026600117378676697,0.0021771878785128464
1647,0.024865626705199557,-0.02663220368793787,0.0022702515849750342
1648,0.024829201703197735,-0.026664063928664074,0.0023633310515885466
1649,0.024792729796137156,-0.026695697979593393,0.0024564249476799402
1650,0.024756211273585658,-0.026727105722235335,0.0025495319428923816
1651,0.024719646425297899,-0.026758287040870844,0.0026426507072072943
1652,0.024683035541212008,-0.026789241822552289,0.0027357799109659908
1653,0.024646378911446214,-0.026819969957103482,0.0028289182248912902
1654,0.024609676826295498,-0.026850471337119534,0.0029220643201091235
1655,0.024572929576228253,-0.026880745857966761,0.0030152168681701259
1656,0.024536137451882881,-0.026910793417782485,0.0031083745410712123
1657,0.024499300744064478,-0.026940613917474883,0.0032015360112771412
1658,0.024462419743741495,-0.026970207260722689,0.0032946999517420566
1659,0.024425494742042312,-0.026999573353974911,0.0033878650359310267
1660,0.024388526030251947,-0.027028712106450525,0.0034810299378415549
1661,0.024351513899808646,-0.02705762343013807,0.0035741933320250809
1662,0.024314458642300599,-0.02708630723979526,0.0036673538936084641
1663,0.024277360549462494,-0.027114763452948509,0.0037605102983154478
1664,0.024240219913172233,-0.027142991989892454,0.0038536612224881069
1665,0.024203037025447533,-0.027170992773689395,0.0039468053431082799
1666,0.024165812178442582,-0.027198765730168724,0.0040399413378189794
1667,0.024128545664444681,-0.027226310787926332,0.0041330678849457866
1668,0.024091237775870893,-0.027253627878323881,0.0042261836635182288
1669,0.024053888805264691,-0.027280716935488183,0.0043192873532911314
1670,0.024016499045292568,-0.027307577896310411,0.0044123776347659537
1671,0.023979068788740759,-0.027334210700445314,0.0045054531892121056
1672,0.023941598328511809,-0.027360615290310409,0.0045985126986882461
1673,0.023904087957621244,-0.027386791611085096,0.0046915548460635505
1674,0.023866537969194222,-0.027412739610709776,0.0047845783150389691
1675,0.023828948656462175,-0.027438459239884871,0.0048775817901684591
1676,0.023791320312759483,-0.027463950452069862,0.0049705639568801896
1677,0.02375365323152008,-0.027489213203482247,0.0050635235014977308
1678,0.023715947706274131,-0.027514247453096479,0.0051564591112612211
1679,0.023678204030644676,-0.027539053162642844,0.0052493694743485052
1680,0.023640422498344294,-0.027563630296606308,0.0053422532798962519
1681,0.023602603403171715,-0.027587978822225332,0.0054351092180210548
1682,0.023564747039008512,-0.027612098709490655,0.0055279359798404903
1683,0.023526853699815747,-0.027635989931143981,0.0056207322574941725
1684,0.023488923679630611,-0.027659652462676695,0.0057134967441647691
1685,0.023450957272563099,-0.027683086282328493,0.0058062281340989976
1686,0.023412954772792649,-0.027706291371085996,0.0058989251226285932
1687,0.02337491647456481,-0.027729267712681315,0.0059915864061912544
1688,0.02333684267218791,-0.027752015293590556,0.0060842106823515568
1689,0.023298733660029703,-0.027774534103032333,0.0061767966498218439
1690,0.02326058973251402,-0.027796824132966177,0.0062693430084830894
1691,0.023222411184117477,-0.02781888537809098,0.0063618484594057303
1692,0.023184198309366084,-0.027840717835843316,0.0064543117048704805
1693,0.02314595140283195,-0.027862321506395782,0.0065467314483890968
1694,0.02310767075912994,-0.027883696392655286,0.0066391063947251455
1695,0.023069356672914335,-0.027904842500261269,0.0067314352499147131
1696,0.023031009438875517,-0.027925759837583934,0.0068237167212870965
1697,0.022992629351736644,-0.027946448415722393,0.0069159495174854705
1698,0.022954216706250297,-0.027966908248502776,0.0070081323484875134
1699,0.022915771797195186,-0.027987139352476334,0.0071002639256260132
1700,0.022877294919372806,-0.028007141746917468,0.0071923429616094379
1701,0.022838786367604145,-0.02802691545382174,0.0072843681705424684
1702,0.022800246436726321,-0.028046460497903825,0.0073763382679465136
1703,0.022761675421589338,-0.028065776906595449,0.007468251970780178
1704,0.02272307361705268,-0.028084864710043254,0.0075601079974597094
1705,0.022684441317982067,-0.028103723941106658,0.0076519050678794135
1706,0.022645778819246124,-0.028122354635355656,0.0077436419034320235
1707,0.022607086415713049,-0.028140756831068561,0.0078353172270290462
1708,0.022568364402247354,-0.028158930569229749,0.0079269297631210742
1709,0.022529613073706503,-0.028176875893527353,0.0080184782377180613
1710,0.022490832724937661,-0.028194592850350884,0.0081099613784095647
1711,0.022452023650774384,-0.028212081488788864,0.0082013779143849472
1712,0.022413186146033302,-0.028229341860626363,0.0082927265764535588
1713,0.022374320505510841,-0.028246374020342573,0.0083840060970648608
1714,0.022335427023979924,-0.028263178025108245,0.0084752152103285336
1715,0.022296505996186679,-0.028279753934783172,0.0085663526520345385
1716,0.022257557716847162,-0.028296101811913589,0.0086574171596731451
1717,0.022218582480644049,-0.028312221721729539,0.0087484074724549221
1718,0.022179580582223385,-0.02832811373214222,0.0088393223313306905
1719,0.022140552316191286,-0.028343777913741264,0.0089301604790114342
1720,0.022101497977110664,-0.028359214339792015,0.0090209206599881908
1721,0.022062417859497956,-0.028374423086232722,0.0091116016205518794
1722,0.022023312257819845,-0.028389404231671741,0.0092022021088131005
1723,0.021984181466490012,-0.028404157857384645,0.0092927208747218999
1724,0.021945025779865835,-0.028418684047311338,0.0093831566700874943
1725,0.021905845492245175,-0.028432982888053127,0.0094735082485979463
1726,0.021866640897863065,-0.028447054468869741,0.0095637743658398226
1727,0.021827412290888491,-0.028460898881676321,0.0096539537793177681
1728,0.021788159965421123,-0.028474516221040341,0.0097440452484740953
1729,0.021748884215488064,-0.028487906584178557,0.0098340475347082866
1730,0.02170958533504061,-0.028501070070953854,0.0099239594013964798
1731,0.021670263617950977,-0.028514006783872062,0.010013779613910898
1732,0.021630919358009114,-0.028526716828078801,0.010103506939639257
1733,0.021591552848919421,-0.028539200311356185,0.010193140148004105
1734,0.021552164384297533,-0.028551457344119586,0.010282678010482143
1735,0.021512754257667081,-0.028563488039414293,0.010372119300623482
1736,0.021473322762456479,-0.028575292512912139,0.010461462794070864
1737,0.021433870191995677,-0.028586870882908164,0.010550707268578853
1738,0.021394396839512955,-0.028598223270317118,0.010639851504032962
1739,0.021354902998131715,-0.028609349798670018,0.01072889428246874
1740,0.021315388960867244,-0.028620250594110653,0.010817834388090823
1741,0.02127585502062352,-0.028630925785392034,0.010906670607291939
1742,0.021236301470190011,-0.028641375503872822,0.010995401728671852
1743,0.021196728602238455,-0.028651599883513672,0.011084026543056277
1744,0.021157136709319672,-0.028661599060873608,0.011172543843515749
1745,0.021117526083860378,-0.02867137317510635,0.011260952425384425
1746,0.021077897018159982,-0.028680922367956548,0.011349251086278869
1747,0.021038249804387399,-0.028690246783756018,0.011437438626116767
1748,0.020998584734577865,-0.028699346569419984,0.011525513847135606
1749,0.020958902100629763,-0.028708221874443163,0.011613475553911295
1750,0.020919202194301455,-0.028716872850895966,0.011701322553376758
1751,0.020879485307208095,-0.028725299653420539,0.01178905365484045
1752,0.020839751730818489,-0.028733502439226819,0.011876667670004849
1753,0.020800001756451893,-0.028741481368088566,0.011964163412984891
1754,0.020760235675274873,-0.028749236602339308,0.012051539700326342
1755,0.020720453778298176,-0.028756768306868328,0.01213879535102415
1756,0.020680656356373544,-0.028764076649116538,0.01222592918654072
1757,0.020640843700190575,-0.028771161799072346,0.01231294003082415
1758,0.020601016100273605,-0.028778023929267506,0.012399826710326406
1759,0.020561173846978548,-0.028784663214772913,0.012486588054021478
1760,0.02052131723048977,-0.028791079833194358,0.012573222893423434
1761,0.020481446540816951,-0.028797273964668257,0.012659730062604469
1762,0.020441562067791994,-0.028803245791857342,0.012746108398212884
1763,0.020401664101065867,-0.028808995499946314,0.012832356739490998
1764,0.020361752930105521,-0.028814523276637478,0.012918473928293029
1765,0.020321828844190749,-0.02881982931214629,0.01300445880910292
1766,0.020281892132411106,-0.028824913799196942,0.013090310229052098
1767,0.020241943083662804,-0.028829776933017855,0.013176027037937204
1768,0.020201981986645613,-0.028834418911337187,0.013261608088237738
1769,0.020162009129859781,-0.028838839934378229,0.013347052235133671
1770,0.020122024801602922,-0.028843040204854859,0.013432358336523001
1771,0.020082029289966965,-0.028847019927966889,0.01351752525303924
1772,0.020042022882835062,-0.028850779311395389,0.013602551848068873
1773,0.020002005867878526,-0.028854318565298048,0.013687436987768736
1774,0.019961978532553746,-0.028857637902304396,0.013772179541083356
1775,0.019921941164099163,-0.028860737537511037,0.013856778379762222
1776,0.019881894049532178,-0.028863617688476884,0.013941232378377005
1777,0.019841837475646124,-0.028866278575218281,0.014025540414338728
1778,0.019801771729007205,-0.028868720420204202,0.014109701367914876
1779,0.019761697095951467,-0.028870943448351279,0.014193714122246431
1780,0.019721613862581779,-0.028872947887018902,0.014277577563364886
1781,0.019681522314764756,-0.028874733966004242,0.014361290580209166
1782,0.019641422738127801,-0.028876301917537258,0.014444852064642511
1783,0.019601315418056025,-0.028877651976275648,0.014528260911469311
1784,0.019561200639689271,-0.028878784379299794,0.014611516018451837
1785,0.019521078687919097,-0.028879699366107629,0.014694616286326973
1786,0.019480949847385753,-0.028880397178609504,0.014777560618822851
1787,0.019440814402475231,-0.028880878061123071,0.014860347922675429
1788,0.019400672637316235,-0.028881142260368014,0.014942977107645028
1789,0.019360524835777212,-0.028881190025460839,0.01502544708653279
1790,0.019320371281463369,-0.028881021607909608,0.015107756775197094
1791,0.019280212257713696,-0.028880637261608628,0.015189905092569888
1792,0.019240048047598005,-0.028880037242833115,0.015271890960672978
1793,0.019199878933913964,-0.028879221810233838,0.015353713304634267
1794,0.019159705199184137,-0.028878191224831696,0.015435371052703895
1795,0.019119527125653044,-0.028876945750012324,0.015516863136270357
1796,0.01907934499528419,-0.028875485651520559,0.015598188489876532
1797,0.01903915908975716,-0.028873811197455017,0.015679346051235676
1798,0.018998969690464683,-0.028871922658262519,0.015760334761247323
1799,0.018958777078509681,-0.02886982030673255,0.015841153564013149
1800,0.018918581534702366,-0.028867504417991654,0.015921801406852759
1801,0.018878383339557325,-0.028864975269497797,0.016002277240319399
1802,0.018838182773290604,-0.028862233141034751,0.01608258001821565
1803,0.01879798011581681,-0.028859278314706353,0.01616270869760902
1804,0.018757775646746213,-0.028856111074930812,0.016242662238847461
1805,0.018717569645381866,-0.028852731708434966,0.016322439605574859
1806,0.018677362390716708,-0.028849140504248468,0.01640203976474644
1807,0.018637154161430695,-0.028845337753698023,0.016481461686644112
1808,0.018596945235887927,-0.028841323750401465,0.016560704344891757
1809,0.018556735892133788,-0.028837098790261965,0.016639766716470411
1810,0.01851652640789208,-0.028832663171462068,0.016718647781733462
1811,0.018476317060562179,-0.02882801719445777,0.016797346524421695
1812,0.018436108127216192,-0.028823161161972574,0.01687586193167832
1813,0.018395899884596112,-0.028818095378991444,0.016954192994063932
1814,0.01835569260911098,-0.028812820152754805,0.017032338705571387
1815,0.018315486576834083,-0.028807335792752492,0.017110298063640624
1816,0.018275282063500108,-0.028801642610717632,0.017188070069173417
1817,0.018235079344502345,-0.028795740920620559,0.017265653726548057
1818,0.01819487869488989,-0.028789631038662621,0.017343048043633971
1819,0.018154680389364831,-0.028783313283270044,0.01742025203180627
1820,0.018114484702279464,-0.028776787975087707,0.017497264705960233
1821,0.018074291907633499,-0.028770055436972898,0.017574085084525719
1822,0.018034102279071318,-0.02876311599398906,0.017650712189481527
1823,0.017993916089879148,-0.028755969973399454,0.017727145046369651
1824,0.017953733612982335,-0.028748617704660879,0.017803382684309501
1825,0.01791355512094258,-0.028741059519417304,0.017879424136012036
1826,0.017873380885955182,-0.028733295751493471,0.017955268437793853
1827,0.017833211179846317,-0.028725326736888487,0.018030914629591166
1828,0.017793046274070259,-0.028717152813769378,0.018106361754973748
1829,0.017752886439706701,-0.028708774322464648,0.018181608861158789
1830,0.017712731947458003,-0.028700191605457726,0.018256654999024683
1831,0.017672583067646495,-0.028691405007380502,0.018331499223124773
1832,0.017632440070211749,-0.028682414875006702,0.018406140591700964
1833,0.017592303224707902,-0.028673221557245377,0.018480578166697341
1834,0.017552172800300938,-0.028663825405134215,0.01855481101377365
1835,0.017512049065766026,-0.028654226771832974,0.018628838202318747
1836,0.017471932289484834,-0.028644426012616776,0.018702658805463967
1837,0.017431822739442854,-0.028634423484869394,0.018776271900096415
1838,0.017391720683226749,-0.02862421954807658,0.018849676566872191
1839,0.017351626388021686,-0.028613814563819267,0.018922871890229537
1840,0.017311540120608711,-0.02860320889576683,0.018995856958401912
1841,0.017271462147362061,-0.028592402909670259,0.019068630863431021
1842,0.017231392734246589,-0.028581396973355329,0.019141192701179723
1843,0.017191332146815095,-0.028570191456715743,0.019213541571344903
1844,0.017151280650205731,-0.028558786731706271,0.01928567657747025
1845,0.017111238509139384,-0.028547183172335788,0.019357596826958982
1846,0.017071205987917074,-0.028535381154660391,0.019429301431086485
1847,0.01703118335041736,-0.028523381056776393,0.019500789505012887
1848,0.016991170860093757,-0.028511183258813376,0.019572060167795523
1849,0.016951168779972138,-0.028498788142927101,0.019643112542401392
1850,0.016911177372648196,-0.02848619609329256,0.019713945755719473
1851,0.016871196900284845,-0.02847340749609684,0.019784558938573008
1852,0.016831227624609681,-0.028460422739532035,0.0198549512257317
1853,0.016791269806912455,-0.028447242213788172,0.019925121755923824
1854,0.016751323708042495,-0.02843386631104601,0.0199950696718483
1855,0.016711389588406199,-0.028420295425469914,0.020064794120186618
1856,0.016671467707964498,-0.028406529953200622,0.020134294251614775
1857,0.016631558326230356,-0.028392570292348054,0.020203569220815062
1858,0.016591661702266239,-0.028378416842984054,0.020272618186487828
1859,0.016551778094681651,-0.028364070007135121,0.020341440311363156
1860,0.016511907761630605,-0.028349530188775122,0.020410034762212419
1861,0.016472050960809163,-0.028334797793817954,0.020478400709859835
1862,0.016432207949452941,-0.028319873230110201,0.020546537329193891
1863,0.016392378984334668,-0.028304756907423796,0.020614443799178685
1864,0.016352564321761708,-0.02828944923744859,0.020682119302865249
1865,0.016312764217573619,-0.028273950633784985,0.020749563027402714
1866,0.016272978927139709,-0.028258261511936441,0.020816774164049485
1867,0.016233208705356595,-0.028242382289302037,0.020883751908184266
1868,0.016193453806645788,-0.028226313385169004,0.020950495459317039
1869,0.016153714484951277,-0.028210055220705164,0.021017004021099971
1870,0.016113990993737112,-0.02819360821895147,0.021083276801338226
1871,0.016074283585985002,-0.028176972804814356,0.021149313012000709
1872,0.016034592514191932,-0.028160149405058229,0.021215111869230745
1873,0.015994918030367785,-0.028143138448297848,0.021280672593356635
1874,0.015955260386032937,-0.028125940364990675,0.0213459944089022
1875,0.015915619832215934,-0.028108555587429265,0.021411076544597184
1876,0.015875996619451094,-0.028090984549733567,0.021475918233387594
1877,0.015836390997776201,-0.02807322768784325,0.021540518712446007
1878,0.015796803216730115,-0.028055285439509969,0.021604877223181735
1879,0.015757233525350498,-0.028037158244289633,0.021668993011250921
1880,0.015717682172171434,-0.028018846543534662,0.021732865326566621
1881,0.015678149405221161,-0.028000350780386193,0.021796493423308722
1882,0.015638635472019727,-0.027981671399766275,0.021859876559933808
1883,0.015599140619576726,-0.02796280884837005,0.021923013999184986
1884,0.01555966509438899,-0.027943763574657901,0.021985905008101572
1885,0.015520209142438322,-0.027924536028847605,0.022048548858028736
1886,0.015480773009189215,-0.027905126662906437,0.022110944824627037
1887,0.015441356939586603,-0.027885535930543232,0.022173092187881934
1888,0.015401961178053588,-0.027865764287200497,0.022234990232113148
1889,0.015362585968489231,-0.027845812190046455,0.022296638245983966
1890,0.015323231554266284,-0.027825680097967053,0.022358035522510488
1891,0.015283898178228983,-0.027805368471557974,0.022419181359070783
1892,0.015244586082690827,-0.027784877773116667,0.022480075057413933
1893,0.015205295509432372,-0.027764208466634258,0.022540715923669033
1894,0.015166026699699018,-0.027743361017787516,0.022601103268354104
1895,0.015126779894198861,-0.027722335893930836,0.022661236406384899
1896,0.015087555333100463,-0.027701133564088078,0.022721114657083666
1897,0.015048353256030707,-0.027679754498944491,0.022780737344187774
1898,0.015009173902072646,-0.027658199170838584,0.022840103795858324
1899,0.014970017509763322,-0.027636468053753974,0.02289921334468863
1900,0.014930884317091638,-0.027614561623311214,0.022958065327712648
1901,0.014891774561496231,-0.027592480356759617,0.023016659086413295
1902,0.014852688479863336,-0.027570224732969044,0.023074993966730684
1903,0.014813626308524669,-0.027547795232421672,0.023133069319070325
1904,0.014774588283255329,-0.027525192337203769,0.023190884498311186
1905,0.014735574639271699,-0.027502416530997432,0.023248438863813697
1906,0.014696585611229362,-0.027479468299072312,0.023305731779427671
1907,0.014657621433221005,-0.027456348128277307,0.023362762613500142
1908,0.014618682338774371,-0.027433056507032226,0.023419530738883115
1909,0.014579768560850184,-0.027409593925319515,0.023476035532941242
1910,0.014540880331840122,-0.027385960874675864,0.023532276377559402
1911,0.014502017883564753,-0.027362157848183851,0.023588252659150193
1912,0.014463181447271508,-0.027338185340463565,0.023643963768661371
1913,0.014424371253632674,-0.027314043847664195,0.023699409101583174
1914,0.014385587532743369,-0.027289733867455628,0.023754588057955581
1915,0.014346830514119542,-0.027265255899019993,0.023809500042375479
1916,0.014308100426695971,-0.027240610443043219,0.023864144464003759
1917,0.014269397498824308,-0.027215798001706558,0.023918520736572281
1918,0.014230721958271081,-0.027190819078678125,0.023972628278390831
1919,0.014192074032215738,-0.027165674179104388,0.02402646651235392
1920,0.014153453947248684,-0.027140363809601629,0.024080034865947571
1921,0.014114861929369366,-0.027114888478247445,0.024133332771255931
1922,0.014076298203984291,-0.027089248694572163,0.024186359664967912
1923,0.014037762995905147,-0.027063444969550321,0.024239114988383624
1924,0.013999256529346846,-0.027037477815592025,0.024291598187420847
1925,0.013960779027925651,-0.027011347746534443,0.024343808712621307
1926,0.013922330714657274,-0.026985055277633101,0.024395746019156943
1927,0.013883911811954974,-0.026958600925553331,0.024447409566836071
1928,0.013845522541627691,-0.026931985208361583,0.024498798820109413
1929,0.013807163124878194,-0.02690520864551681,0.024549913248076139
1930,0.013768833782301194,-0.026878271757861758,0.024600752324489741
1931,0.013730534733881531,-0.026851175067614346,0.024651315527763847
1932,0.01369226619899231,-0.026823919098358871,0.024701602340977961
1933,0.01365402839639308,-0.026796504375037396,0.024751612251883118
1934,0.013615821544228034,-0.026768931423940941,0.02480134475290743
1935,0.013577645860024185,-0.026741200772700802,0.024850799341161557
1936,0.01353950156068957,-0.026713312950279792,0.024899975518444112
1937,0.013501388862511477,-0.02668526848696345,0.024948872791246971
1938,0.013463307981154643,-0.026657067914351264,0.024997490670760472
1939,0.013425259131659515,-0.026628711765347899,0.025045828672878558
1940,0.013387242528440478,-0.026600200574154374,0.025093886318203844
1941,0.013349258385284111,-0.026571534876259229,0.025141663132052561
1942,0.013311306915347453,-0.026542715208429744,0.025189158644459437
1943,0.013273388331156259,-0.026513742108703036,0.02523637239018249
1944,0.013235502844603319,-0.026484616116377233,0.025283303908707734
1945,0.013197650666946715,-0.026455337772002603,0.025329952744253793
1946,0.013159832008808145,-0.026425907617372686,0.025376318445776449
1947,0.013122047080171241,-0.026396326195515366,0.025422400566973081
1948,0.013084296090379879,-0.026366594050684006,0.025468198666287023
1949,0.013046579248136514,-0.026336711728348481,0.025513712306911841
1950,0.013008896761500532,-0.026306679775186307,0.025558941056795525
1951,0.012971248837886607,-0.026276498739073666,0.025603884488644611
1952,0.012933635684063064,-0.026246169169076464,0.02564854217992818
1953,0.012896057506150244,-0.026215691615441388,0.025692913712881786
1954,0.012858514509618901,-0.026185066629586893,0.025736998674511326
1955,0.012821006899288598,-0.026154294764094262,0.025780796656596761
1956,0.012783534879326106,-0.02612337657269859,0.025824307255695837
1957,0.012746098653243819,-0.026092312610279764,0.02586753007314763
1958,0.012708698423898199,-0.026061103432853495,0.025910464715076055
1959,0.012671334393488188,-0.026029749597562258,0.025953110792393288
1960,0.01263400676355367,-0.025998251662666273,0.025995467920803126
1961,0.012596715734973941,-0.025966610187534461,0.026037535720804167
1962,0.012559461507966141,-0.02593482573263536,0.026079313817693007
1963,0.012522244282083766,-0.025902898859528106,0.026120801841567291
1964,0.012485064256215152,-0.025870830130853346,0.026161999427328719
1965,0.012447921628581953,-0.025838620110324135,0.026202906214685916
1966,0.012410816596737675,-0.025806269362716888,0.026243521848157238
1967,0.01237374935756619,-0.025773778453862244,0.026283845977073519
1968,0.012336720107280258,-0.025741147950635975,0.026323878255580711
1969,0.012299729041420083,-0.025708378420949869,0.026363618342642406
1970,0.012262776354851844,-0.025675470433742582,0.026403065902042326
1971,0.012225862241766285,-0.025642424558970558,0.026442220602386685
1972,0.012188986895677266,-0.025609241367598842,0.026481082117106494
1973,0.012152150509420348,-0.025575921431591934,0.02651965012445975
1974,0.012115353275151404,-0.025542465323904657,0.026557924307533561
1975,0.012078595384345206,-0.025508873618472965,0.026595904354246185
1976,0.012041877027794046,-0.025475146890204806,0.026633589957348963
1977,0.012005198395606364,-0.02544128571497092,0.026670980814428192
1978,0.01196855967720538,-0.025407290669595621,0.026708076627906877
1979,0.011931961061327743,-0.025373162331847686,0.026744877105046444
1980,0.011895402736022192,-0.025338901280431092,0.026781381957948321
1981,0.011858884888648214,-0.025304508094975805,0.026817590903555445
1982,0.011822407705874737,-0.025269983356028619,0.026853503663653713
1983,0.011785971373678804,-0.025235327645043888,0.026889119964873302
1984,0.011749576077344287,-0.025200541544374348,0.026924439538689941
1985,0.011713222001460587,-0.025165625637261817,0.026959462121426067
1986,0.011676909329921364,-0.025130580507828029,0.026994187454251906
1987,0.011640638245923257,-0.025095406741065342,0.027028615283186473
1988,0.011604408931964644,-0.025060104922827543,0.027062745359098479
1989,0.01156822156984437,-0.025024675639820523,0.027096577437707155
1990,0.01153207634066054,-0.02498911947959306,0.027130111279582984
1991,0.011495973424809286,-0.024953437030527565,0.027163346650148353
1992,0.011459913001983527,-0.024917628881830783,0.02719628331967814
1993,0.011423895251171807,-0.024881695623524547,0.027228921063300153
1994,0.011387920350657063,-0.024845637846436484,0.027261259660995563
1995,0.011351988478015468,-0.024809456142190739,0.027293298897599169
1996,0.011316099810115249,-0.024773151103198675,0.02732503856279965
1997,0.011280254523115527,-0.024736723322649604,0.027356478451139681
1998,0.011244452792465174,-0.024700173394501469,0.027387618362016
1999,0.011208694792901663,-0.02466350191347158,0.027418458099679344
2000,0.011172980698449948,-0.024626709475027264,0.027448997473234354
2001,0.011137310682421337,-0.024589796675376595,0.027479236296639349
2002,0.011101684917412405,-0.024552764111459072,0.027509174388706033
2003,0.011066103575303863,-0.024515612380936309,0.027538811573099124
2004,0.011030566827259518,-0.024478342082182716,0.027568147678335878
2005,0.010995074843725161,-0.02444095381427619,0.027597182537785547
2006,0.010959627794427522,-0.024403448176988779,0.02762591598966873
2007,0.010924225848373206,-0.02436582577077737,0.027654347877056652
2008,0.010888869173847664,-0.024328087196774373,0.027682478047870371
2009,0.010853557938414153,-0.024290233056778365,0.027710306354879866
2010,0.010818292308912719,-0.024252263953244781,0.027737832655703072
2011,0.010783072451459182,-0.024214180489276572,0.027765056812804799
2012,0.010747898531444144,-0.024175983268614885,0.027791978693495614
2013,0.010712770713532001,-0.024137672895629712,0.027818598169930573
2014,0.010677689161659966,-0.024099249975310551,0.02784491511910793
2015,0.010642654039037096,-0.024060715113257091,0.027870929422867695
2016,0.010607665508143346,-0.02402206891566985,0.027896640967890202
2017,0.010572723730728619,-0.023983311989340832,0.027922049645694464
2018,0.010537828867811841,-0.023944444941644216,0.027947155352636584
2019,0.010502981079680023,-0.023905468380526981,0.02797195798990797
2020,0.010468180525887364,-0.023866382914499582,0.027996457463533523
2021,0.010433427365254346,-0.023827189152626608,0.028020653684369724
2022,0.010398721755866846,-0.023787887704517421,0.028044546568102634
2023,0.010364063855075248,-0.02374847918031683,0.028068136035245803
2024,0.010329453819493586,-0.023708964190695746,0.02809142201113812
2025,0.010294891804998679,-0.023669343346841829,0.028114404425941555
2026,0.010260377966729291,-0.02362961726045016,0.028137083214638835
2027,0.010225912459085294,-0.023589786543713898,0.028159458317031004
2028,0.010191495435726838,-0.023549851809314924,0.028181529677734952
2029,0.010157127049573545,-0.02350981367041451,0.028203297246180797
2030,0.010122807452803702,-0.023469672740643995,0.028224760976609253
2031,0.010088536796853474,-0.023429429634095424,0.028245920828068854
2032,0.010054315232416121,-0.02338908496531222,0.028266776764413117
2033,0.010020142909441225,-0.023348639349279863,0.028287328754297621
2034,0.009986019977133935,-0.02330809340141653,0.028307576771177019
2035,0.009951946583954218,-0.023267447737563788,0.028327520793301943
2036,0.0099179228776161178,-0.023226702973977244,0.028347160803715833
2037,0.0098839490050870431,-0.023185859727317237,0.028366496790251678
2038,0.0098500251125870318,-0.023144918614639493,0.028385528745528684
2039,0.0098161513455880603,-0.023103880253385823,0.028404256666948863
2040,0.0097823278488133464,-0.023062745261374799,0.028422680556693537
2041,0.0097485547662366744,-0.023021514256792421,0.028440800421719745
2042,0.0097148322410817098,-0.022980187858182816,0.028458616273756558
2043,0.0096811604158213403,-0.022938766684438915,0.028476128129301375
2044,0.0096475394321770443,-0.022897251354793171,0.028493336009616045
2045,0.0096139694311182314,-0.022855642488808215,0.028510239940722971
2046,0.0095804505528616253,-0.022813940706367587,0.028526839953401138
2047,0.0095469829368706426,-0.022772146627666443,0.028543136083182003
2048,0.0095135667218547888,-0.022730260873202221,0.028559128370345365
2049,0.0094802020457690657,-0.022688284063765378,0.028574816859915093
2050,0.0094468890458133791,-0.022646216820430113,0.028590201601654836
2051,0.0094136278584319808,-0.022604059764545065,0.028605282650063582
2052,0.0093804186193128854,-0.022561813517724055,0.028620060064371216
2053,0.009347261463387338,-0.022519478701836793,0.028634533908533915
2054,0.0093141565248292604,-0.02247705593899962,0.028648704251229517
2055,0.0092811039370547313,-0.022434545851566252,0.028662571165852802
2056,0.0092481038327214635,-0.022391949062118513,0.028676134730510682
2057,0.0092151563437282945,-0.02234926619345709,0.028689395028017293
2058,0.0091822616012146845,-0.022306497868592269,0.028702352145889034
2059,0.0091494197355602522,-0.022263644710734717,0.028715006176339531
2060,0.0091166308763842661,-0.022220707343286225,0.028727357216274469
2061,0.0090838951525452124,-0.022177686389830489,0.02873940536728643
2062,0.0090512126921403185,-0.022134582474123875,0.028751150735649569
2063,0.0090185836225051275,-0.022091396220086209,0.028762593432314236
2064,0.0089860080702130543,-0.022048128251791557,0.028773733572901555
2065,0.0089534861610749729,-0.022004779193459032,0.028784571277697873
2066,0.0089210180201387962,-0.021961349669443585,0.028795106671649171
2067,0.0088886037716890964,-0.021917840304226829,0.028805339884355352
2068,0.0088562435392466922,-0.021874251722407808,0.028815271050064473
2069,0.0088239374455682876,-0.021830584548693868,0.028824900307666913
2070,0.0087916856126461079,-0.021786839407891456,0.028834227800689453
2071,0.0087594881617075303,-0.021743016924896968,0.028843253677289248
2072,0.0087273452132147454,-0.021699117724687592,0.028851978090247761
2073,0.0086952568868644293,-0.02165514243231214,0.028860401196964591
2074,0.0086632233015874176,-0.021611091672881923,0.028868523159451254
2075,0.0086312445755483847,-0.021566966071561618,0.028876344144324839
2076,0.0085993208261455588,-0.021522766253560137,0.028883864322801621
2077,0.0085674521700104082,-0.021478492844121511,0.028891083870690608
2078,0.008535638723007383,-0.021434146468515772,0.028898002968386967
2079,0.008503880600233632,-0.02138972775202987,0.028904621800865411
2080,0.0084721779160187565,-0.021345237319958549,0.028910940557673473
2081,0.0084405307839245502,-0.021300675797595304,0.028916959432924754
2082,0.0084089393167447735,-0.021256043810223266,0.02892267862529203
2083,0.0083774036265049177,-0.021211341983106157,0.028928098338000342
2084,0.0083459238244620003,-0.021166570941479241,0.028933218778819984
2085,0.0083145000211043464,-0.021121731310540251,0.028938040160059391
2086,0.0082831323261514152,-0.021076823715440372,0.028942562698558012
2087,0.008251820848553592,-0.0210318487812752,0.028946786615679034
2088,0.0082205656964920368,-0.020986807133075724,0.028950712137302069
2089,0.0081893669773785097,-0.020941699395799328,0.028954339493815782
2090,0.0081582247978552354,-0.020896526194320794,0.028957668920110414
2091,0.0081271392637947398,-0.02085128815342328,0.028960700655570236
2092,0.0080961104802997445,-0.020805985897789377,0.028963434944065929
2093,0.0080651385517030265,-0.020760620051992137,0.028965872033946898
2094,0.0080342235815673308,-0.020715191240486094,0.028968012178033489
2095,0.0080033656726852566,-0.020669700087598334,0.028969855633609175
2096,0.0079725649270791805,-0.020624147217519564,0.028971402662412615
2097,0.0079418214460011752,-0.020578533254295175,0.028972653530629673
2098,0.007911135329932947,-0.020532858821816317,0.028973608508885352
2099,0.0078805066785857768,-0.020487124543811026,0.02897426787223565
2100,0.0078499355909004784,-0.020441331043835317,0.028974631900159351
2101,0.0078194221650473676,-0.020395478945264313,0.028974700876549749
2102,0.007788966498426233,-0.020349568871283346,0.028974475089706277
2103,0.0077585686876663279,-0.020303601444879148,0.028973954832326079
2104,0.0077282288286263717,-0.020257577288830979,0.028973140401495505
2105,0.007697947016394549,-0.020211497025701793,0.028972032098681537
2106,0.0076677233452885386,-0.02016536127782944,0.028970630229723127
2107,0.0076375579088555322,-0.020119170667317828,0.028968935104822496
2108,0.0076074507998722856,-0.02007292581602816,0.028966947038536327
2109,0.0075774021103451692,-0.020026627345570133,0.02896466634976691
2110,0.0075474119315102201,-0.019980275877293164,0.02896209336175317
2111,0.0075174803538332214,-0.019933872032277658,0.028959228402061707
2112,0.007487607467009781,-0.019887416431326244,0.028956071802577695
2113,0.0074577933599654254,-0.019840909694955038,0.028952623899495721
2114,0.0074280381208556975,-0.019794352443384969,0.028948885033310584
2115,0.0073983418370662871,-0.019747745296533014,0.028944855548807977
2116,0.0073687045952131333,-0.019701088874003583,0.02894053579505515
2117,0.0073391264811425777,-0.019654383795079767,0.028935926125391472
2118,0.0073096075799314987,-0.019607630678714731,0.028931026897418916
2119,0.0072801479758874688,-0.019560830143523045,0.028925838472992495
2120,0.0072507477525489165,-0.019513982807772053,0.028920361218210618
2121,0.0072214069926853138,-0.019467089289373254,0.028914595503405398
2122,0.0071921257782973508,-0.019420150205873694,0.028908541703132853
2123,0.0071629041906171361,-0.019373166174447388,0.028902200196163064
2124,0.0071337423101084122,-0.019326137811886739,0.028895571365470246
2125,0.0071046402164667601,-0.019279065734593964,0.028888655598222773
2126,0.0070755979886198304,-0.019231950558572561,0.028881453285773132
2127,0.0070466157047275862,-0.019184792899418789,0.028873964823647773
2128,0.0070176934421825512,-0.019137593372313123,0.028866190611536963
2129,0.0069888312776100582,-0.019090352592011795,0.0288581310532845
2130,0.0069600292868685354,-0.019043071172838284,0.028849786556877408
2131,0.0069312875450497679,-0.018995749728674835,0.028841157534435509
2132,0.0069026061264791999,-0.018948388872954035,0.028832244402201019
2133,0.0068739851047162209,-0.018900989218650358,0.028823047580527984
2134,0.006845424552554491,-0.018853551378271757,0.02881356749387172
2135,0.0068169245420222459,-0.018806075963851247,0.028803804570778122
2136,0.0067884851443826399,-0.018758563586938528,0.028793759243872969
2137,0.0067601064301340743,-0.018711014858591592,0.02878343194985113
2138,0.0067317884690105533,-0.018663430389368383,0.028772823129465695
2139,0.0067035313299820464,-0.018615810789318472,0.028761933227517082
2140,0.0066753350812548528,-0.018568156667974699,0.02875076269284204
2141,0.0066471997902719871,-0.018520468634344898,0.028739311978302623
2142,0.0066191255237135673,-0.018472747296903597,0.028727581540775048
2143,0.0065911123474972164,-0.01842499326358376,0.028715571841138536
2144,0.0065631603267784699,-0.01837720714176851,0.028703283344264072
2145,0.0065352695259511999,-0.018329389538282899,0.028690716519003092
2146,0.0065074400086480438,-0.018281541059385707,0.028677871838176144
2147,0.0064796718377408465,-0.01823366231076122,0.028664749778561437
2148,0.0064519650753411088,-0.018185753897511064,0.028651350820883336
2149,0.006424319782800449,-0.018137816424146018,0.028637675449800826
2150,0.0063967360207110736,-0.01808985049457789,0.028623724153895896
2151,0.0063692138489062555,-0.018041856712111382,0.028609497425661864
2152,0.0063417533264608257,-0.017993835679435955,0.028594995761491618
2153,0.0063143545116916694,-0.017945787998617766,0.028580219661665823
2154,0.0062870174621582455,-0.017897714271091589,0.028565169630341079
2155,0.0062597422346630897,-0.017849615097652739,0.028549846175537942
2156,0.0062325288852523647,-0.017801491078449073,0.028534249809128984
2157,0.0062053774692163817,-0.01775334281297293,0.028518381046826736
2158,0.0061782880410901578,-0.017705170900053146,0.028502240408171575
2159,0.0061512606546539695,-0.017656975937847087,0.028485828416519563
2160,0.0061242953629339304,-0.017608758523832691,0.028469145599030233
2161,0.0060973922182025603,-0.017560519254800504,0.028452192486654263
2162,0.0060705512719793778,-0.017512258726845767,0.028434969614121182
2163,0.0060437725750314966,-0.017463977535360529,0.028417477519926931
2164,0.0060170561773742297,-0.01741567627502574,0.028399716746321406
2165,0.0059904021282717115,-0.017367355539803422,0.028381687839295962
2166,0.0059638104762375181,-0.017319015922928775,0.028363391348570789
2167,0.0059372812690353096,-0.017270658016902411,0.028344827827582318
2168,0.0059108145536794689,-0.017222282413482514,0.02832599783347051
2169,0.005884410376435765,-0.017173889703677066,0.0283069019270661
2170,0.0058580687828220131,-0.01712548047773611,0.028287540672877795
2171,0.0058317898176087424,-0.017077055325143961,0.028267914639079392
2172,0.0058055735248198929,-0.01702861483461152,0.028248024397496876
2173,0.0057794199477334994,-0.016980159594068574,0.028227870523595443
2174,0.0057533291288823967,-0.016931690190656094,0.02820745359646645
2175,0.0057273011100549293,-0.016883207210718603,0.028186774198814324
2176,0.0057013359322956765,-0.016834711239796518,0.028165832916943443
2177,0.0056754336359061816,-0.01678620286261855,0.028144630340744901
2178,0.0056495942604456928,-0.016737682663094087,0.028123167063683282
2179,0.0056238178447319074,-0.016689151224305653,0.028101443682783327
2180,0.005598104426841736,-0.016640609128501328,0.02807946079861658
2181,0.0055724540441120744,-0.016592056957087237,0.028057219015287991
2182,0.0055468667331405701,-0.01654349529062003,0.028034718940422407
2183,0.0055213425297864173,-0.016494924708799395,0.02801196118515107
2184,0.0054958814691711483,-0.016446345790460604,0.027988946364098016
2185,0.0054704835856794424,-0.016397759113567053,0.027965675095366484
2186,0.0054451489129599406,-0.016349165255202861,0.027942148000525198
2187,0.0054198774839260598,-0.016300564791565463,0.02791836570459464
2188,0.005394669330756839,-0.016251958297958228,0.027894328836033277
2189,0.0053695244848977692,-0.016203346348783114,0.027870038026723692
2190,0.0053444429770616517,-0.016154729517533332,0.027845493911958723
2191,0.0053194248372294538,-0.016106108376786048,0.027820697130427514
2192,0.0052944700946511809,-0.01605748349819508,0.027795648324201512
2193,0.0052695787778467484,-0.016008855452483657,0.027770348138720431
2194,0.0052447509146068801,-0.015960224809437162,0.027744797222778159
2195,0.0052199865319939864,-0.015911592137895923,0.027718996228508597
2196,0.0051952856563430858,-0.015862958005748013,0.027692945811371487
2197,0.0051706483132627134,-0.01581432297992209,0.027666646630138181
2198,0.0051460745276358357,-0.015765687626380254,0.02764009934687732
2199,0.0051215643236207954,-0.0157170525101109,0.027613304626940501
2200,0.0050971177246522453,-0.015668418195121651,0.027586263138947926
2201,0.0050727347534420897,-0.015619785244432256,0.027558975554773903
2202,0.0050484154319804598,-0.015571154220067558,0.027531442549532416
2203,0.0050241597815366638,-0.015522525683050445,0.027503664801562563
2204,0.0049999678226601701,-0.015473900193394865,0.027475642992413982
2205,0.0049758395751815952,-0.015425278310098831,0.027447377806832231
2206,0.0049517750582136859,-0.015376660591137485,0.027418869932744113
2207,0.0049277742901523321,-0.015328047593456138,0.027390120061242963
2208,0.00490383728867757,-0.015279439872963393,0.027361128886573879
2209,0.0048799640707546058,-0.015230837984524242,0.027331897106118903
2210,0.0048561546526348391,-0.015182242481953217,0.027302425420382179
2211,0.0048324090498568974,-0.01513365391800754,0.027272714532975036
2212,0.0048087272772476897,-0.01508507284438035,0.027242765150601058
2213,0.0047851093489234518,-0.015036499811693886,0.027212577983041098
2214,0.0047615552782908103,-0.014987935369492734,0.027182153743138225
2215,0.004738065078047856,-0.014939380066237115,0.027151493146782675
2216,0.0047146387601852136,-0.014890834449296149,0.027120596912896689
2217,0.0046912763359871377,-0.014842299064941182,0.027089465763419383
2218,0.0046679778160326054,-0.014793774458339137,0.027058100423291532
2219,0.00464474321019642,-0.014745261173545863,0.027026501620440308
2220,0.0046215725276503219,-0.014696759753499541,0.026994670085763985
2221,0.0045984657768641107,-0.0146482707400141,0.026962606553116625
2222,0.0045754229656067751,-0.014599794673772662,0.0269303117592927
2223,0.0045524441009476245,-0.014551332094320999,0.026897786444011661
2224,0.0045295291892574422,-0.014502883540061058,0.02686503134990248
2225,0.0045066782362096327,-0.014454449548244444,0.026832047222488171
2226,0.0044838912467813855,-0.014406030654966005,0.026798834810170237
2227,0.0044611682252548466,-0.014357627395157375,0.026765394864213077
2228,0.0044385091752182932,-0.014309240302580592,0.026731728138728397
2229,0.0044159140995673196,-0.014260869909821712,0.026697835390659518
2230,0.004393383000506036,-0.014212516748284474,0.026663717379765712
2231,0.0043709158795482653,-0.014164181348183973,0.026629374868606438
2232,0.0043485127375187567,-0.014115864238540362,0.026594808622525588
2233,0.0043261735745544023,-0.014067565947172588,0.026560019409635663
2234,0.0043038983901054631,-0.014019287000692153,0.026525008000801913
2235,0.004281687182936803,-0.013971027924496887,0.026489775169626473
2236,0.0042595399511291352,-0.013922789242764787,0.02645432169243243
2237,0.0042374566920802652,-0.01387457147844783,0.026418648348247857
2238,0.0042154374025063493,-0.013826375153265843,0.026382755918789799
2239,0.0041934820784431661,-0.013778200787700411,0.026346645188448262
2240,0.004171590715247385,-0.013730048900988782,0.026310316944270145
2241,0.0041497633075978455,-0.013681920011117827,0.026273771975943109
2242,0.0041279998494968499,-0.013633814634817996,0.026237011075779457
2243,0.0041063003342714606,-0.013585733287557347,0.026200035038699946
2244,0.0040846647545747967,-0.013537676483535556,0.02616284466221758
2245,0.0040630931023873575,-0.013489644735677981,0.026125440746421372
2246,0.0040415853690183318,-0.013441638555629756,0.026087824093960061
2247,0.0040201415451069297,-0.013393658453749877,0.026049995510025795
2248,0.0039987616206237121,-0.013345704939105385,0.02601195580233779
2249,0.0039774455848719413,-0.013297778519465486,0.025973705781125945
2250,0.0039561934264889216,-0.013249879701295784,0.02593524625911443
2251,0.0039350051334473644,-0.013202008989752489,0.025896578051505265
2252,0.0039138806930567455,-0.013154166888676683,0.025857701975961832
2253,0.0038928200919646815,-0.013106353900588581,0.025818618852592352
2254,0.0038718233161583074,-0.013058570526681851,0.025779329503933364
2255,0.0038508903509656641,-0.013010817266817959,0.025739834754933154
2256,0.0038300211810570889,-0.012963094619520513,0.025700135432935155
2257,0.0038092157904466217,-0.012915403081969678,0.02566023236766132
2258,0.0037884741624934115,-0.012867743149996591,0.025620126391195451
2259,0.0037677962799031288,-0.012820115318077814,0.025579818337966527
2260,0.0037471821247293943,-0.012772520079329809,0.025539309044731971
2261,0.0037266316783752017,-0.012724957925503436,0.025498599350560903
2262,0.00370614492159436,-0.012677429346978518,0.025457690096817375
2263,0.0036857218344929382,-0.012629934832758379,0.025416582127143567
2264,0.0036653623965307133,-0.012582474870464464,0.025375276287442947
2265,0.0036450665865226306,-0.012535049946330942,0.025333773425863407
2266,0.0036248343826402693,-0.012487660545199373,0.025292074392780389
2267,0.0036046657624133113,-0.012440307150513379,0.025250180040779974
2268,0.0035845607027310262,-0.012392990244313354,0.025208091224641911
2269,0.0035645191798437509,-0.012345710307231217,0.0251658088013227
2270,0.0035445411693643919,-0.012298467818485176,0.025123333629938561
2271,0.0035246266462699125,-0.012251263255874525,0.025080666571748417
2272,0.0035047755849028518,-0.012204097095774472,0.025037808490136888
2273,0.0034849879589728288,-0.012156969813130997,0.024994760250597173
2274,0.0034652637415580707,-0.012109881881455745,0.024951522720714006
2275,0.003445602905106932,-0.012062833772820931,0.024908096770146496
2276,0.003426005421439433,-0.012015825957854295,0.024864483270611016
2277,0.0034064712617487974,-0.011968858905734077,0.024820683095864028
2278,0.0033870003966030055,-0.01192193308418403,0.024776697121684916
2279,0.0033675927959463366,-0.011875048959468434,0.024732526225858722
2280,0.00334824842910094,-0.011828206996387187,0.024688171288158974
2281,0.0033289672647683942,-0.011781407658270886,0.024643633190330409
2282,0.003309749271031288,-0.011734651406975967,0.024598912816071711
2283,0.00329059441535479,-0.011687938702879831,0.024554011051018159
2284,0.0032715026645882407,-0.011641270004876064,0.024508928782724374
2285,0.0032524739849667458,-0.011594645770369632,0.024463666900646955
2286,0.0032335083421127691,-0.011548066455272125,0.024418226296127089
2287,0.0032146057010377484,-0.011501532513997059,0.02437260786237324
2288,0.0031957660261436906,-0.011455044399455142,0.024326812494443663
2289,0.0031769892812248059,-0.011408602563049649,0.024280841089229066
2290,0.0031582754294691203,-0.011362207454671765,0.024234694545435125
2291,0.0031396244334601143,-0.011315859522696004,0.024188373763565051
2292,0.0031210362551783491,-0.011269559213975605,0.024141879645902076
2293,0.0031025108560031197,-0.011223306973838025,0.024095213096491999
2294,0.0030840481967140954,-0.011177103246080409,0.024048375021125671
2295,0.0030656482374929778,-0.01113094847296511,0.024001366327321437
2296,0.0030473109379251613,-0.011084843095215242,0.023954187924307618
2297,0.0030290362570013973,-0.011038787552010274,0.023906840723004964
2298,0.0030108241531194733,-0.010992782280981632,0.023859325636009027
2299,0.002992674584085885,-0.010946827718208332,0.023811643577572615
2300,0.002974587507117518,-0.010900924298212669,0.023763795463588148
2301,0.0029565628788433521,-0.010855072453955918,0.023715782211570047
2302,0.0029386006553061388,-0.010809272616834063,0.023667604740637088
2303,0.0029207007919641176,-0.010763525216673566,0.023619263971494761
2304,0.0029028632436927165,-0.010717830681727176,0.023570760826417594
2305,0.002885087964786271,-0.010672189438669761,0.023522096229231487
2306,0.0028673749089597371,-0.010626601912594128,0.02347327110529597
2307,0.0028497240293504189,-0.010581068527006967,0.023424286381486532
2308,0.002832135278519699,-0.010535589703824734,0.023375142986176892
2309,0.0028146086084547732,-0.01049016586336963,0.023325841849221252
2310,0.0027971439705703981,-0.010444797424365578,0.023276383901936586
2311,0.00277974131571063,-0.010399484803934234,0.023226770077084829
2312,0.0027624005941505802,-0.010354228417591038,0.023177001308855142
2313,0.0027451217555981744,-0.010309028679241293,0.02312707853284612
2314,0.0027279047491959143,-0.01026388600117626,0.023077002686047988
2315,0.002710749523522649,-0.010218800794069342,0.023026774706824824
2316,0.0026936560265953466,-0.010173773466972199,0.02297639553489671
2317,0.0026766242058708744,-0.010128804427311008,0.022925866111321948
2318,0.0026596540082477879,-0.010083894080882672,0.02287518737847925
2319,0.0026427453800681152,-0.010039042831851083,0.022824360280049805
2320,0.0026258982671191547,-0.0099942510827434397,0.02277338576099952
2321,0.0026091126146352739,-0.009949519234446565,0.022722264767561107
2322,0.0025923883672997177,-0.0099048476862032744,0.022670998247216235
2323,0.0025757254692464139,-0.0098602368356087641,0.022619587148677671
2324,0.0025591238640617995,-0.0098156870786070549,0.022568032421871376
2325,0.0025425834947866285,-0.0097711988094874216,0.02251633501791862
2326,0.0025261043039178067,-0.0097267724208809116,0.022464495889118093
2327,0.0025096862334102236,-0.0096824083037568634,0.022412515988928045
2328,0.002493329224678579,-0.0096381068474194406,0.022360396271948288
2329,0.0024770332185992338,-0.0095938684395042353,0.022308137693902361
2330,0.0024607981555120478,-0.0095496934659748799,0.022255741211619592
2331,0.0024446239752222341,-0.0095055823111196928,0.02220320778301715
2332,0.0024285106170022141,-0.0094615353575483643,0.022150538367082129
2333,0.0024124580195934728,-0.0094175529861886664,0.02209773392385363
2334,0.0023964661212084325,-0.0093736355762832086,0.022044795414404832
2335,0.0023805348595323135,-0.0093297835053862133,0.021991723800825026
2336,0.0023646641717250147,-0.0092859971493603113,0.021938520046201698
2337,0.0023488539944229885,-0.0092422768823734059,0.021885185114602586
2338,0.0023331042637411217,-0.0091986230768955207,0.021831719971057685
2339,0.0023174149152746285,-0.0091550361036957274,0.021778125581541352
2340,0.0023017858841009389,-0.0091115163318390736,0.021724402912954334
2341,0.002286217104781598,-0.0090680641286835489,0.021670552933105804
2342,0.0022707085113641665,-0.0090246798598771164,0.021616576610695441
2343,0.0022552600373841251,-0.0089813638893547001,0.021562474915295438
2344,0.0022398716158667864,-0.008938116579335291,0.021508248817332567
2345,0.0022245431793292067,-0.0088949382903190273,0.021453899288070198
2346,0.0022092746597821033,-0.0088518293810843276,0.021399427299590369
2347,0.0021940659887317838,-0.0088087902086850696,0.021344833824775828
2348,0.0021789170971820682,-0.0087658211284477681,0.021290119837292083
2349,0.0021638279156362193,-0.0087229224939688061,0.021235286311569426
2350,0.0021487983740988816,-0.0086800946571117064,0.021180334222785001
2351,0.0021338284020780162,-0.0086373379680044111,0.021125264546844835
2352,0.0021189179285868503,-0.0085946527750366195,0.021070078260365926
2353,0.0021040668821458216,-0.0085520394248571417,0.021014776340658282
2354,0.002089275190784529,-0.00850949826237128,0.020959359765706974
2355,0.0020745427820436898,-0.0084670296307382629,0.020903829514154187
2356,0.0020598695829771013,-0.008424633871368695,0.020848186565281313
2357,0.0020452555201535992,-0.0083823113239220523,0.020792431898991014
2358,0.0020307005196590288,-0.0083400623263041856,0.020736566495789276
2359,0.0020162045070982134,-0.0082978872146648869,0.020680591336767501
2360,0.0020017674075969312,-0.0082557863233954625,0.020624507403584579
2361,0.0019873891458038937,-0.0082137599851263635,0.020568315678449002
2362,0.0019730696458927304,-0.0081718085307248313,0.02051201714410094
2363,0.0019588088315639698,-0.008129932289292572,0.020455612783794347
2364,0.0019446066260470313,-0.0080881315881634747,0.020399103581279047
2365,0.0019304629521022226,-0.0080464067529013653,0.020342490520782901
2366,0.0019163777320227319,-0.0080047581072977842,0.02028577458699388
2367,0.0019023508876366288,-0.0079631859733697869,0.020228956765042192
2368,0.0018883823403088701,-0.0079216906713577943,0.020172038040482426
2369,0.0018744720109433032,-0.0078802725197234733,0.020115019399275697
2370,0.0018606198199846852,-0.0078389318351476476,0.020057901827771816
2371,0.0018468256874206903,-0.0077976689325282358,0.020000686312691435
2372,0.0018330895327839276,-0.0077564841249782241,0.019943373841108204
2373,0.0018194112751539651,-0.0077153777238236736,0.019885965400430954
2374,0.001805790833159353,-0.0076743500386017658,0.01982846197838592
2375,0.0017922281249796511,-0.0076334013770588734,0.019770864562998897
2376,0.0017787230683474549,-0.0075925320451486426,0.019713174142577439
2377,0.0017652755805504388,-0.0075517423470301687,0.019655391705693148
2378,0.0017518855784333859,-0.0075110325850661352,0.019597518241163819
2379,0.001738552978400231,-0.0074704030598210331,0.019539554738035748
2380,0.0017252776964161024,-0.0074298540700593833,0.019481502185565963
2381,0.0017120596480093692,-0.0073893859127440072,0.019423361573204467
2382,0.0016988987482736877,-0.0073489988830343252,0.019365133890576529
2383,0.0016857949118700571,-0.0073086932742846824,0.019306820127464975
2384,0.0016727480530288738,-0.0072684693780427348,0.019248421273792522
2385,0.0016597580855519892,-0.0072283274840478206,0.019189938319604055
2386,0.0016468249228147696,-0.0071882678802294058,0.019131372255048972
2387,0.0016339484777681621,-0.0071482908527055414,0.019072724070363551
2388,0.0016211286629407564,-0.0071083966857813478,0.019013994755853244
2389,0.0016083653904408579,-0.0070685856619475537,0.018955185301875122
2390,0.0015956585719585584,-0.0070288580618790477,0.018896296698820203
2391,0.0015830081187678095,-0.00698921416443347,0.018837329937095904
2392,0.0015704139417285037,-0.0069496542466498494,0.018778286007108451
2393,0.0015578759512885473,-0.0069101785837472297,0.018719165899245264
2394,0.0015453940574859473,-0.0068707874491233875,0.018659970603857476
2395,0.0015329681699508969,-0.00683148111435354,0.018600701111242363
2396,0.0015205981979078608,-0.0067922598491891055,0.01854135841162587
2397,0.0015082840501776638,-0.0067531239215564672,0.018481943495145033
2398,0.0014960256351795847,-0.0067140735975558218,0.018422457351830571
2399,0.0014838228609334509,-0.0066751091414600054,0.018362900971589401
2400,0.0014716756350617343,-0.0066362308157133865,0.018303275344187176
2401,0.0014595838647916523,-0.0065974388809307829,0.018243581459230898
2402,0.0014475474569572658,-0.0065587335958964084,0.018183820306151486
2403,0.0014355663180015831,-0.0065201152175628219,0.018123992874186333
2404,0.0014236403539786703,-0.0064815840010499972,0.018064100152362067
2405,0.0014117694705557534,-0.0064431401996443115,0.018004143129477079
2406,0.001399953573015329,-0.0064047840647976405,0.017944122794084229
2407,0.0013881925662572812,-0.0063665158461264845,0.017884040134473589
2408,0.0013764863548009917,-0.0063283357914110851,0.0178238961386551
2409,0.0013648348427874565,-0.0062902441465946014,0.017763691794341323
2410,0.0013532379339814063,-0.0062522411557823284,0.017703428088930218
2411,0.0013416955317734219,-0.0062143270612409094,0.017643106009487847
2412,0.0013302075391820594,-0.0061765021033976259,0.017582726542731252
2413,0.0013187738588559749,-0.0061387665208396851,0.017522290675011241
2414,0.0013073943930760493,-0.0061011205503135706,0.017461799392295255
2415,0.0012960690437575112,-0.0060635644267243733,0.017401253680150181
2416,0.0012847977124520737,-0.0060260983831352186,0.017340654523725296
2417,0.0012735803003500591,-0.005988722650766682,0.017280002907735154
2418,0.0012624167082825332,-0.0059514374589962468,0.017219299816442511
2419,0.0012513068367234397,-0.0059142430353577961,0.017158546233641301
2420,0.0012402505857917376,-0.0058771396055411554,0.017097743142639638
2421,0.0012292478552535378,-0.0058401273933916271,0.017036891526242815
2422,0.0012182985445242387,-0.0058032066209095807,0.016975992366736324
2423,0.0012074025526706699,-0.0057663775082500779,0.01691504664586892
2424,0.0011965597784132347,-0.005729640273722531,0.01685405534483575
2425,0.001185770120128048,-0.0056929951337903583,0.01679301944426137
2426,0.0011750334758490863,-0.0056564423030707302,0.016731939924182971
2427,0.0011643497432703358,-0.0056199819943343159,0.016670817764033567
2428,0.0011537188197479303,-0.0055836144185050281,0.01660965394262507
2429,0.0011431406023023087,-0.005547339784659865,0.016548449438131618
2430,0.0011326149876203565,-0.0055111583000287201,0.016487205228072718
2431,0.0011221418720575647,-0.0054750701699942854,0.016425922289296627
2432,0.0011117211516401811,-0.005439075598091956,0.016364601597963636
2433,0.0011013527220673567,-0.0054031747860097323,0.01630324412952933
2434,0.0010910364787133074,-0.0053673679335882254,0.016241850858728014
2435,0.0010807723166294657,-0.0053316552388206285,0.016180422759556091
2436,0.0010705601305466379,-0.0052960368978527562,0.01611896080525544
2437,0.0010603998148771595,-0.0052605131049830991,0.016057465968296897
2438,0.0010502912637170595,-0.0052250840526629431,0.01599593922036377
2439,0.001040234370848214,-0.0051897499314964585,0.015934381532335281
2440,0.0010302290297405081,-0.0051545109302408723,0.015872793874270135
2441,0.0010202751335539959,-0.0051193672358066447,0.015811177215390056
2442,0.0010103725751410626,-0.0050843190332576895,0.015749532524063414
2443,0.0010005212470485904,-0.0050493665058116387,0.015687860767788886
2444,0.00099072104152011912,-0.0050145098348401028,0.015626162913179094
2445,0.00098097185049800836,-0.0049797491998689871,0.01556443992594427
2446,0.00097127356562560357,-0.0049450847785788262,0.015502692770876009
2447,0.00096162607824940515,-0.0049105167468051778,0.015440922411831065
2448,0.0009520292794212295,-0.0048760452785390068,0.015379129811715101
2449,0.00094248305990037636,-0.0048416705459271205,0.015317315932466515
2450,0.00093298731015579572,-0.0048073927192726308,0.01525548173504028
2451,0.00092354192036825475,-0.004773211967035452,0.01519362817939186
2452,0.00091414678043251008,-0.0047391284558328467,0.015131756224461177
2453,0.00090480177995947103,-0.0047051423504399607,0.015069866828156525
2454,0.00089550680827837025,-0.0046712538137904129,0.015007960947338563
2455,0.00088626175443893109,-0.0046374630069769152,0.014946039537804337
2456,0.00087706650721354105,-0.0046037700892519358,0.014884103554271416
2457,0.00086792095509941459,-0.0045701752180283446,0.014822153950361863
2458,0.00085882498632076985,-0.0045366785488801581,0.014760191678586498
2459,0.00084977848883099427,-0.0045032802355432604,0.014698217690329009
2460,0.00084078135031481933,-0.0044699804299162017,0.014636232935830221
2461,0.00083183345819048352,-0.0044367792820609441,0.014574238364172215
2462,0.00082293469961190941,-0.0044036769402037452,0.014512234923262727
2463,0.00081408496147087088,-0.0043706735507359935,0.014450223559819427
2464,0.00080528413039916832,-0.0043377692582151246,0.014388205219354319
2465,0.00079653209277078918,-0.0043049642053654951,0.014326180846158006
2466,0.00078782873470408779,-0.0042722585330793802,0.014264151383284261
2467,0.00077917394206395135,-0.0042396523804179367,0.014202117772534415
2468,0.00077056760046397021,-0.0042071458846122071,0.014140080954441891
2469,0.00076200959526860764,-0.0041747391810641674,0.014078041868256706
2470,0.00075349981159537438,-0.0041424324033478167,0.014016001451930171
2471,0.00074503813431699357,-0.0041102256832102595,0.013953960642099424
2472,0.00073662444806357036,-0.004078119150572837,0.013891920374072091
2473,0.00072825863722476055,-0.0040461129335322785,0.013829881581810992
2474,0.00071994058595194481,-0.0040142071583619283,0.013767845197918975
2475,0.00071167017816038658,-0.0039824019495129049,0.013705812153623501
2476,0.0007034472975314107,-0.003950697429615407,0.013643783378761669
2477,0.00069527182751456557,-0.0039190937194799628,0.013581759801764985
2478,0.00068714365132979563,-0.0038875909380987747,0.01351974234964437
2479,0.00067906265196959704,-0.003856189202646985,0.013457731947974885
2480,0.0006710287122011951,-0.003824888628484114,0.013395729520880952
2481,0.00066304171456870332,-0.0037936893291554198,0.013333735991021263
2482,0.00065510154139528901,-0.0037625914163933239,0.013271752279573846
2483,0.00064720807478534483,-0.0037315950001188987,0.013209779306221327
2484,0.0006393611966266366,-0.0037007001884432809,0.01314781798913579
2485,0.00063156078859248155,-0.0036699070876692556,0.013085869244964273
2486,0.00062380673214390342,-0.0036392158022927599,0.013023933988813859
2487,0.00061609890853180191,-0.0036086264350045031,0.01296201313423714
2488,0.00060843719879909565,-0.0035781390866914614,0.01290010759321719
2489,0.00060082148378290011,-0.0035477538564386147,0.012838218276153298
2490,0.00059325164411667736,-0.0035174708415305414,0.012776346091846202
2491,0.00058572756023239322,-0.0034872901374531041,0.012714491947483531
2492,0.00057824911236268608,-0.0034572118378952371,0.012652656748625583
2493,0.00057081618054299844,-0.003427236034750536,0.01259084139919032
2494,0.00056342864461375727,-0.0033973628181191784,0.01252904680143953
2495,0.00055608638422251363,-0.0033675922763096449,0.012467273855964149
2496,0.0005487892788260929,-0.0033379244958405192,0.01240552346166989
2497,0.00054153720769277078,-0.0033083595614424974,0.012343796515763509
2498,0.00053433004990440609,-0.0032788975560601656,0.012282093913738213
2499,0.00052716768435859067,-0.0032495385608539052,0.012220416549359457
